Run,Gen,Rule,Fitness,Original_Fitness,Time,all_potential_exits_locations,combine,compare_distance,compare_width,get_max_select_exit,get_min_select_exit,neighbourhood_count_exits,randomly_select_exit,similarity_by_age,similarity_by_gender,subtract
0,0.0,"gate_out=self.get_max_select_exit(model,(compare_width))",0.5717347242836932,0.5717347242836932,1135.7792556285858,1.0,0.0,0.0,1.0,1.0,0.0,0.0,0.0,0.0,0.0,0.0
0,0.0,"gate_out=self.randomly_select_exit(model,(neighbourhood_count_exits))",0.2409063290964532,0.2409063290964532,1135.7792556285858,1.0,0.0,0.0,0.0,0.0,0.0,1.0,1.0,0.0,0.0,0.0
0,0.0,"gate_out=self.get_max_select_exit(model,(similarity_by_age))",0.5751379919739587,0.5751379919739587,1135.7792556285858,1.0,0.0,0.0,0.0,1.0,0.0,0.0,0.0,1.0,0.0,0.0
0,0.0,"gate_out=self.get_max_select_exit(model,(compare_distance))",0.5778655570306459,0.5778655570306459,1135.7792556285858,1.0,0.0,1.0,0.0,1.0,0.0,0.0,0.0,0.0,0.0,0.0
0,0.0,"gate_out=self.get_min_select_exit(model,(self.combine(similarity_by_age,neighbourhood_count_exits)))",0.5747035858236671,0.5747035858236671,1135.7792556285858,1.0,1.0,0.0,0.0,0.0,1.0,1.0,0.0,1.0,0.0,0.0
0,0.0,"gate_out=self.randomly_select_exit(model,(self.subtract(neighbourhood_count_exits,neighbourhood_count_exits)))",0.4108564613225345,0.4108564613225345,1135.7792556285858,1.0,0.0,0.0,0.0,0.0,0.0,2.0,1.0,0.0,0.0,1.0
0,0.0,"gate_out=self.get_min_select_exit(model,(similarity_by_age))",0.5766263451560547,0.5766263451560547,1135.7792556285858,1.0,0.0,0.0,0.0,0.0,1.0,0.0,0.0,1.0,0.0,0.0
0,0.0,"gate_out=self.randomly_select_exit(model,(similarity_by_gender))",0.5492317440439616,0.5492317440439616,1135.7792556285858,1.0,0.0,0.0,0.0,0.0,0.0,0.0,1.0,0.0,1.0,0.0
0,0.0,"gate_out=self.get_min_select_exit(model,(similarity_by_gender))",0.5767902161797149,0.5767902161797149,1135.7792556285858,1.0,0.0,0.0,0.0,0.0,1.0,0.0,0.0,0.0,1.0,0.0
0,0.0,"gate_out=self.get_min_select_exit(model,(compare_width))",0.5725040746282833,0.5725040746282833,1135.7792556285858,1.0,0.0,0.0,1.0,0.0,1.0,0.0,0.0,0.0,0.0,0.0
0,0.0,"gate_out=self.get_min_select_exit(model,(neighbourhood_count_exits))",0.5713131604685936,0.57173893222594,1135.7792556285858,1.0,0.0,0.0,0.0,0.0,1.0,1.0,0.0,0.0,0.0,0.0
0,0.0,"gate_out=self.get_max_select_exit(model,(self.subtract(compare_distance,similarity_by_gender)))",0.5754085925002909,0.5754085925002909,1135.7792556285858,1.0,0.0,1.0,0.0,1.0,0.0,0.0,0.0,0.0,1.0,1.0
0,0.0,"gate_out=self.get_min_select_exit(model,(self.subtract(similarity_by_gender,similarity_by_gender)))",0.5735233604959127,0.5735233604959127,1135.7792556285858,1.0,0.0,0.0,0.0,0.0,1.0,0.0,0.0,0.0,2.0,1.0
0,0.0,"gate_out=self.get_min_select_exit(model,(neighbourhood_count_exits))",0.5713131604685936,0.5713131604685936,1135.7792556285858,1.0,0.0,0.0,0.0,0.0,1.0,1.0,0.0,0.0,0.0,0.0
0,0.0,"gate_out=self.randomly_select_exit(model,(similarity_by_age))",0.5499099646842249,0.5499099646842249,1135.7792556285858,1.0,0.0,0.0,0.0,0.0,0.0,0.0,1.0,1.0,0.0,0.0
0,0.0,"gate_out=self.get_min_select_exit(model,(compare_distance))",0.5742741846730666,0.5777055128169771,1135.7792556285858,1.0,0.0,1.0,0.0,0.0,1.0,0.0,0.0,0.0,0.0,0.0
0,0.0,"gate_out=self.randomly_select_exit(model,(self.subtract(similarity_by_gender,compare_width)))",0.5539764317015713,0.5539764317015713,1135.7792556285858,1.0,0.0,0.0,1.0,0.0,0.0,0.0,1.0,0.0,1.0,1.0
0,0.0,"gate_out=self.randomly_select_exit(model,(similarity_by_gender))",0.5492317440439616,0.5502286660521118,1135.7792556285858,1.0,0.0,0.0,0.0,0.0,0.0,0.0,1.0,0.0,1.0,0.0
0,0.0,"gate_out=self.randomly_select_exit(model,(similarity_by_age))",0.5499099646842249,0.550233693336462,1135.7792556285858,1.0,0.0,0.0,0.0,0.0,0.0,0.0,1.0,1.0,0.0,0.0
0,0.0,"gate_out=self.get_min_select_exit(model,(similarity_by_gender))",0.5767902161797149,0.576791116133023,1135.7792556285858,1.0,0.0,0.0,0.0,0.0,1.0,0.0,0.0,0.0,1.0,0.0
0,0.0,"gate_out=self.randomly_select_exit(model,(compare_distance))",0.30455191391848074,0.30455191391848074,1135.7792556285858,1.0,0.0,1.0,0.0,0.0,0.0,0.0,1.0,0.0,0.0,0.0
0,0.0,"gate_out=self.get_max_select_exit(model,(similarity_by_gender))",0.5726687620129833,0.5726687620129833,1135.7792556285858,1.0,0.0,0.0,0.0,1.0,0.0,0.0,0.0,0.0,1.0,0.0
0,0.0,"gate_out=self.randomly_select_exit(model,(self.combine(neighbourhood_count_exits,compare_distance)))",0.3148249901981985,0.3148249901981985,1135.7792556285858,1.0,1.0,1.0,0.0,0.0,0.0,1.0,1.0,0.0,0.0,0.0
0,0.0,"gate_out=self.randomly_select_exit(model,(self.combine(self.combine(self.subtract(similarity_by_gender,similarity_by_gender),self.subtract(similarity_by_age,compare_distance)),self.combine(self.subtract(neighbourhood_count_exits,neighbourhood_count_exits),self.combine(compare_distance,compare_distance)))))",0.5499704626574541,0.5499704626574541,1135.7792556285858,1.0,4.0,3.0,0.0,0.0,0.0,2.0,1.0,1.0,2.0,3.0
0,0.0,"gate_out=self.randomly_select_exit(model,(compare_width))",0.5514034324082473,0.5514034324082473,1135.7792556285858,1.0,0.0,0.0,1.0,0.0,0.0,0.0,1.0,0.0,0.0,0.0
0,0.0,"gate_out=self.get_min_select_exit(model,(compare_distance))",0.5742741846730666,0.5742741846730666,1135.7792556285858,1.0,0.0,1.0,0.0,0.0,1.0,0.0,0.0,0.0,0.0,0.0
0,0.0,"gate_out=self.get_max_select_exit(model,(similarity_by_age))",0.5751379919739587,0.5756078429390188,1135.7792556285858,1.0,0.0,0.0,0.0,1.0,0.0,0.0,0.0,1.0,0.0,0.0
0,0.0,"gate_out=self.get_max_select_exit(model,(neighbourhood_count_exits))",0.5763841713043372,0.5763841713043372,1135.7792556285858,1.0,0.0,0.0,0.0,1.0,0.0,1.0,0.0,0.0,0.0,0.0
0,0.0,"gate_out=self.randomly_select_exit(model,(self.combine(similarity_by_gender,compare_distance)))",0.5503378872221099,0.5503378872221099,1135.7792556285858,1.0,1.0,1.0,0.0,0.0,0.0,0.0,1.0,0.0,1.0,0.0
0,0.0,"gate_out=self.get_min_select_exit(model,(self.subtract(self.combine(similarity_by_gender,similarity_by_age),similarity_by_age)))",0.5782677524715377,0.5782677524715377,1135.7792556285858,1.0,1.0,0.0,0.0,0.0,1.0,0.0,0.0,2.0,1.0,1.0
0,1.0,"gate_out=self.randomly_select_exit(model,(self.subtract(neighbourhood_count_exits,neighbourhood_count_exits)))",0.2442336843603674,0.2442336843603674,2845.0945982933044,1.0,0.0,0.0,0.0,0.0,0.0,2.0,1.0,0.0,0.0,1.0
0,1.0,"gate_out=self.randomly_select_exit(model,(self.subtract(neighbourhood_count_exits,neighbourhood_count_exits)))",0.2442336843603674,0.3368480104131228,2845.0945982933044,1.0,0.0,0.0,0.0,0.0,0.0,2.0,1.0,0.0,0.0,1.0
0,1.0,"gate_out=self.get_max_select_exit(model,(self.subtract(compare_distance,similarity_by_gender)))",0.5752145586880929,0.5752145586880929,2845.0945982933044,1.0,0.0,1.0,0.0,1.0,0.0,0.0,0.0,0.0,1.0,1.0
0,1.0,"gate_out=self.randomly_select_exit(model,(self.subtract(compare_distance,compare_distance)))",0.2937390720920659,0.2937390720920659,2845.0945982933044,1.0,0.0,2.0,0.0,0.0,0.0,0.0,1.0,0.0,0.0,1.0
0,1.0,"gate_out=self.randomly_select_exit(model,(similarity_by_gender))",0.5492317440439616,0.5497376630234807,2845.0945982933044,1.0,0.0,0.0,0.0,0.0,0.0,0.0,1.0,0.0,1.0,0.0
0,1.0,"gate_out=self.randomly_select_exit(model,(similarity_by_gender))",0.5492317440439616,0.5492479705246754,2845.0945982933044,1.0,0.0,0.0,0.0,0.0,0.0,0.0,1.0,0.0,1.0,0.0
0,1.0,"gate_out=self.randomly_select_exit(model,(compare_distance))",0.30455191391848074,0.3179377421599436,2845.0945982933044,1.0,0.0,1.0,0.0,0.0,0.0,0.0,1.0,0.0,0.0,0.0
0,1.0,"gate_out=self.randomly_select_exit(model,(self.combine(neighbourhood_count_exits,compare_distance)))",0.2482486104348547,0.2823925458472165,2845.0945982933044,1.0,1.0,1.0,0.0,0.0,0.0,1.0,1.0,0.0,0.0,0.0
0,1.0,"gate_out=self.get_min_select_exit(model,(similarity_by_age))",0.5744514154637148,0.5744514154637148,2845.0945982933044,1.0,0.0,0.0,0.0,0.0,1.0,0.0,0.0,1.0,0.0,0.0
0,1.0,"gate_out=self.randomly_select_exit(model,(neighbourhood_count_exits))",0.2409063290964532,0.32374421722367336,2845.0945982933044,1.0,0.0,0.0,0.0,0.0,0.0,1.0,1.0,0.0,0.0,0.0
0,1.0,"gate_out=self.get_min_select_exit(model,(self.subtract(self.combine(similarity_by_gender,compare_distance),self.subtract(self.subtract(neighbourhood_count_exits,self.subtract(neighbourhood_count_exits,compare_distance)),self.subtract(similarity_by_gender,self.combine(similarity_by_age,similarity_by_age))))))",0.576365638719903,0.576365638719903,2845.0945982933044,1.0,2.0,2.0,0.0,0.0,1.0,2.0,0.0,2.0,2.0,5.0
0,1.0,"gate_out=self.randomly_select_exit(model,(similarity_by_age))",0.5491442293946028,0.5491442293946028,2845.0945982933044,1.0,0.0,0.0,0.0,0.0,0.0,0.0,1.0,1.0,0.0,0.0
0,1.0,"gate_out=self.get_max_select_exit(model,(self.combine(self.subtract(similarity_by_gender,neighbourhood_count_exits),similarity_by_age)))",0.5727003575425298,0.5727003575425298,2845.0945982933044,1.0,1.0,0.0,0.0,1.0,0.0,1.0,0.0,1.0,1.0,1.0
0,1.0,"gate_out=self.randomly_select_exit(model,(similarity_by_gender))",0.5492317440439616,0.5498911552742131,2845.0945982933044,1.0,0.0,0.0,0.0,0.0,0.0,0.0,1.0,0.0,1.0,0.0
0,1.0,"gate_out=self.randomly_select_exit(model,(neighbourhood_count_exits))",0.2409063290964532,0.35766847728569,2845.0945982933044,1.0,0.0,0.0,0.0,0.0,0.0,1.0,1.0,0.0,0.0,0.0
0,1.0,"gate_out=self.randomly_select_exit(model,(similarity_by_gender))",0.5492317440439616,0.5510074011959475,2845.0945982933044,1.0,0.0,0.0,0.0,0.0,0.0,0.0,1.0,0.0,1.0,0.0
0,1.0,"gate_out=self.randomly_select_exit(model,(similarity_by_age))",0.5491442293946028,0.5505117051902657,2845.0945982933044,1.0,0.0,0.0,0.0,0.0,0.0,0.0,1.0,1.0,0.0,0.0
0,1.0,"gate_out=self.randomly_select_exit(model,(neighbourhood_count_exits))",0.2409063290964532,0.2516404317757521,2845.0945982933044,1.0,0.0,0.0,0.0,0.0,0.0,1.0,1.0,0.0,0.0,0.0
0,1.0,"gate_out=self.randomly_select_exit(model,(self.combine(self.combine(self.subtract(similarity_by_gender,similarity_by_gender),self.subtract(similarity_by_age,compare_distance)),self.combine(self.subtract(neighbourhood_count_exits,neighbourhood_count_exits),self.combine(compare_width,self.combine(compare_width,compare_width))))))",0.5519478718086006,0.5519478718086006,2845.0945982933044,1.0,5.0,1.0,3.0,0.0,0.0,2.0,1.0,1.0,2.0,3.0
0,1.0,"gate_out=self.randomly_select_exit(model,(neighbourhood_count_exits))",0.2409063290964532,0.4144696734824064,2845.0945982933044,1.0,0.0,0.0,0.0,0.0,0.0,1.0,1.0,0.0,0.0,0.0
0,1.0,"gate_out=self.randomly_select_exit(model,(self.subtract(self.combine(neighbourhood_count_exits,compare_width),self.combine(compare_distance,similarity_by_age))))",0.5500358775578663,0.5500358775578663,2845.0945982933044,1.0,2.0,1.0,1.0,0.0,0.0,1.0,1.0,1.0,0.0,1.0
0,1.0,"gate_out=self.get_min_select_exit(model,(neighbourhood_count_exits))",0.5713131604685936,0.5722254661507434,2845.0945982933044,1.0,0.0,0.0,0.0,0.0,1.0,1.0,0.0,0.0,0.0,0.0
0,1.0,"gate_out=self.randomly_select_exit(model,(compare_distance))",0.30455191391848074,0.33860538478333924,2845.0945982933044,1.0,0.0,1.0,0.0,0.0,0.0,0.0,1.0,0.0,0.0,0.0
0,1.0,"gate_out=self.get_max_select_exit(model,(self.subtract(self.combine(self.subtract(self.subtract(similarity_by_age,similarity_by_age),compare_distance),self.combine(compare_distance,self.combine(compare_distance,compare_width))),similarity_by_gender)))",0.5760670400511972,0.5760670400511972,2845.0945982933044,1.0,3.0,3.0,1.0,1.0,0.0,0.0,0.0,2.0,1.0,3.0
0,1.0,"gate_out=self.get_min_select_exit(model,(similarity_by_gender))",0.5758710074140043,0.5758710074140043,2845.0945982933044,1.0,0.0,0.0,0.0,0.0,1.0,0.0,0.0,0.0,1.0,0.0
0,1.0,"gate_out=self.get_min_select_exit(model,(compare_distance))",0.5742741846730666,0.5763753309151329,2845.0945982933044,1.0,0.0,1.0,0.0,0.0,1.0,0.0,0.0,0.0,0.0,0.0
0,1.0,"gate_out=self.get_min_select_exit(model,(self.subtract(similarity_by_gender,similarity_by_gender)))",0.5727394854473018,0.5744408883262091,2845.0945982933044,1.0,0.0,0.0,0.0,0.0,1.0,0.0,0.0,0.0,2.0,1.0
0,1.0,"gate_out=self.get_min_select_exit(model,(self.subtract(similarity_by_gender,similarity_by_gender)))",0.5727394854473018,0.5727394854473018,2845.0945982933044,1.0,0.0,0.0,0.0,0.0,1.0,0.0,0.0,0.0,2.0,1.0
0,1.0,"gate_out=self.randomly_select_exit(model,(similarity_by_gender))",0.5492317440439616,0.5504001447026714,2845.0945982933044,1.0,0.0,0.0,0.0,0.0,0.0,0.0,1.0,0.0,1.0,0.0
0,1.0,"gate_out=self.randomly_select_exit(model,(self.combine(neighbourhood_count_exits,compare_distance)))",0.2482486104348547,0.2482486104348547,2845.0945982933044,1.0,1.0,1.0,0.0,0.0,0.0,1.0,1.0,0.0,0.0,0.0
0,2.0,"gate_out=self.randomly_select_exit(model,(neighbourhood_count_exits))",0.2276636559919081,0.2745618157414329,5101.360306262971,1.0,0.0,0.0,0.0,0.0,0.0,1.0,1.0,0.0,0.0,0.0
0,2.0,"gate_out=self.randomly_select_exit(model,(compare_distance))",0.30455191391848074,0.3629499067053083,5101.360306262971,1.0,0.0,1.0,0.0,0.0,0.0,0.0,1.0,0.0,0.0,0.0
0,2.0,"gate_out=self.randomly_select_exit(model,(self.subtract(neighbourhood_count_exits,neighbourhood_count_exits)))",0.2442336843603674,0.31271601648756264,5101.360306262971,1.0,0.0,0.0,0.0,0.0,0.0,2.0,1.0,0.0,0.0,1.0
0,2.0,"gate_out=self.randomly_select_exit(model,(neighbourhood_count_exits))",0.2276636559919081,0.4177914493852141,5101.360306262971,1.0,0.0,0.0,0.0,0.0,0.0,1.0,1.0,0.0,0.0,0.0
0,2.0,"gate_out=self.randomly_select_exit(model,(self.subtract(neighbourhood_count_exits,neighbourhood_count_exits)))",0.2442336843603674,0.4948734384482563,5101.360306262971,1.0,0.0,0.0,0.0,0.0,0.0,2.0,1.0,0.0,0.0,1.0
0,2.0,"gate_out=self.randomly_select_exit(model,(similarity_by_gender))",0.5492317440439616,0.5499898612475513,5101.360306262971,1.0,0.0,0.0,0.0,0.0,0.0,0.0,1.0,0.0,1.0,0.0
0,2.0,"gate_out=self.randomly_select_exit(model,(similarity_by_gender))",0.5492317440439616,0.5496898928526838,5101.360306262971,1.0,0.0,0.0,0.0,0.0,0.0,0.0,1.0,0.0,1.0,0.0
0,2.0,"gate_out=self.randomly_select_exit(model,(self.combine(neighbourhood_count_exits,compare_distance)))",0.22993598721552705,0.2772539062045994,5101.360306262971,1.0,1.0,1.0,0.0,0.0,0.0,1.0,1.0,0.0,0.0,0.0
0,2.0,"gate_out=self.randomly_select_exit(model,(compare_distance))",0.30455191391848074,0.5502221717234013,5101.360306262971,1.0,0.0,1.0,0.0,0.0,0.0,0.0,1.0,0.0,0.0,0.0
0,2.0,"gate_out=self.randomly_select_exit(model,(self.combine(neighbourhood_count_exits,neighbourhood_count_exits)))",0.2865667143679024,0.2865667143679024,5101.360306262971,1.0,1.0,0.0,0.0,0.0,0.0,2.0,1.0,0.0,0.0,0.0
0,2.0,"gate_out=self.randomly_select_exit(model,(neighbourhood_count_exits))",0.2276636559919081,0.2652561720632203,5101.360306262971,1.0,0.0,0.0,0.0,0.0,0.0,1.0,1.0,0.0,0.0,0.0
0,2.0,"gate_out=self.randomly_select_exit(model,(self.subtract(compare_width,self.combine(neighbourhood_count_exits,similarity_by_age))))",0.5503856824912552,0.5503856824912552,5101.360306262971,1.0,1.0,0.0,1.0,0.0,0.0,1.0,1.0,1.0,0.0,1.0
0,2.0,"gate_out=self.randomly_select_exit(model,(self.combine(neighbourhood_count_exits,compare_distance)))",0.22993598721552705,0.2764312456009219,5101.360306262971,1.0,1.0,1.0,0.0,0.0,0.0,1.0,1.0,0.0,0.0,0.0
0,2.0,"gate_out=self.randomly_select_exit(model,(self.combine(neighbourhood_count_exits,compare_distance)))",0.22993598721552705,0.22993598721552705,5101.360306262971,1.0,1.0,1.0,0.0,0.0,0.0,1.0,1.0,0.0,0.0,0.0
0,2.0,"gate_out=self.randomly_select_exit(model,(self.subtract(self.combine(self.combine(self.combine(similarity_by_gender,neighbourhood_count_exits),similarity_by_gender),self.subtract(similarity_by_gender,similarity_by_gender)),neighbourhood_count_exits)))",0.5500068713864802,0.5500068713864802,5101.360306262971,1.0,3.0,0.0,0.0,0.0,0.0,2.0,1.0,0.0,4.0,2.0
0,2.0,"gate_out=self.randomly_select_exit(model,(compare_distance))",0.30455191391848074,0.3808056548512263,5101.360306262971,1.0,0.0,1.0,0.0,0.0,0.0,0.0,1.0,0.0,0.0,0.0
0,2.0,"gate_out=self.randomly_select_exit(model,(self.subtract(neighbourhood_count_exits,neighbourhood_count_exits)))",0.2442336843603674,0.44788243228232383,5101.360306262971,1.0,0.0,0.0,0.0,0.0,0.0,2.0,1.0,0.0,0.0,1.0
0,2.0,"gate_out=self.randomly_select_exit(model,(similarity_by_age))",0.5490233556879539,0.5490233556879539,5101.360306262971,1.0,0.0,0.0,0.0,0.0,0.0,0.0,1.0,1.0,0.0,0.0
0,2.0,"gate_out=self.randomly_select_exit(model,(self.subtract(self.combine(neighbourhood_count_exits,compare_width),self.subtract(self.subtract(neighbourhood_count_exits,compare_distance),self.combine(similarity_by_age,compare_width)))))",0.5504984184074444,0.5504984184074444,5101.360306262971,1.0,2.0,1.0,2.0,0.0,0.0,2.0,1.0,1.0,0.0,3.0
0,2.0,"gate_out=self.get_min_select_exit(model,(compare_distance))",0.5742741846730666,0.5780868353867699,5101.360306262971,1.0,0.0,1.0,0.0,0.0,1.0,0.0,0.0,0.0,0.0,0.0
0,2.0,"gate_out=self.randomly_select_exit(model,(self.combine(neighbourhood_count_exits,compare_distance)))",0.22993598721552705,0.3354523741618968,5101.360306262971,1.0,1.0,1.0,0.0,0.0,0.0,1.0,1.0,0.0,0.0,0.0
0,2.0,"gate_out=self.get_min_select_exit(model,(self.subtract(similarity_by_gender,similarity_by_gender)))",0.5727394854473018,0.5740222483961349,5101.360306262971,1.0,0.0,0.0,0.0,0.0,1.0,0.0,0.0,0.0,2.0,1.0
0,2.0,"gate_out=self.randomly_select_exit(model,(self.combine(neighbourhood_count_exits,compare_distance)))",0.22993598721552705,0.27207901574249505,5101.360306262971,1.0,1.0,1.0,0.0,0.0,0.0,1.0,1.0,0.0,0.0,0.0
0,2.0,"gate_out=self.randomly_select_exit(model,(self.combine(self.combine(compare_distance,similarity_by_age),self.combine(similarity_by_gender,neighbourhood_count_exits))))",0.5061687233116275,0.5061687233116275,5101.360306262971,1.0,3.0,1.0,0.0,0.0,0.0,1.0,1.0,1.0,1.0,0.0
0,2.0,"gate_out=self.randomly_select_exit(model,(neighbourhood_count_exits))",0.2276636559919081,0.5071035934946709,5101.360306262971,1.0,0.0,0.0,0.0,0.0,0.0,1.0,1.0,0.0,0.0,0.0
0,2.0,"gate_out=self.randomly_select_exit(model,(compare_distance))",0.30455191391848074,0.37551977672648257,5101.360306262971,1.0,0.0,1.0,0.0,0.0,0.0,0.0,1.0,0.0,0.0,0.0
0,2.0,"gate_out=self.randomly_select_exit(model,(neighbourhood_count_exits))",0.2276636559919081,0.2791104710517896,5101.360306262971,1.0,0.0,0.0,0.0,0.0,0.0,1.0,1.0,0.0,0.0,0.0
0,2.0,"gate_out=self.randomly_select_exit(model,(neighbourhood_count_exits))",0.2276636559919081,0.2276636559919081,5101.360306262971,1.0,0.0,0.0,0.0,0.0,0.0,1.0,1.0,0.0,0.0,0.0
0,2.0,"gate_out=self.get_max_select_exit(model,(self.subtract(neighbourhood_count_exits,self.combine(neighbourhood_count_exits,similarity_by_age))))",0.5786141564926925,0.5786141564926925,5101.360306262971,1.0,1.0,0.0,0.0,1.0,0.0,2.0,0.0,1.0,0.0,1.0
0,2.0,"gate_out=self.randomly_select_exit(model,(self.subtract(neighbourhood_count_exits,neighbourhood_count_exits)))",0.2442336843603674,0.3412056341772781,5101.360306262971,1.0,0.0,0.0,0.0,0.0,0.0,2.0,1.0,0.0,0.0,1.0
0,3.0,"gate_out=self.randomly_select_exit(model,(self.subtract(neighbourhood_count_exits,neighbourhood_count_exits)))",0.2254637115993308,0.2254637115993308,7484.126170396806,1.0,0.0,0.0,0.0,0.0,0.0,2.0,1.0,0.0,0.0,1.0
0,3.0,"gate_out=self.randomly_select_exit(model,(self.combine(neighbourhood_count_exits,neighbourhood_count_exits)))",0.19064362103578392,0.19064362103578392,7484.126170396806,1.0,1.0,0.0,0.0,0.0,0.0,2.0,1.0,0.0,0.0,0.0
0,3.0,"gate_out=self.randomly_select_exit(model,(self.subtract(neighbourhood_count_exits,self.subtract(neighbourhood_count_exits,neighbourhood_count_exits))))",0.2316687850935913,0.2316687850935913,7484.126170396806,1.0,0.0,0.0,0.0,0.0,0.0,3.0,1.0,0.0,0.0,2.0
0,3.0,"gate_out=self.randomly_select_exit(model,(neighbourhood_count_exits))",0.2276636559919081,0.2604328896666364,7484.126170396806,1.0,0.0,0.0,0.0,0.0,0.0,1.0,1.0,0.0,0.0,0.0
0,3.0,"gate_out=self.randomly_select_exit(model,(neighbourhood_count_exits))",0.2276636559919081,0.33251239593523785,7484.126170396806,1.0,0.0,0.0,0.0,0.0,0.0,1.0,1.0,0.0,0.0,0.0
0,3.0,"gate_out=self.randomly_select_exit(model,(similarity_by_gender))",0.5487134075261925,0.5498595996081067,7484.126170396806,1.0,0.0,0.0,0.0,0.0,0.0,0.0,1.0,0.0,1.0,0.0
0,3.0,"gate_out=self.randomly_select_exit(model,(compare_distance))",0.2803081357433417,0.30280702649287,7484.126170396806,1.0,0.0,1.0,0.0,0.0,0.0,0.0,1.0,0.0,0.0,0.0
0,3.0,"gate_out=self.randomly_select_exit(model,(neighbourhood_count_exits))",0.2276636559919081,0.3525961610758135,7484.126170396806,1.0,0.0,0.0,0.0,0.0,0.0,1.0,1.0,0.0,0.0,0.0
0,3.0,"gate_out=self.randomly_select_exit(model,(self.combine(neighbourhood_count_exits,compare_distance)))",0.18402643758529685,0.31135278876808425,7484.126170396806,1.0,1.0,1.0,0.0,0.0,0.0,1.0,1.0,0.0,0.0,0.0
0,3.0,"gate_out=self.randomly_select_exit(model,(self.subtract(self.combine(similarity_by_gender,self.combine(compare_distance,compare_width)),self.combine(self.combine(compare_width,compare_distance),self.subtract(neighbourhood_count_exits,compare_width)))))",0.5541362823421709,0.5541362823421709,7484.126170396806,1.0,4.0,2.0,3.0,0.0,0.0,1.0,1.0,0.0,1.0,2.0
0,3.0,"gate_out=self.randomly_select_exit(model,(neighbourhood_count_exits))",0.2276636559919081,0.33258952914496115,7484.126170396806,1.0,0.0,0.0,0.0,0.0,0.0,1.0,1.0,0.0,0.0,0.0
0,3.0,"gate_out=self.randomly_select_exit(model,(self.subtract(neighbourhood_count_exits,neighbourhood_count_exits)))",0.2254637115993308,0.2459759602873546,7484.126170396806,1.0,0.0,0.0,0.0,0.0,0.0,2.0,1.0,0.0,0.0,1.0
0,3.0,"gate_out=self.randomly_select_exit(model,(neighbourhood_count_exits))",0.2276636559919081,0.2596992468921071,7484.126170396806,1.0,0.0,0.0,0.0,0.0,0.0,1.0,1.0,0.0,0.0,0.0
0,3.0,"gate_out=self.randomly_select_exit(model,(similarity_by_gender))",0.5487134075261925,0.5487134075261925,7484.126170396806,1.0,0.0,0.0,0.0,0.0,0.0,0.0,1.0,0.0,1.0,0.0
0,3.0,"gate_out=self.randomly_select_exit(model,(compare_distance))",0.2803081357433417,0.40813885158881735,7484.126170396806,1.0,0.0,1.0,0.0,0.0,0.0,0.0,1.0,0.0,0.0,0.0
0,3.0,"gate_out=self.randomly_select_exit(model,(self.combine(neighbourhood_count_exits,compare_distance)))",0.18402643758529685,0.18402643758529685,7484.126170396806,1.0,1.0,1.0,0.0,0.0,0.0,1.0,1.0,0.0,0.0,0.0
0,3.0,"gate_out=self.get_max_select_exit(model,(self.combine(compare_distance,similarity_by_age)))",0.578567100753787,0.578567100753787,7484.126170396806,1.0,1.0,1.0,0.0,1.0,0.0,0.0,0.0,1.0,0.0,0.0
0,3.0,"gate_out=self.randomly_select_exit(model,(neighbourhood_count_exits))",0.2276636559919081,0.2462714621515573,7484.126170396806,1.0,0.0,0.0,0.0,0.0,0.0,1.0,1.0,0.0,0.0,0.0
0,3.0,"gate_out=self.randomly_select_exit(model,(compare_distance))",0.2803081357433417,0.2997481290435276,7484.126170396806,1.0,0.0,1.0,0.0,0.0,0.0,0.0,1.0,0.0,0.0,0.0
0,3.0,"gate_out=self.randomly_select_exit(model,(self.combine(neighbourhood_count_exits,neighbourhood_count_exits)))",0.19064362103578392,0.2783441821109157,7484.126170396806,1.0,1.0,0.0,0.0,0.0,0.0,2.0,1.0,0.0,0.0,0.0
0,3.0,"gate_out=self.randomly_select_exit(model,(self.subtract(neighbourhood_count_exits,neighbourhood_count_exits)))",0.2254637115993308,0.28866423503518057,7484.126170396806,1.0,0.0,0.0,0.0,0.0,0.0,2.0,1.0,0.0,0.0,1.0
0,3.0,"gate_out=self.randomly_select_exit(model,(neighbourhood_count_exits))",0.2276636559919081,0.2832456530795967,7484.126170396806,1.0,0.0,0.0,0.0,0.0,0.0,1.0,1.0,0.0,0.0,0.0
0,3.0,"gate_out=self.randomly_select_exit(model,(compare_distance))",0.2803081357433417,0.2803081357433417,7484.126170396806,1.0,0.0,1.0,0.0,0.0,0.0,0.0,1.0,0.0,0.0,0.0
0,3.0,"gate_out=self.randomly_select_exit(model,(self.combine(neighbourhood_count_exits,compare_distance)))",0.18402643758529685,0.3330068307380321,7484.126170396806,1.0,1.0,1.0,0.0,0.0,0.0,1.0,1.0,0.0,0.0,0.0
0,3.0,"gate_out=self.randomly_select_exit(model,(compare_distance))",0.2803081357433417,0.4183115190025312,7484.126170396806,1.0,0.0,1.0,0.0,0.0,0.0,0.0,1.0,0.0,0.0,0.0
0,3.0,"gate_out=self.randomly_select_exit(model,(neighbourhood_count_exits))",0.2276636559919081,0.28791293423641184,7484.126170396806,1.0,0.0,0.0,0.0,0.0,0.0,1.0,1.0,0.0,0.0,0.0
0,3.0,"gate_out=self.randomly_select_exit(model,(compare_width))",0.5514034324082473,0.5525701216117059,7484.126170396806,1.0,0.0,0.0,1.0,0.0,0.0,0.0,1.0,0.0,0.0,0.0
0,3.0,"gate_out=self.randomly_select_exit(model,(self.combine(neighbourhood_count_exits,compare_distance)))",0.18402643758529685,0.3095329980350352,7484.126170396806,1.0,1.0,1.0,0.0,0.0,0.0,1.0,1.0,0.0,0.0,0.0
0,3.0,"gate_out=self.randomly_select_exit(model,(self.combine(neighbourhood_count_exits,compare_distance)))",0.18402643758529685,0.3705531421695489,7484.126170396806,1.0,1.0,1.0,0.0,0.0,0.0,1.0,1.0,0.0,0.0,0.0
0,3.0,"gate_out=self.randomly_select_exit(model,(self.combine(self.combine(compare_distance,similarity_by_age),self.combine(similarity_by_gender,neighbourhood_count_exits))))",0.29382059451458264,0.29382059451458264,7484.126170396806,1.0,3.0,1.0,0.0,0.0,0.0,1.0,1.0,1.0,1.0,0.0
0,4.0,"gate_out=self.randomly_select_exit(model,(self.subtract(neighbourhood_count_exits,self.combine(neighbourhood_count_exits,compare_distance))))",0.5493358896735664,0.5493358896735664,9444.564762830734,1.0,1.0,1.0,0.0,0.0,0.0,2.0,1.0,0.0,0.0,1.0
0,4.0,"gate_out=self.randomly_select_exit(model,(neighbourhood_count_exits))",0.2276636559919081,0.32909489043837353,9444.564762830734,1.0,0.0,0.0,0.0,0.0,0.0,1.0,1.0,0.0,0.0,0.0
0,4.0,"gate_out=self.randomly_select_exit(model,(compare_distance))",0.26853230949784285,0.4742023696901185,9444.564762830734,1.0,0.0,1.0,0.0,0.0,0.0,0.0,1.0,0.0,0.0,0.0
0,4.0,"gate_out=self.randomly_select_exit(model,(self.combine(neighbourhood_count_exits,compare_distance)))",0.18402643758529685,0.5500932451183553,9444.564762830734,1.0,1.0,1.0,0.0,0.0,0.0,1.0,1.0,0.0,0.0,0.0
0,4.0,"gate_out=self.randomly_select_exit(model,(self.combine(neighbourhood_count_exits,neighbourhood_count_exits)))",0.19064362103578392,0.3083290940962932,9444.564762830734,1.0,1.0,0.0,0.0,0.0,0.0,2.0,1.0,0.0,0.0,0.0
0,4.0,"gate_out=self.get_min_select_exit(model,(self.subtract(similarity_by_gender,neighbourhood_count_exits)))",0.5762290606836452,0.5762290606836452,9444.564762830734,1.0,0.0,0.0,0.0,0.0,1.0,1.0,0.0,0.0,1.0,1.0
0,4.0,"gate_out=self.randomly_select_exit(model,(self.combine(neighbourhood_count_exits,self.combine(neighbourhood_count_exits,compare_distance))))",0.24026708487193804,0.24026708487193804,9444.564762830734,1.0,2.0,1.0,0.0,0.0,0.0,2.0,1.0,0.0,0.0,0.0
0,4.0,"gate_out=self.randomly_select_exit(model,(compare_distance))",0.26853230949784285,0.26853230949784285,9444.564762830734,1.0,0.0,1.0,0.0,0.0,0.0,0.0,1.0,0.0,0.0,0.0
0,4.0,"gate_out=self.randomly_select_exit(model,(self.combine(neighbourhood_count_exits,compare_distance)))",0.18402643758529685,0.23407597884369424,9444.564762830734,1.0,1.0,1.0,0.0,0.0,0.0,1.0,1.0,0.0,0.0,0.0
0,4.0,"gate_out=self.randomly_select_exit(model,(self.combine(neighbourhood_count_exits,compare_distance)))",0.18402643758529685,0.2838577645948672,9444.564762830734,1.0,1.0,1.0,0.0,0.0,0.0,1.0,1.0,0.0,0.0,0.0
0,4.0,"gate_out=self.randomly_select_exit(model,(self.combine(neighbourhood_count_exits,compare_distance)))",0.18402643758529685,0.35531600885062714,9444.564762830734,1.0,1.0,1.0,0.0,0.0,0.0,1.0,1.0,0.0,0.0,0.0
0,4.0,"gate_out=self.randomly_select_exit(model,(self.subtract(neighbourhood_count_exits,neighbourhood_count_exits)))",0.2254637115993308,0.3115777455658045,9444.564762830734,1.0,0.0,0.0,0.0,0.0,0.0,2.0,1.0,0.0,0.0,1.0
0,4.0,"gate_out=self.randomly_select_exit(model,(self.combine(self.subtract(self.combine(similarity_by_gender,neighbourhood_count_exits),self.combine(compare_distance,neighbourhood_count_exits)),compare_distance)))",0.5500925146313149,0.5500925146313149,9444.564762830734,1.0,3.0,2.0,0.0,0.0,0.0,2.0,1.0,0.0,1.0,1.0
0,4.0,"gate_out=self.randomly_select_exit(model,(self.combine(neighbourhood_count_exits,neighbourhood_count_exits)))",0.19064362103578392,0.3627518969030426,9444.564762830734,1.0,1.0,0.0,0.0,0.0,0.0,2.0,1.0,0.0,0.0,0.0
0,4.0,"gate_out=self.randomly_select_exit(model,(self.combine(neighbourhood_count_exits,compare_distance)))",0.18402643758529685,0.3327468376325984,9444.564762830734,1.0,1.0,1.0,0.0,0.0,0.0,1.0,1.0,0.0,0.0,0.0
0,4.0,"gate_out=self.randomly_select_exit(model,(self.combine(neighbourhood_count_exits,compare_distance)))",0.18402643758529685,0.2877270254587176,9444.564762830734,1.0,1.0,1.0,0.0,0.0,0.0,1.0,1.0,0.0,0.0,0.0
0,4.0,"gate_out=self.randomly_select_exit(model,(self.combine(self.subtract(self.subtract(neighbourhood_count_exits,compare_width),self.combine(compare_width,neighbourhood_count_exits)),compare_distance)))",0.3817427976812556,0.3817427976812556,9444.564762830734,1.0,2.0,1.0,2.0,0.0,0.0,2.0,1.0,0.0,0.0,2.0
0,4.0,"gate_out=self.randomly_select_exit(model,(neighbourhood_count_exits))",0.2276636559919081,0.2869307470134318,9444.564762830734,1.0,0.0,0.0,0.0,0.0,0.0,1.0,1.0,0.0,0.0,0.0
0,4.0,"gate_out=self.randomly_select_exit(model,(self.subtract(neighbourhood_count_exits,neighbourhood_count_exits)))",0.2254637115993308,0.3115895473249903,9444.564762830734,1.0,0.0,0.0,0.0,0.0,0.0,2.0,1.0,0.0,0.0,1.0
0,4.0,"gate_out=self.randomly_select_exit(model,(self.combine(neighbourhood_count_exits,compare_distance)))",0.18402643758529685,0.34494774280601515,9444.564762830734,1.0,1.0,1.0,0.0,0.0,0.0,1.0,1.0,0.0,0.0,0.0
0,4.0,"gate_out=self.randomly_select_exit(model,(self.combine(neighbourhood_count_exits,neighbourhood_count_exits)))",0.19064362103578392,0.2936090946800402,9444.564762830734,1.0,1.0,0.0,0.0,0.0,0.0,2.0,1.0,0.0,0.0,0.0
0,4.0,"gate_out=self.get_max_select_exit(model,(self.subtract(compare_width,self.combine(compare_distance,similarity_by_age))))",0.5761768050456537,0.5761768050456537,9444.564762830734,1.0,1.0,1.0,1.0,1.0,0.0,0.0,0.0,1.0,0.0,1.0
0,4.0,"gate_out=self.randomly_select_exit(model,(neighbourhood_count_exits))",0.2276636559919081,0.27174754273063423,9444.564762830734,1.0,0.0,0.0,0.0,0.0,0.0,1.0,1.0,0.0,0.0,0.0
0,4.0,"gate_out=self.randomly_select_exit(model,(self.combine(neighbourhood_count_exits,self.combine(self.combine(self.combine(neighbourhood_count_exits,compare_width),self.combine(compare_distance,similarity_by_age)),compare_distance))))",0.5495918124786969,0.5495918124786969,9444.564762830734,1.0,5.0,2.0,1.0,0.0,0.0,2.0,1.0,1.0,0.0,0.0
0,4.0,"gate_out=self.randomly_select_exit(model,(self.combine(neighbourhood_count_exits,self.subtract(self.combine(self.subtract(neighbourhood_count_exits,similarity_by_gender),similarity_by_gender),self.subtract(self.subtract(compare_width,similarity_by_age),self.subtract(similarity_by_age,similarity_by_age))))))",0.5501385630524736,0.5501385630524736,9444.564762830734,1.0,2.0,0.0,1.0,0.0,0.0,2.0,1.0,3.0,2.0,5.0
0,5.0,"gate_out=self.randomly_select_exit(model,(self.combine(neighbourhood_count_exits,neighbourhood_count_exits)))",0.19064362103578392,0.299421668230111,11495.273157119751,1.0,1.0,0.0,0.0,0.0,0.0,2.0,1.0,0.0,0.0,0.0
0,5.0,"gate_out=self.randomly_select_exit(model,(self.combine(neighbourhood_count_exits,compare_distance)))",0.18402643758529685,0.2392386012676522,11495.273157119751,1.0,1.0,1.0,0.0,0.0,0.0,1.0,1.0,0.0,0.0,0.0
0,5.0,"gate_out=self.randomly_select_exit(model,(self.combine(neighbourhood_count_exits,compare_distance)))",0.18402643758529685,0.2871313669636957,11495.273157119751,1.0,1.0,1.0,0.0,0.0,0.0,1.0,1.0,0.0,0.0,0.0
0,5.0,"gate_out=self.randomly_select_exit(model,(self.combine(neighbourhood_count_exits,compare_distance)))",0.18402643758529685,0.3185738283485011,11495.273157119751,1.0,1.0,1.0,0.0,0.0,0.0,1.0,1.0,0.0,0.0,0.0
0,5.0,"gate_out=self.randomly_select_exit(model,(self.combine(self.combine(neighbourhood_count_exits,compare_distance),compare_distance)))",0.3200394554018893,0.3200394554018893,11495.273157119751,1.0,2.0,2.0,0.0,0.0,0.0,1.0,1.0,0.0,0.0,0.0
0,5.0,"gate_out=self.randomly_select_exit(model,(neighbourhood_count_exits))",0.2276636559919081,0.2919831959531277,11495.273157119751,1.0,0.0,0.0,0.0,0.0,0.0,1.0,1.0,0.0,0.0,0.0
0,5.0,"gate_out=self.randomly_select_exit(model,(self.combine(neighbourhood_count_exits,compare_distance)))",0.18402643758529685,0.3139821992570617,11495.273157119751,1.0,1.0,1.0,0.0,0.0,0.0,1.0,1.0,0.0,0.0,0.0
0,5.0,"gate_out=self.randomly_select_exit(model,(self.combine(neighbourhood_count_exits,compare_distance)))",0.18402643758529685,0.2575611926412601,11495.273157119751,1.0,1.0,1.0,0.0,0.0,0.0,1.0,1.0,0.0,0.0,0.0
0,5.0,"gate_out=self.randomly_select_exit(model,(neighbourhood_count_exits))",0.2276636559919081,0.24609717798911115,11495.273157119751,1.0,0.0,0.0,0.0,0.0,0.0,1.0,1.0,0.0,0.0,0.0
0,5.0,"gate_out=self.randomly_select_exit(model,(self.combine(neighbourhood_count_exits,compare_distance)))",0.18402643758529685,0.4090296344108501,11495.273157119751,1.0,1.0,1.0,0.0,0.0,0.0,1.0,1.0,0.0,0.0,0.0
0,5.0,"gate_out=self.randomly_select_exit(model,(self.combine(neighbourhood_count_exits,neighbourhood_count_exits)))",0.19064362103578392,0.2653284372018695,11495.273157119751,1.0,1.0,0.0,0.0,0.0,0.0,2.0,1.0,0.0,0.0,0.0
0,5.0,"gate_out=self.randomly_select_exit(model,(self.subtract(neighbourhood_count_exits,self.combine(self.combine(self.subtract(similarity_by_gender,similarity_by_age),compare_distance),self.combine(self.subtract(compare_width,similarity_by_age),self.subtract(compare_width,compare_distance))))))",0.5491066558585302,0.5491066558585302,11495.273157119751,1.0,3.0,2.0,2.0,0.0,0.0,1.0,1.0,2.0,1.0,4.0
0,5.0,"gate_out=self.randomly_select_exit(model,(self.subtract(neighbourhood_count_exits,neighbourhood_count_exits)))",0.2254637115993308,0.3583541368795193,11495.273157119751,1.0,0.0,0.0,0.0,0.0,0.0,2.0,1.0,0.0,0.0,1.0
0,5.0,"gate_out=self.randomly_select_exit(model,(self.combine(neighbourhood_count_exits,compare_distance)))",0.18402643758529685,0.21267383885018493,11495.273157119751,1.0,1.0,1.0,0.0,0.0,0.0,1.0,1.0,0.0,0.0,0.0
0,5.0,"gate_out=self.randomly_select_exit(model,(neighbourhood_count_exits))",0.2276636559919081,0.3070928518161697,11495.273157119751,1.0,0.0,0.0,0.0,0.0,0.0,1.0,1.0,0.0,0.0,0.0
0,5.0,"gate_out=self.randomly_select_exit(model,(self.combine(neighbourhood_count_exits,compare_distance)))",0.18402643758529685,0.2698907544933781,11495.273157119751,1.0,1.0,1.0,0.0,0.0,0.0,1.0,1.0,0.0,0.0,0.0
0,5.0,"gate_out=self.randomly_select_exit(model,(self.combine(neighbourhood_count_exits,neighbourhood_count_exits)))",0.19064362103578392,0.29912760026429697,11495.273157119751,1.0,1.0,0.0,0.0,0.0,0.0,2.0,1.0,0.0,0.0,0.0
0,5.0,"gate_out=self.randomly_select_exit(model,(self.combine(neighbourhood_count_exits,compare_distance)))",0.18402643758529685,0.2925328479189901,11495.273157119751,1.0,1.0,1.0,0.0,0.0,0.0,1.0,1.0,0.0,0.0,0.0
0,5.0,"gate_out=self.randomly_select_exit(model,(neighbourhood_count_exits))",0.2276636559919081,0.3115048948035453,11495.273157119751,1.0,0.0,0.0,0.0,0.0,0.0,1.0,1.0,0.0,0.0,0.0
0,5.0,"gate_out=self.get_max_select_exit(model,(similarity_by_age))",0.5744548082368175,0.5744548082368175,11495.273157119751,1.0,0.0,0.0,0.0,1.0,0.0,0.0,0.0,1.0,0.0,0.0
0,5.0,"gate_out=self.randomly_select_exit(model,(self.combine(neighbourhood_count_exits,compare_distance)))",0.18402643758529685,0.3427717109010015,11495.273157119751,1.0,1.0,1.0,0.0,0.0,0.0,1.0,1.0,0.0,0.0,0.0
0,5.0,"gate_out=self.randomly_select_exit(model,(self.combine(neighbourhood_count_exits,compare_distance)))",0.18402643758529685,0.2302740016513069,11495.273157119751,1.0,1.0,1.0,0.0,0.0,0.0,1.0,1.0,0.0,0.0,0.0
0,5.0,"gate_out=self.randomly_select_exit(model,(self.combine(neighbourhood_count_exits,self.subtract(self.combine(similarity_by_age,neighbourhood_count_exits),self.combine(compare_width,compare_width)))))",0.5486669693592701,0.5486669693592701,11495.273157119751,1.0,3.0,0.0,2.0,0.0,0.0,2.0,1.0,1.0,0.0,1.0
0,5.0,"gate_out=self.randomly_select_exit(model,(self.subtract(neighbourhood_count_exits,neighbourhood_count_exits)))",0.2254637115993308,0.3283414720700569,11495.273157119751,1.0,0.0,0.0,0.0,0.0,0.0,2.0,1.0,0.0,0.0,1.0
0,5.0,"gate_out=self.randomly_select_exit(model,(self.combine(neighbourhood_count_exits,compare_distance)))",0.18402643758529685,0.2313192358974503,11495.273157119751,1.0,1.0,1.0,0.0,0.0,0.0,1.0,1.0,0.0,0.0,0.0
0,6.0,"gate_out=self.randomly_select_exit(model,(self.subtract(self.subtract(compare_distance,neighbourhood_count_exits),self.subtract(similarity_by_age,compare_distance))))",0.5505026899015881,0.5505026899015881,13365.875782728195,1.0,0.0,2.0,0.0,0.0,0.0,1.0,1.0,1.0,0.0,3.0
0,6.0,"gate_out=self.randomly_select_exit(model,(self.combine(neighbourhood_count_exits,compare_distance)))",0.18402643758529685,0.3150677941568669,13365.875782728195,1.0,1.0,1.0,0.0,0.0,0.0,1.0,1.0,0.0,0.0,0.0
0,6.0,"gate_out=self.randomly_select_exit(model,(self.combine(neighbourhood_count_exits,neighbourhood_count_exits)))",0.19064362103578392,0.2713120353464961,13365.875782728195,1.0,1.0,0.0,0.0,0.0,0.0,2.0,1.0,0.0,0.0,0.0
0,6.0,"gate_out=self.randomly_select_exit(model,(self.combine(neighbourhood_count_exits,compare_distance)))",0.18402643758529685,0.41867961120950803,13365.875782728195,1.0,1.0,1.0,0.0,0.0,0.0,1.0,1.0,0.0,0.0,0.0
0,6.0,"gate_out=self.get_min_select_exit(model,(self.combine(similarity_by_age,self.subtract(neighbourhood_count_exits,compare_distance))))",0.577084923464379,0.577084923464379,13365.875782728195,1.0,1.0,1.0,0.0,0.0,1.0,1.0,0.0,1.0,0.0,1.0
0,6.0,"gate_out=self.randomly_select_exit(model,(self.combine(neighbourhood_count_exits,neighbourhood_count_exits)))",0.19064362103578392,0.3214553725864437,13365.875782728195,1.0,1.0,0.0,0.0,0.0,0.0,2.0,1.0,0.0,0.0,0.0
0,6.0,"gate_out=self.get_min_select_exit(model,(self.combine(self.subtract(compare_distance,compare_width),self.combine(neighbourhood_count_exits,compare_width))))",0.5760575634182585,0.5760575634182585,13365.875782728195,1.0,2.0,1.0,2.0,0.0,1.0,1.0,0.0,0.0,0.0,1.0
0,6.0,"gate_out=self.randomly_select_exit(model,(self.combine(neighbourhood_count_exits,compare_distance)))",0.18402643758529685,0.2924142898407297,13365.875782728195,1.0,1.0,1.0,0.0,0.0,0.0,1.0,1.0,0.0,0.0,0.0
0,6.0,"gate_out=self.randomly_select_exit(model,(self.combine(compare_distance,compare_distance)))",0.3797913661929146,0.4135232218483384,13365.875782728195,1.0,1.0,2.0,0.0,0.0,0.0,0.0,1.0,0.0,0.0,0.0
0,6.0,"gate_out=self.randomly_select_exit(model,(self.combine(neighbourhood_count_exits,self.combine(self.subtract(similarity_by_gender,similarity_by_gender),self.combine(compare_distance,neighbourhood_count_exits)))))",0.2646061517331604,0.2646061517331604,13365.875782728195,1.0,3.0,1.0,0.0,0.0,0.0,2.0,1.0,0.0,2.0,1.0
0,6.0,"gate_out=self.randomly_select_exit(model,(self.subtract(neighbourhood_count_exits,neighbourhood_count_exits)))",0.2254637115993308,0.29208078169666113,13365.875782728195,1.0,0.0,0.0,0.0,0.0,0.0,2.0,1.0,0.0,0.0,1.0
0,6.0,"gate_out=self.randomly_select_exit(model,(self.combine(neighbourhood_count_exits,compare_distance)))",0.18402643758529685,0.2553843113514057,13365.875782728195,1.0,1.0,1.0,0.0,0.0,0.0,1.0,1.0,0.0,0.0,0.0
0,6.0,"gate_out=self.get_max_select_exit(model,(neighbourhood_count_exits))",0.5763091774623176,0.5763091774623176,13365.875782728195,1.0,0.0,0.0,0.0,1.0,0.0,1.0,0.0,0.0,0.0,0.0
0,6.0,"gate_out=self.randomly_select_exit(model,(self.combine(neighbourhood_count_exits,compare_distance)))",0.18402643758529685,0.27452572728443314,13365.875782728195,1.0,1.0,1.0,0.0,0.0,0.0,1.0,1.0,0.0,0.0,0.0
0,6.0,"gate_out=self.randomly_select_exit(model,(self.combine(neighbourhood_count_exits,compare_distance)))",0.18402643758529685,0.2534325819796201,13365.875782728195,1.0,1.0,1.0,0.0,0.0,0.0,1.0,1.0,0.0,0.0,0.0
0,6.0,"gate_out=self.randomly_select_exit(model,(self.combine(neighbourhood_count_exits,compare_distance)))",0.18402643758529685,0.2493899818933999,13365.875782728195,1.0,1.0,1.0,0.0,0.0,0.0,1.0,1.0,0.0,0.0,0.0
0,6.0,"gate_out=self.randomly_select_exit(model,(self.combine(neighbourhood_count_exits,self.subtract(self.combine(neighbourhood_count_exits,neighbourhood_count_exits),self.combine(compare_width,compare_width)))))",0.5489808362589972,0.5489808362589972,13365.875782728195,1.0,3.0,0.0,2.0,0.0,0.0,3.0,1.0,0.0,0.0,1.0
0,6.0,"gate_out=self.randomly_select_exit(model,(self.combine(similarity_by_age,compare_distance)))",0.5492868462663142,0.5492868462663142,13365.875782728195,1.0,1.0,1.0,0.0,0.0,0.0,0.0,1.0,1.0,0.0,0.0
0,6.0,"gate_out=self.randomly_select_exit(model,(self.combine(compare_distance,neighbourhood_count_exits)))",0.2450064902334845,0.2450064902334845,13365.875782728195,1.0,1.0,1.0,0.0,0.0,0.0,1.0,1.0,0.0,0.0,0.0
0,6.0,"gate_out=self.randomly_select_exit(model,(self.combine(neighbourhood_count_exits,neighbourhood_count_exits)))",0.19064362103578392,0.3698925016163492,13365.875782728195,1.0,1.0,0.0,0.0,0.0,0.0,2.0,1.0,0.0,0.0,0.0
0,6.0,"gate_out=self.randomly_select_exit(model,(self.combine(neighbourhood_count_exits,compare_distance)))",0.18402643758529685,0.3848096540228971,13365.875782728195,1.0,1.0,1.0,0.0,0.0,0.0,1.0,1.0,0.0,0.0,0.0
0,6.0,"gate_out=self.randomly_select_exit(model,(self.subtract(neighbourhood_count_exits,neighbourhood_count_exits)))",0.2254637115993308,0.4583209975937457,13365.875782728195,1.0,0.0,0.0,0.0,0.0,0.0,2.0,1.0,0.0,0.0,1.0
0,6.0,"gate_out=self.randomly_select_exit(model,(self.combine(neighbourhood_count_exits,neighbourhood_count_exits)))",0.19064362103578392,0.2977823037392489,13365.875782728195,1.0,1.0,0.0,0.0,0.0,0.0,2.0,1.0,0.0,0.0,0.0
0,6.0,"gate_out=self.randomly_select_exit(model,(self.combine(compare_distance,compare_distance)))",0.3797913661929146,0.3797913661929146,13365.875782728195,1.0,1.0,2.0,0.0,0.0,0.0,0.0,1.0,0.0,0.0,0.0
0,6.0,"gate_out=self.randomly_select_exit(model,(self.combine(neighbourhood_count_exits,compare_distance)))",0.18402643758529685,0.25502741182623845,13365.875782728195,1.0,1.0,1.0,0.0,0.0,0.0,1.0,1.0,0.0,0.0,0.0
0,7.0,"gate_out=self.randomly_select_exit(model,(self.combine(neighbourhood_count_exits,compare_distance)))",0.18402643758529685,0.3611541073959516,15313.734363079073,1.0,1.0,1.0,0.0,0.0,0.0,1.0,1.0,0.0,0.0,0.0
0,7.0,"gate_out=self.randomly_select_exit(model,(self.combine(neighbourhood_count_exits,compare_distance)))",0.18402643758529685,0.30883994542013105,15313.734363079073,1.0,1.0,1.0,0.0,0.0,0.0,1.0,1.0,0.0,0.0,0.0
0,7.0,"gate_out=self.randomly_select_exit(model,(self.combine(neighbourhood_count_exits,compare_distance)))",0.18402643758529685,0.22057230023645408,15313.734363079073,1.0,1.0,1.0,0.0,0.0,0.0,1.0,1.0,0.0,0.0,0.0
0,7.0,"gate_out=self.randomly_select_exit(model,(self.combine(neighbourhood_count_exits,self.subtract(self.subtract(compare_distance,compare_distance),self.subtract(similarity_by_age,self.combine(similarity_by_age,similarity_by_age))))))",0.2995177614140137,0.2995177614140137,15313.734363079073,1.0,2.0,2.0,0.0,0.0,0.0,1.0,1.0,3.0,0.0,3.0
0,7.0,"gate_out=self.randomly_select_exit(model,(compare_distance))",0.26853230949784285,0.374971749058344,15313.734363079073,1.0,0.0,1.0,0.0,0.0,0.0,0.0,1.0,0.0,0.0,0.0
0,7.0,"gate_out=self.randomly_select_exit(model,(self.combine(neighbourhood_count_exits,self.combine(neighbourhood_count_exits,compare_distance))))",0.24026708487193804,0.3298965649736623,15313.734363079073,1.0,2.0,1.0,0.0,0.0,0.0,2.0,1.0,0.0,0.0,0.0
0,7.0,"gate_out=self.randomly_select_exit(model,(self.combine(self.subtract(self.subtract(compare_width,compare_distance),self.combine(compare_distance,self.combine(similarity_by_age,similarity_by_age))),compare_distance)))",0.3036361910707401,0.3036361910707401,15313.734363079073,1.0,3.0,3.0,1.0,0.0,0.0,0.0,1.0,2.0,0.0,2.0
0,7.0,"gate_out=self.randomly_select_exit(model,(self.combine(neighbourhood_count_exits,compare_distance)))",0.18402643758529685,0.2504430478281179,15313.734363079073,1.0,1.0,1.0,0.0,0.0,0.0,1.0,1.0,0.0,0.0,0.0
0,7.0,"gate_out=self.randomly_select_exit(model,(self.combine(neighbourhood_count_exits,compare_distance)))",0.18402643758529685,0.25020967625306906,15313.734363079073,1.0,1.0,1.0,0.0,0.0,0.0,1.0,1.0,0.0,0.0,0.0
0,7.0,"gate_out=self.randomly_select_exit(model,(self.combine(neighbourhood_count_exits,compare_distance)))",0.18402643758529685,0.3009351907312384,15313.734363079073,1.0,1.0,1.0,0.0,0.0,0.0,1.0,1.0,0.0,0.0,0.0
0,7.0,"gate_out=self.randomly_select_exit(model,(self.combine(neighbourhood_count_exits,neighbourhood_count_exits)))",0.19064362103578392,0.25088014396037234,15313.734363079073,1.0,1.0,0.0,0.0,0.0,0.0,2.0,1.0,0.0,0.0,0.0
0,7.0,"gate_out=self.randomly_select_exit(model,(self.combine(neighbourhood_count_exits,neighbourhood_count_exits)))",0.19064362103578392,0.2485744751413085,15313.734363079073,1.0,1.0,0.0,0.0,0.0,0.0,2.0,1.0,0.0,0.0,0.0
0,7.0,"gate_out=self.randomly_select_exit(model,(self.combine(compare_distance,compare_distance)))",0.3797913661929146,0.5501528001860176,15313.734363079073,1.0,1.0,2.0,0.0,0.0,0.0,0.0,1.0,0.0,0.0,0.0
0,7.0,"gate_out=self.randomly_select_exit(model,(self.combine(neighbourhood_count_exits,compare_distance)))",0.18402643758529685,0.23862517480614506,15313.734363079073,1.0,1.0,1.0,0.0,0.0,0.0,1.0,1.0,0.0,0.0,0.0
0,7.0,"gate_out=self.randomly_select_exit(model,(self.combine(neighbourhood_count_exits,compare_distance)))",0.18402643758529685,0.2933801418070677,15313.734363079073,1.0,1.0,1.0,0.0,0.0,0.0,1.0,1.0,0.0,0.0,0.0
0,7.0,"gate_out=self.get_max_select_exit(model,(similarity_by_gender))",0.5719944145172732,0.5719944145172732,15313.734363079073,1.0,0.0,0.0,0.0,1.0,0.0,0.0,0.0,0.0,1.0,0.0
0,7.0,"gate_out=self.randomly_select_exit(model,(self.combine(neighbourhood_count_exits,self.combine(neighbourhood_count_exits,compare_distance))))",0.24026708487193804,0.2982127583084807,15313.734363079073,1.0,2.0,1.0,0.0,0.0,0.0,2.0,1.0,0.0,0.0,0.0
0,7.0,"gate_out=self.randomly_select_exit(model,(compare_distance))",0.26853230949784285,0.4837725294202218,15313.734363079073,1.0,0.0,1.0,0.0,0.0,0.0,0.0,1.0,0.0,0.0,0.0
0,7.0,"gate_out=self.randomly_select_exit(model,(self.combine(neighbourhood_count_exits,compare_distance)))",0.18402643758529685,0.3104463152769489,15313.734363079073,1.0,1.0,1.0,0.0,0.0,0.0,1.0,1.0,0.0,0.0,0.0
0,7.0,"gate_out=self.randomly_select_exit(model,(self.combine(neighbourhood_count_exits,compare_distance)))",0.18402643758529685,0.3063195698028843,15313.734363079073,1.0,1.0,1.0,0.0,0.0,0.0,1.0,1.0,0.0,0.0,0.0
0,7.0,"gate_out=self.randomly_select_exit(model,(self.combine(neighbourhood_count_exits,compare_distance)))",0.18402643758529685,0.4073163628985302,15313.734363079073,1.0,1.0,1.0,0.0,0.0,0.0,1.0,1.0,0.0,0.0,0.0
0,7.0,"gate_out=self.get_max_select_exit(model,(self.subtract(similarity_by_age,similarity_by_age)))",0.5740839104129898,0.5740839104129898,15313.734363079073,1.0,0.0,0.0,0.0,1.0,0.0,0.0,0.0,2.0,0.0,1.0
0,7.0,"gate_out=self.randomly_select_exit(model,(self.combine(neighbourhood_count_exits,self.combine(neighbourhood_count_exits,compare_distance))))",0.24026708487193804,0.27211567621448784,15313.734363079073,1.0,2.0,1.0,0.0,0.0,0.0,2.0,1.0,0.0,0.0,0.0
0,7.0,"gate_out=self.randomly_select_exit(model,(compare_distance))",0.26853230949784285,0.4549395426981413,15313.734363079073,1.0,0.0,1.0,0.0,0.0,0.0,0.0,1.0,0.0,0.0,0.0
0,7.0,"gate_out=self.randomly_select_exit(model,(self.combine(neighbourhood_count_exits,compare_distance)))",0.18402643758529685,0.24363493018792576,15313.734363079073,1.0,1.0,1.0,0.0,0.0,0.0,1.0,1.0,0.0,0.0,0.0
0,8.0,"gate_out=self.randomly_select_exit(model,(self.combine(neighbourhood_count_exits,compare_distance)))",0.18402643758529685,0.1943440239591913,17341.73252415657,1.0,1.0,1.0,0.0,0.0,0.0,1.0,1.0,0.0,0.0,0.0
0,8.0,"gate_out=self.randomly_select_exit(model,(self.combine(neighbourhood_count_exits,compare_distance)))",0.18402643758529685,0.2428870056452323,17341.73252415657,1.0,1.0,1.0,0.0,0.0,0.0,1.0,1.0,0.0,0.0,0.0
0,8.0,"gate_out=self.randomly_select_exit(model,(neighbourhood_count_exits))",0.2276636559919081,0.42454365348894335,17341.73252415657,1.0,0.0,0.0,0.0,0.0,0.0,1.0,1.0,0.0,0.0,0.0
0,8.0,"gate_out=self.randomly_select_exit(model,(self.combine(self.combine(neighbourhood_count_exits,compare_distance),compare_distance)))",0.26435390959171656,0.26435390959171656,17341.73252415657,1.0,2.0,2.0,0.0,0.0,0.0,1.0,1.0,0.0,0.0,0.0
0,8.0,"gate_out=self.randomly_select_exit(model,(self.combine(neighbourhood_count_exits,compare_distance)))",0.18402643758529685,0.3079006026401631,17341.73252415657,1.0,1.0,1.0,0.0,0.0,0.0,1.0,1.0,0.0,0.0,0.0
0,8.0,"gate_out=self.randomly_select_exit(model,(self.combine(neighbourhood_count_exits,compare_distance)))",0.18402643758529685,0.2888360087627824,17341.73252415657,1.0,1.0,1.0,0.0,0.0,0.0,1.0,1.0,0.0,0.0,0.0
0,8.0,"gate_out=self.randomly_select_exit(model,(self.combine(neighbourhood_count_exits,compare_distance)))",0.18402643758529685,0.30163341007923195,17341.73252415657,1.0,1.0,1.0,0.0,0.0,0.0,1.0,1.0,0.0,0.0,0.0
0,8.0,"gate_out=self.randomly_select_exit(model,(self.combine(neighbourhood_count_exits,compare_distance)))",0.18402643758529685,0.3301059186330198,17341.73252415657,1.0,1.0,1.0,0.0,0.0,0.0,1.0,1.0,0.0,0.0,0.0
0,8.0,"gate_out=self.randomly_select_exit(model,(self.combine(neighbourhood_count_exits,compare_distance)))",0.18402643758529685,0.28745666334577324,17341.73252415657,1.0,1.0,1.0,0.0,0.0,0.0,1.0,1.0,0.0,0.0,0.0
0,8.0,"gate_out=self.randomly_select_exit(model,(self.combine(neighbourhood_count_exits,compare_distance)))",0.18402643758529685,0.3352656003111507,17341.73252415657,1.0,1.0,1.0,0.0,0.0,0.0,1.0,1.0,0.0,0.0,0.0
0,8.0,"gate_out=self.randomly_select_exit(model,(self.combine(neighbourhood_count_exits,compare_distance)))",0.18402643758529685,0.30208331382657205,17341.73252415657,1.0,1.0,1.0,0.0,0.0,0.0,1.0,1.0,0.0,0.0,0.0
0,8.0,"gate_out=self.randomly_select_exit(model,(self.combine(neighbourhood_count_exits,compare_distance)))",0.18402643758529685,0.2972607856119201,17341.73252415657,1.0,1.0,1.0,0.0,0.0,0.0,1.0,1.0,0.0,0.0,0.0
0,8.0,"gate_out=self.randomly_select_exit(model,(self.combine(neighbourhood_count_exits,compare_distance)))",0.18402643758529685,0.33724168655789777,17341.73252415657,1.0,1.0,1.0,0.0,0.0,0.0,1.0,1.0,0.0,0.0,0.0
0,8.0,"gate_out=self.randomly_select_exit(model,(similarity_by_age))",0.5490233556879539,0.5499951861548475,17341.73252415657,1.0,0.0,0.0,0.0,0.0,0.0,0.0,1.0,1.0,0.0,0.0
0,8.0,"gate_out=self.randomly_select_exit(model,(self.combine(neighbourhood_count_exits,compare_distance)))",0.18402643758529685,0.1922899036782964,17341.73252415657,1.0,1.0,1.0,0.0,0.0,0.0,1.0,1.0,0.0,0.0,0.0
0,8.0,"gate_out=self.randomly_select_exit(model,(self.combine(neighbourhood_count_exits,compare_distance)))",0.18402643758529685,0.2927067577352136,17341.73252415657,1.0,1.0,1.0,0.0,0.0,0.0,1.0,1.0,0.0,0.0,0.0
0,8.0,"gate_out=self.randomly_select_exit(model,(self.combine(neighbourhood_count_exits,compare_distance)))",0.18402643758529685,0.236617922274422,17341.73252415657,1.0,1.0,1.0,0.0,0.0,0.0,1.0,1.0,0.0,0.0,0.0
0,8.0,"gate_out=self.randomly_select_exit(model,(self.combine(neighbourhood_count_exits,compare_distance)))",0.18402643758529685,0.32951713976708324,17341.73252415657,1.0,1.0,1.0,0.0,0.0,0.0,1.0,1.0,0.0,0.0,0.0
0,8.0,"gate_out=self.get_min_select_exit(model,(neighbourhood_count_exits))",0.5713131604685936,0.5731537521748868,17341.73252415657,1.0,0.0,0.0,0.0,0.0,1.0,1.0,0.0,0.0,0.0,0.0
0,8.0,"gate_out=self.randomly_select_exit(model,(self.combine(neighbourhood_count_exits,compare_distance)))",0.18402643758529685,0.2597893325737969,17341.73252415657,1.0,1.0,1.0,0.0,0.0,0.0,1.0,1.0,0.0,0.0,0.0
0,8.0,"gate_out=self.randomly_select_exit(model,(self.combine(neighbourhood_count_exits,compare_distance)))",0.18402643758529685,0.3484360629295429,17341.73252415657,1.0,1.0,1.0,0.0,0.0,0.0,1.0,1.0,0.0,0.0,0.0
0,8.0,"gate_out=self.randomly_select_exit(model,(self.combine(neighbourhood_count_exits,compare_distance)))",0.18402643758529685,0.4853245182604684,17341.73252415657,1.0,1.0,1.0,0.0,0.0,0.0,1.0,1.0,0.0,0.0,0.0
0,8.0,"gate_out=self.randomly_select_exit(model,(self.combine(neighbourhood_count_exits,compare_distance)))",0.18402643758529685,0.3783107839851486,17341.73252415657,1.0,1.0,1.0,0.0,0.0,0.0,1.0,1.0,0.0,0.0,0.0
0,8.0,"gate_out=self.randomly_select_exit(model,(self.combine(neighbourhood_count_exits,compare_distance)))",0.18402643758529685,0.39838521892451895,17341.73252415657,1.0,1.0,1.0,0.0,0.0,0.0,1.0,1.0,0.0,0.0,0.0
0,8.0,"gate_out=self.randomly_select_exit(model,(self.combine(neighbourhood_count_exits,compare_distance)))",0.18402643758529685,0.2586106983970333,17341.73252415657,1.0,1.0,1.0,0.0,0.0,0.0,1.0,1.0,0.0,0.0,0.0
0,9.0,"gate_out=self.randomly_select_exit(model,(self.combine(neighbourhood_count_exits,compare_distance)))",0.18402643758529685,0.2845740206109665,19358.918286323547,1.0,1.0,1.0,0.0,0.0,0.0,1.0,1.0,0.0,0.0,0.0
0,9.0,"gate_out=self.randomly_select_exit(model,(self.combine(neighbourhood_count_exits,compare_distance)))",0.18402643758529685,0.2212400120294136,19358.918286323547,1.0,1.0,1.0,0.0,0.0,0.0,1.0,1.0,0.0,0.0,0.0
0,9.0,"gate_out=self.randomly_select_exit(model,(self.combine(neighbourhood_count_exits,compare_distance)))",0.18402643758529685,0.2859706023650451,19358.918286323547,1.0,1.0,1.0,0.0,0.0,0.0,1.0,1.0,0.0,0.0,0.0
0,9.0,"gate_out=self.randomly_select_exit(model,(self.combine(neighbourhood_count_exits,compare_distance)))",0.18402643758529685,0.2942849596909698,19358.918286323547,1.0,1.0,1.0,0.0,0.0,0.0,1.0,1.0,0.0,0.0,0.0
0,9.0,"gate_out=self.randomly_select_exit(model,(self.combine(neighbourhood_count_exits,compare_distance)))",0.18402643758529685,0.3223793881311777,19358.918286323547,1.0,1.0,1.0,0.0,0.0,0.0,1.0,1.0,0.0,0.0,0.0
0,9.0,"gate_out=self.randomly_select_exit(model,(self.combine(neighbourhood_count_exits,compare_distance)))",0.18402643758529685,0.3180596904252819,19358.918286323547,1.0,1.0,1.0,0.0,0.0,0.0,1.0,1.0,0.0,0.0,0.0
0,9.0,"gate_out=self.randomly_select_exit(model,(self.combine(neighbourhood_count_exits,compare_distance)))",0.18402643758529685,0.24207962654456744,19358.918286323547,1.0,1.0,1.0,0.0,0.0,0.0,1.0,1.0,0.0,0.0,0.0
0,9.0,"gate_out=self.randomly_select_exit(model,(self.combine(neighbourhood_count_exits,compare_distance)))",0.18402643758529685,0.31292048661635,19358.918286323547,1.0,1.0,1.0,0.0,0.0,0.0,1.0,1.0,0.0,0.0,0.0
0,9.0,"gate_out=self.randomly_select_exit(model,(self.combine(neighbourhood_count_exits,compare_distance)))",0.18402643758529685,0.2391352664664979,19358.918286323547,1.0,1.0,1.0,0.0,0.0,0.0,1.0,1.0,0.0,0.0,0.0
0,9.0,"gate_out=self.randomly_select_exit(model,(self.combine(neighbourhood_count_exits,compare_distance)))",0.18402643758529685,0.2733144955774225,19358.918286323547,1.0,1.0,1.0,0.0,0.0,0.0,1.0,1.0,0.0,0.0,0.0
0,9.0,"gate_out=self.randomly_select_exit(model,(self.combine(neighbourhood_count_exits,compare_distance)))",0.18402643758529685,0.35356622297376583,19358.918286323547,1.0,1.0,1.0,0.0,0.0,0.0,1.0,1.0,0.0,0.0,0.0
0,9.0,"gate_out=self.get_max_select_exit(model,(neighbourhood_count_exits))",0.5760937584759344,0.5760937584759344,19358.918286323547,1.0,0.0,0.0,0.0,1.0,0.0,1.0,0.0,0.0,0.0,0.0
0,9.0,"gate_out=self.randomly_select_exit(model,(self.combine(neighbourhood_count_exits,compare_distance)))",0.18402643758529685,0.2339526420373796,19358.918286323547,1.0,1.0,1.0,0.0,0.0,0.0,1.0,1.0,0.0,0.0,0.0
0,9.0,"gate_out=self.randomly_select_exit(model,(self.combine(neighbourhood_count_exits,compare_distance)))",0.18402643758529685,0.3099415926895974,19358.918286323547,1.0,1.0,1.0,0.0,0.0,0.0,1.0,1.0,0.0,0.0,0.0
0,9.0,"gate_out=self.randomly_select_exit(model,(self.combine(neighbourhood_count_exits,compare_distance)))",0.18402643758529685,0.28463633913636543,19358.918286323547,1.0,1.0,1.0,0.0,0.0,0.0,1.0,1.0,0.0,0.0,0.0
0,9.0,"gate_out=self.randomly_select_exit(model,(self.combine(self.subtract(self.subtract(compare_distance,compare_width),self.subtract(self.combine(neighbourhood_count_exits,similarity_by_age),similarity_by_age)),compare_distance)))",0.5541885721570772,0.5541885721570772,19358.918286323547,1.0,2.0,2.0,1.0,0.0,0.0,1.0,1.0,2.0,0.0,3.0
0,9.0,"gate_out=self.randomly_select_exit(model,(self.combine(compare_distance,self.subtract(self.combine(compare_distance,similarity_by_gender),self.subtract(compare_distance,neighbourhood_count_exits)))))",0.2785419512094215,0.2785419512094215,19358.918286323547,1.0,2.0,3.0,0.0,0.0,0.0,1.0,1.0,0.0,1.0,2.0
0,9.0,"gate_out=self.randomly_select_exit(model,(self.combine(neighbourhood_count_exits,neighbourhood_count_exits)))",0.19064362103578392,0.28075738882593715,19358.918286323547,1.0,1.0,0.0,0.0,0.0,0.0,2.0,1.0,0.0,0.0,0.0
0,9.0,"gate_out=self.randomly_select_exit(model,(self.combine(neighbourhood_count_exits,compare_distance)))",0.18402643758529685,0.2412840784838336,19358.918286323547,1.0,1.0,1.0,0.0,0.0,0.0,1.0,1.0,0.0,0.0,0.0
0,9.0,"gate_out=self.randomly_select_exit(model,(self.combine(neighbourhood_count_exits,compare_distance)))",0.18402643758529685,0.235210165201567,19358.918286323547,1.0,1.0,1.0,0.0,0.0,0.0,1.0,1.0,0.0,0.0,0.0
0,9.0,"gate_out=self.randomly_select_exit(model,(self.combine(self.combine(self.subtract(compare_width,compare_distance),self.subtract(compare_width,compare_distance)),compare_distance)))",0.5509590257476678,0.5509590257476678,19358.918286323547,1.0,2.0,3.0,2.0,0.0,0.0,0.0,1.0,0.0,0.0,2.0
0,9.0,"gate_out=self.randomly_select_exit(model,(self.combine(neighbourhood_count_exits,compare_distance)))",0.18402643758529685,0.32127577504808097,19358.918286323547,1.0,1.0,1.0,0.0,0.0,0.0,1.0,1.0,0.0,0.0,0.0
0,9.0,"gate_out=self.randomly_select_exit(model,(self.combine(neighbourhood_count_exits,compare_distance)))",0.18402643758529685,0.2853163321123342,19358.918286323547,1.0,1.0,1.0,0.0,0.0,0.0,1.0,1.0,0.0,0.0,0.0
0,9.0,"gate_out=self.randomly_select_exit(model,(self.combine(neighbourhood_count_exits,compare_distance)))",0.18402643758529685,0.29320704164409256,19358.918286323547,1.0,1.0,1.0,0.0,0.0,0.0,1.0,1.0,0.0,0.0,0.0
0,9.0,"gate_out=self.randomly_select_exit(model,(self.combine(neighbourhood_count_exits,compare_distance)))",0.18402643758529685,0.3152302620622116,19358.918286323547,1.0,1.0,1.0,0.0,0.0,0.0,1.0,1.0,0.0,0.0,0.0
0,10.0,"gate_out=self.randomly_select_exit(model,(self.combine(neighbourhood_count_exits,compare_distance)))",0.18402643758529685,0.3386793957190857,21389.349211215973,1.0,1.0,1.0,0.0,0.0,0.0,1.0,1.0,0.0,0.0,0.0
0,10.0,"gate_out=self.get_min_select_exit(model,(self.combine(compare_width,neighbourhood_count_exits)))",0.5732799653365219,0.5732799653365219,21389.349211215973,1.0,1.0,0.0,1.0,0.0,1.0,1.0,0.0,0.0,0.0,0.0
0,10.0,"gate_out=self.randomly_select_exit(model,(self.combine(neighbourhood_count_exits,compare_distance)))",0.18402643758529685,0.2898052774187848,21389.349211215973,1.0,1.0,1.0,0.0,0.0,0.0,1.0,1.0,0.0,0.0,0.0
0,10.0,"gate_out=self.randomly_select_exit(model,(self.combine(neighbourhood_count_exits,compare_distance)))",0.18402643758529685,0.2780175836491035,21389.349211215973,1.0,1.0,1.0,0.0,0.0,0.0,1.0,1.0,0.0,0.0,0.0
0,10.0,"gate_out=self.randomly_select_exit(model,(self.combine(neighbourhood_count_exits,compare_distance)))",0.18402643758529685,0.3560694122712913,21389.349211215973,1.0,1.0,1.0,0.0,0.0,0.0,1.0,1.0,0.0,0.0,0.0
0,10.0,"gate_out=self.randomly_select_exit(model,(self.combine(neighbourhood_count_exits,compare_distance)))",0.18402643758529685,0.2756053253148759,21389.349211215973,1.0,1.0,1.0,0.0,0.0,0.0,1.0,1.0,0.0,0.0,0.0
0,10.0,"gate_out=self.randomly_select_exit(model,(compare_distance))",0.26853230949784285,0.3483860020090299,21389.349211215973,1.0,0.0,1.0,0.0,0.0,0.0,0.0,1.0,0.0,0.0,0.0
0,10.0,"gate_out=self.randomly_select_exit(model,(self.combine(neighbourhood_count_exits,self.combine(neighbourhood_count_exits,compare_distance))))",0.2258239491744677,0.2258239491744677,21389.349211215973,1.0,2.0,1.0,0.0,0.0,0.0,2.0,1.0,0.0,0.0,0.0
0,10.0,"gate_out=self.randomly_select_exit(model,(self.combine(neighbourhood_count_exits,compare_distance)))",0.18402643758529685,0.2304176979858565,21389.349211215973,1.0,1.0,1.0,0.0,0.0,0.0,1.0,1.0,0.0,0.0,0.0
0,10.0,"gate_out=self.randomly_select_exit(model,(self.combine(neighbourhood_count_exits,compare_distance)))",0.18402643758529685,0.2347063529563395,21389.349211215973,1.0,1.0,1.0,0.0,0.0,0.0,1.0,1.0,0.0,0.0,0.0
0,10.0,"gate_out=self.randomly_select_exit(model,(self.combine(neighbourhood_count_exits,compare_distance)))",0.18402643758529685,0.21953617529044195,21389.349211215973,1.0,1.0,1.0,0.0,0.0,0.0,1.0,1.0,0.0,0.0,0.0
0,10.0,"gate_out=self.randomly_select_exit(model,(self.combine(neighbourhood_count_exits,compare_distance)))",0.18402643758529685,0.2447899088571609,21389.349211215973,1.0,1.0,1.0,0.0,0.0,0.0,1.0,1.0,0.0,0.0,0.0
0,10.0,"gate_out=self.randomly_select_exit(model,(self.combine(neighbourhood_count_exits,compare_distance)))",0.18402643758529685,0.34953460977139805,21389.349211215973,1.0,1.0,1.0,0.0,0.0,0.0,1.0,1.0,0.0,0.0,0.0
0,10.0,"gate_out=self.randomly_select_exit(model,(self.combine(neighbourhood_count_exits,compare_distance)))",0.18402643758529685,0.2839465024370338,21389.349211215973,1.0,1.0,1.0,0.0,0.0,0.0,1.0,1.0,0.0,0.0,0.0
0,10.0,"gate_out=self.randomly_select_exit(model,(self.combine(neighbourhood_count_exits,compare_distance)))",0.18402643758529685,0.3122229723698642,21389.349211215973,1.0,1.0,1.0,0.0,0.0,0.0,1.0,1.0,0.0,0.0,0.0
0,10.0,"gate_out=self.randomly_select_exit(model,(self.combine(neighbourhood_count_exits,compare_distance)))",0.18402643758529685,0.3143430334354217,21389.349211215973,1.0,1.0,1.0,0.0,0.0,0.0,1.0,1.0,0.0,0.0,0.0
0,10.0,"gate_out=self.randomly_select_exit(model,(self.combine(neighbourhood_count_exits,compare_distance)))",0.18402643758529685,0.2834681511024679,21389.349211215973,1.0,1.0,1.0,0.0,0.0,0.0,1.0,1.0,0.0,0.0,0.0
0,10.0,"gate_out=self.randomly_select_exit(model,(self.combine(neighbourhood_count_exits,compare_distance)))",0.18402643758529685,0.3040646051303226,21389.349211215973,1.0,1.0,1.0,0.0,0.0,0.0,1.0,1.0,0.0,0.0,0.0
0,10.0,"gate_out=self.randomly_select_exit(model,(self.combine(neighbourhood_count_exits,compare_distance)))",0.18402643758529685,0.33598150124026904,21389.349211215973,1.0,1.0,1.0,0.0,0.0,0.0,1.0,1.0,0.0,0.0,0.0
0,10.0,"gate_out=self.randomly_select_exit(model,(self.combine(neighbourhood_count_exits,compare_distance)))",0.18402643758529685,0.3827684198500631,21389.349211215973,1.0,1.0,1.0,0.0,0.0,0.0,1.0,1.0,0.0,0.0,0.0
0,10.0,"gate_out=self.randomly_select_exit(model,(self.combine(neighbourhood_count_exits,compare_distance)))",0.18402643758529685,0.2869986187538966,21389.349211215973,1.0,1.0,1.0,0.0,0.0,0.0,1.0,1.0,0.0,0.0,0.0
0,10.0,"gate_out=self.randomly_select_exit(model,(self.combine(neighbourhood_count_exits,compare_distance)))",0.18402643758529685,0.30583171337562104,21389.349211215973,1.0,1.0,1.0,0.0,0.0,0.0,1.0,1.0,0.0,0.0,0.0
0,10.0,"gate_out=self.randomly_select_exit(model,(self.combine(neighbourhood_count_exits,self.subtract(self.combine(neighbourhood_count_exits,compare_distance),self.combine(similarity_by_age,compare_width)))))",0.5495599729347704,0.5495599729347704,21389.349211215973,1.0,3.0,1.0,1.0,0.0,0.0,2.0,1.0,1.0,0.0,1.0
0,10.0,"gate_out=self.randomly_select_exit(model,(self.combine(neighbourhood_count_exits,compare_distance)))",0.18402643758529685,0.3458344396219308,21389.349211215973,1.0,1.0,1.0,0.0,0.0,0.0,1.0,1.0,0.0,0.0,0.0
0,10.0,"gate_out=self.randomly_select_exit(model,(self.combine(neighbourhood_count_exits,compare_distance)))",0.18402643758529685,0.2540461845102542,21389.349211215973,1.0,1.0,1.0,0.0,0.0,0.0,1.0,1.0,0.0,0.0,0.0
0,11.0,"gate_out=self.randomly_select_exit(model,(self.combine(neighbourhood_count_exits,compare_distance)))",0.18402643758529685,0.3435064183765959,23380.100810050957,1.0,1.0,1.0,0.0,0.0,0.0,1.0,1.0,0.0,0.0,0.0
0,11.0,"gate_out=self.randomly_select_exit(model,(self.combine(neighbourhood_count_exits,compare_distance)))",0.18402643758529685,0.3553997649612233,23380.100810050957,1.0,1.0,1.0,0.0,0.0,0.0,1.0,1.0,0.0,0.0,0.0
0,11.0,"gate_out=self.randomly_select_exit(model,(self.combine(neighbourhood_count_exits,compare_distance)))",0.18402643758529685,0.3924992116122831,23380.100810050957,1.0,1.0,1.0,0.0,0.0,0.0,1.0,1.0,0.0,0.0,0.0
0,11.0,"gate_out=self.randomly_select_exit(model,(self.combine(neighbourhood_count_exits,compare_distance)))",0.18402643758529685,0.2875272083503061,23380.100810050957,1.0,1.0,1.0,0.0,0.0,0.0,1.0,1.0,0.0,0.0,0.0
0,11.0,"gate_out=self.randomly_select_exit(model,(self.combine(neighbourhood_count_exits,compare_distance)))",0.18402643758529685,0.3266592092381155,23380.100810050957,1.0,1.0,1.0,0.0,0.0,0.0,1.0,1.0,0.0,0.0,0.0
0,11.0,"gate_out=self.randomly_select_exit(model,(self.combine(neighbourhood_count_exits,compare_distance)))",0.18402643758529685,0.2914131948210881,23380.100810050957,1.0,1.0,1.0,0.0,0.0,0.0,1.0,1.0,0.0,0.0,0.0
0,11.0,"gate_out=self.randomly_select_exit(model,(self.combine(neighbourhood_count_exits,compare_distance)))",0.18402643758529685,0.38397633895098815,23380.100810050957,1.0,1.0,1.0,0.0,0.0,0.0,1.0,1.0,0.0,0.0,0.0
0,11.0,"gate_out=self.randomly_select_exit(model,(self.combine(neighbourhood_count_exits,compare_distance)))",0.18402643758529685,0.3949754052493488,23380.100810050957,1.0,1.0,1.0,0.0,0.0,0.0,1.0,1.0,0.0,0.0,0.0
0,11.0,"gate_out=self.randomly_select_exit(model,(self.subtract(self.subtract(self.subtract(compare_distance,neighbourhood_count_exits),self.subtract(similarity_by_gender,similarity_by_gender)),self.combine(self.combine(compare_width,compare_width),self.subtract(neighbourhood_count_exits,compare_distance)))))",0.5526082846982048,0.5526082846982048,23380.100810050957,1.0,2.0,2.0,2.0,0.0,0.0,2.0,1.0,0.0,2.0,5.0
0,11.0,"gate_out=self.randomly_select_exit(model,(self.subtract(self.combine(self.combine(compare_distance,neighbourhood_count_exits),self.combine(compare_distance,compare_width)),self.combine(self.combine(neighbourhood_count_exits,neighbourhood_count_exits),self.subtract(compare_distance,similarity_by_gender)))))",0.5535050783104403,0.5535050783104403,23380.100810050957,1.0,5.0,3.0,1.0,0.0,0.0,3.0,1.0,0.0,1.0,2.0
0,11.0,"gate_out=self.randomly_select_exit(model,(self.combine(self.combine(compare_distance,neighbourhood_count_exits),self.subtract(compare_distance,compare_distance))))",0.27383689534338185,0.27383689534338185,23380.100810050957,1.0,2.0,3.0,0.0,0.0,0.0,1.0,1.0,0.0,0.0,1.0
0,11.0,"gate_out=self.randomly_select_exit(model,(self.combine(neighbourhood_count_exits,compare_distance)))",0.18402643758529685,0.25827692683419057,23380.100810050957,1.0,1.0,1.0,0.0,0.0,0.0,1.0,1.0,0.0,0.0,0.0
0,11.0,"gate_out=self.get_min_select_exit(model,(self.subtract(similarity_by_age,neighbourhood_count_exits)))",0.5764885414420929,0.5764885414420929,23380.100810050957,1.0,0.0,0.0,0.0,0.0,1.0,1.0,0.0,1.0,0.0,1.0
0,11.0,"gate_out=self.randomly_select_exit(model,(self.combine(neighbourhood_count_exits,compare_distance)))",0.18402643758529685,0.2308275182765017,23380.100810050957,1.0,1.0,1.0,0.0,0.0,0.0,1.0,1.0,0.0,0.0,0.0
0,11.0,"gate_out=self.randomly_select_exit(model,(self.combine(neighbourhood_count_exits,compare_distance)))",0.18402643758529685,0.30262586945188097,23380.100810050957,1.0,1.0,1.0,0.0,0.0,0.0,1.0,1.0,0.0,0.0,0.0
0,11.0,"gate_out=self.randomly_select_exit(model,(self.combine(neighbourhood_count_exits,compare_distance)))",0.18402643758529685,0.3958201077363375,23380.100810050957,1.0,1.0,1.0,0.0,0.0,0.0,1.0,1.0,0.0,0.0,0.0
0,11.0,"gate_out=self.randomly_select_exit(model,(self.combine(self.combine(compare_width,similarity_by_age),self.subtract(compare_width,similarity_by_age))))",0.5507026477358328,0.5507026477358328,23380.100810050957,1.0,2.0,0.0,2.0,0.0,0.0,0.0,1.0,2.0,0.0,1.0
0,11.0,"gate_out=self.randomly_select_exit(model,(self.combine(neighbourhood_count_exits,compare_distance)))",0.18402643758529685,0.24365086744567424,23380.100810050957,1.0,1.0,1.0,0.0,0.0,0.0,1.0,1.0,0.0,0.0,0.0
0,11.0,"gate_out=self.randomly_select_exit(model,(self.combine(self.subtract(self.combine(similarity_by_age,self.combine(compare_distance,similarity_by_age)),self.combine(similarity_by_gender,neighbourhood_count_exits)),compare_distance)))",0.5487491429456479,0.5487491429456479,23380.100810050957,1.0,4.0,2.0,0.0,0.0,0.0,1.0,1.0,2.0,1.0,1.0
0,11.0,"gate_out=self.randomly_select_exit(model,(self.combine(neighbourhood_count_exits,compare_distance)))",0.18402643758529685,0.32193841123896194,23380.100810050957,1.0,1.0,1.0,0.0,0.0,0.0,1.0,1.0,0.0,0.0,0.0
0,11.0,"gate_out=self.randomly_select_exit(model,(self.combine(neighbourhood_count_exits,compare_distance)))",0.18402643758529685,0.30967333267781777,23380.100810050957,1.0,1.0,1.0,0.0,0.0,0.0,1.0,1.0,0.0,0.0,0.0
0,11.0,"gate_out=self.randomly_select_exit(model,(self.combine(neighbourhood_count_exits,compare_distance)))",0.18402643758529685,0.2579734100572648,23380.100810050957,1.0,1.0,1.0,0.0,0.0,0.0,1.0,1.0,0.0,0.0,0.0
0,11.0,"gate_out=self.randomly_select_exit(model,(self.combine(neighbourhood_count_exits,compare_distance)))",0.18402643758529685,0.3817520391358618,23380.100810050957,1.0,1.0,1.0,0.0,0.0,0.0,1.0,1.0,0.0,0.0,0.0
0,11.0,"gate_out=self.randomly_select_exit(model,(self.combine(neighbourhood_count_exits,compare_distance)))",0.18402643758529685,0.2850851714455475,23380.100810050957,1.0,1.0,1.0,0.0,0.0,0.0,1.0,1.0,0.0,0.0,0.0
0,11.0,"gate_out=self.randomly_select_exit(model,(self.combine(neighbourhood_count_exits,compare_distance)))",0.18402643758529685,0.2741970053927314,23380.100810050957,1.0,1.0,1.0,0.0,0.0,0.0,1.0,1.0,0.0,0.0,0.0
0,12.0,"gate_out=self.get_max_select_exit(model,(self.subtract(compare_width,compare_distance)))",0.576608789066585,0.576608789066585,25384.49156165123,1.0,0.0,1.0,1.0,1.0,0.0,0.0,0.0,0.0,0.0,1.0
0,12.0,"gate_out=self.randomly_select_exit(model,(neighbourhood_count_exits))",0.2276636559919081,0.2845674927857634,25384.49156165123,1.0,0.0,0.0,0.0,0.0,0.0,1.0,1.0,0.0,0.0,0.0
0,12.0,"gate_out=self.randomly_select_exit(model,(self.combine(neighbourhood_count_exits,compare_distance)))",0.18402643758529685,0.2400435140737365,25384.49156165123,1.0,1.0,1.0,0.0,0.0,0.0,1.0,1.0,0.0,0.0,0.0
0,12.0,"gate_out=self.randomly_select_exit(model,(self.combine(neighbourhood_count_exits,compare_distance)))",0.18402643758529685,0.4065667496807116,25384.49156165123,1.0,1.0,1.0,0.0,0.0,0.0,1.0,1.0,0.0,0.0,0.0
0,12.0,"gate_out=self.randomly_select_exit(model,(self.combine(neighbourhood_count_exits,compare_distance)))",0.18402643758529685,0.2304686905184703,25384.49156165123,1.0,1.0,1.0,0.0,0.0,0.0,1.0,1.0,0.0,0.0,0.0
0,12.0,"gate_out=self.randomly_select_exit(model,(self.combine(neighbourhood_count_exits,compare_distance)))",0.18402643758529685,0.31922520777053065,25384.49156165123,1.0,1.0,1.0,0.0,0.0,0.0,1.0,1.0,0.0,0.0,0.0
0,12.0,"gate_out=self.randomly_select_exit(model,(self.combine(neighbourhood_count_exits,compare_distance)))",0.18402643758529685,0.2902586723220877,25384.49156165123,1.0,1.0,1.0,0.0,0.0,0.0,1.0,1.0,0.0,0.0,0.0
0,12.0,"gate_out=self.randomly_select_exit(model,(self.combine(neighbourhood_count_exits,compare_distance)))",0.18402643758529685,0.2712460684559889,25384.49156165123,1.0,1.0,1.0,0.0,0.0,0.0,1.0,1.0,0.0,0.0,0.0
0,12.0,"gate_out=self.randomly_select_exit(model,(self.combine(neighbourhood_count_exits,compare_distance)))",0.18402643758529685,0.2948087253941425,25384.49156165123,1.0,1.0,1.0,0.0,0.0,0.0,1.0,1.0,0.0,0.0,0.0
0,12.0,"gate_out=self.randomly_select_exit(model,(self.combine(neighbourhood_count_exits,compare_distance)))",0.18402643758529685,0.36687255522032985,25384.49156165123,1.0,1.0,1.0,0.0,0.0,0.0,1.0,1.0,0.0,0.0,0.0
0,12.0,"gate_out=self.randomly_select_exit(model,(compare_distance))",0.2551027523285299,0.4687208531762888,25384.49156165123,1.0,0.0,1.0,0.0,0.0,0.0,0.0,1.0,0.0,0.0,0.0
0,12.0,"gate_out=self.randomly_select_exit(model,(self.combine(self.subtract(self.combine(similarity_by_gender,similarity_by_gender),self.combine(neighbourhood_count_exits,similarity_by_gender)),self.combine(neighbourhood_count_exits,compare_distance))))",0.5497335455294367,0.5497335455294367,25384.49156165123,1.0,4.0,1.0,0.0,0.0,0.0,2.0,1.0,0.0,3.0,1.0
0,12.0,"gate_out=self.randomly_select_exit(model,(self.subtract(self.combine(self.combine(compare_distance,neighbourhood_count_exits),self.combine(compare_distance,compare_width)),self.combine(self.combine(neighbourhood_count_exits,neighbourhood_count_exits),self.subtract(compare_distance,similarity_by_gender)))))",0.5535050783104403,0.5535330424875705,25384.49156165123,1.0,5.0,3.0,1.0,0.0,0.0,3.0,1.0,0.0,1.0,2.0
0,12.0,"gate_out=self.randomly_select_exit(model,(self.combine(neighbourhood_count_exits,compare_distance)))",0.18402643758529685,0.29395645667362513,25384.49156165123,1.0,1.0,1.0,0.0,0.0,0.0,1.0,1.0,0.0,0.0,0.0
0,12.0,"gate_out=self.randomly_select_exit(model,(self.combine(neighbourhood_count_exits,compare_distance)))",0.18402643758529685,0.3295232612337851,25384.49156165123,1.0,1.0,1.0,0.0,0.0,0.0,1.0,1.0,0.0,0.0,0.0
0,12.0,"gate_out=self.randomly_select_exit(model,(self.combine(neighbourhood_count_exits,compare_distance)))",0.18402643758529685,0.2696902742291768,25384.49156165123,1.0,1.0,1.0,0.0,0.0,0.0,1.0,1.0,0.0,0.0,0.0
0,12.0,"gate_out=self.randomly_select_exit(model,(self.combine(compare_distance,compare_distance)))",0.294436228191307,0.294436228191307,25384.49156165123,1.0,1.0,2.0,0.0,0.0,0.0,0.0,1.0,0.0,0.0,0.0
0,12.0,"gate_out=self.randomly_select_exit(model,(self.combine(self.subtract(self.combine(compare_distance,compare_width),self.combine(compare_distance,similarity_by_age)),neighbourhood_count_exits)))",0.5494625799491138,0.5494625799491138,25384.49156165123,1.0,3.0,2.0,1.0,0.0,0.0,1.0,1.0,1.0,0.0,1.0
0,12.0,"gate_out=self.randomly_select_exit(model,(self.combine(neighbourhood_count_exits,self.combine(neighbourhood_count_exits,compare_distance))))",0.2258239491744677,0.3663793556486663,25384.49156165123,1.0,2.0,1.0,0.0,0.0,0.0,2.0,1.0,0.0,0.0,0.0
0,12.0,"gate_out=self.randomly_select_exit(model,(compare_distance))",0.2551027523285299,0.2551027523285299,25384.49156165123,1.0,0.0,1.0,0.0,0.0,0.0,0.0,1.0,0.0,0.0,0.0
0,12.0,"gate_out=self.randomly_select_exit(model,(self.combine(neighbourhood_count_exits,compare_distance)))",0.18402643758529685,0.2590057675699291,25384.49156165123,1.0,1.0,1.0,0.0,0.0,0.0,1.0,1.0,0.0,0.0,0.0
0,12.0,"gate_out=self.randomly_select_exit(model,(self.combine(neighbourhood_count_exits,compare_distance)))",0.18402643758529685,0.2488981205451902,25384.49156165123,1.0,1.0,1.0,0.0,0.0,0.0,1.0,1.0,0.0,0.0,0.0
0,12.0,"gate_out=self.randomly_select_exit(model,(self.combine(neighbourhood_count_exits,self.combine(neighbourhood_count_exits,compare_distance))))",0.2258239491744677,0.25595579672022456,25384.49156165123,1.0,2.0,1.0,0.0,0.0,0.0,2.0,1.0,0.0,0.0,0.0
0,12.0,"gate_out=self.randomly_select_exit(model,(compare_distance))",0.2551027523285299,0.5448231516505,25384.49156165123,1.0,0.0,1.0,0.0,0.0,0.0,0.0,1.0,0.0,0.0,0.0
0,12.0,"gate_out=self.randomly_select_exit(model,(self.combine(neighbourhood_count_exits,compare_distance)))",0.18402643758529685,0.3259504550954615,25384.49156165123,1.0,1.0,1.0,0.0,0.0,0.0,1.0,1.0,0.0,0.0,0.0
0,13.0,"gate_out=self.randomly_select_exit(model,(self.combine(neighbourhood_count_exits,compare_distance)))",0.18402643758529685,0.22411758755036426,27494.522329092026,1.0,1.0,1.0,0.0,0.0,0.0,1.0,1.0,0.0,0.0,0.0
0,13.0,"gate_out=self.randomly_select_exit(model,(self.combine(neighbourhood_count_exits,compare_distance)))",0.18402643758529685,0.2668271789025121,27494.522329092026,1.0,1.0,1.0,0.0,0.0,0.0,1.0,1.0,0.0,0.0,0.0
0,13.0,"gate_out=self.randomly_select_exit(model,(self.combine(self.combine(similarity_by_gender,compare_width),self.subtract(neighbourhood_count_exits,compare_width))))",0.4186940266111551,0.4186940266111551,27494.522329092026,1.0,2.0,0.0,2.0,0.0,0.0,1.0,1.0,0.0,1.0,1.0
0,13.0,"gate_out=self.randomly_select_exit(model,(self.combine(self.subtract(self.subtract(compare_width,compare_distance),self.combine(similarity_by_age,neighbourhood_count_exits)),compare_distance)))",0.5498716061110798,0.5498716061110798,27494.522329092026,1.0,2.0,2.0,1.0,0.0,0.0,1.0,1.0,1.0,0.0,2.0
0,13.0,"gate_out=self.randomly_select_exit(model,(self.combine(neighbourhood_count_exits,compare_distance)))",0.18402643758529685,0.2472655454694022,27494.522329092026,1.0,1.0,1.0,0.0,0.0,0.0,1.0,1.0,0.0,0.0,0.0
0,13.0,"gate_out=self.randomly_select_exit(model,(compare_distance))",0.2551027523285299,0.4045876088128947,27494.522329092026,1.0,0.0,1.0,0.0,0.0,0.0,0.0,1.0,0.0,0.0,0.0
0,13.0,"gate_out=self.randomly_select_exit(model,(self.combine(neighbourhood_count_exits,compare_distance)))",0.18402643758529685,0.2650850804331917,27494.522329092026,1.0,1.0,1.0,0.0,0.0,0.0,1.0,1.0,0.0,0.0,0.0
0,13.0,"gate_out=self.randomly_select_exit(model,(self.combine(neighbourhood_count_exits,self.combine(neighbourhood_count_exits,compare_distance))))",0.2258239491744677,0.26517040726175306,27494.522329092026,1.0,2.0,1.0,0.0,0.0,0.0,2.0,1.0,0.0,0.0,0.0
0,13.0,"gate_out=self.randomly_select_exit(model,(self.combine(neighbourhood_count_exits,compare_distance)))",0.18402643758529685,0.3130709812388903,27494.522329092026,1.0,1.0,1.0,0.0,0.0,0.0,1.0,1.0,0.0,0.0,0.0
0,13.0,"gate_out=self.randomly_select_exit(model,(self.combine(neighbourhood_count_exits,compare_distance)))",0.18402643758529685,0.2469803121286919,27494.522329092026,1.0,1.0,1.0,0.0,0.0,0.0,1.0,1.0,0.0,0.0,0.0
0,13.0,"gate_out=self.randomly_select_exit(model,(self.combine(compare_distance,compare_distance)))",0.2740110449092843,0.4233012508379663,27494.522329092026,1.0,1.0,2.0,0.0,0.0,0.0,0.0,1.0,0.0,0.0,0.0
0,13.0,"gate_out=self.randomly_select_exit(model,(self.combine(neighbourhood_count_exits,neighbourhood_count_exits)))",0.19064362103578392,0.2896872341388637,27494.522329092026,1.0,1.0,0.0,0.0,0.0,0.0,2.0,1.0,0.0,0.0,0.0
0,13.0,"gate_out=self.randomly_select_exit(model,(self.combine(self.subtract(self.subtract(similarity_by_age,neighbourhood_count_exits),self.subtract(self.subtract(similarity_by_gender,similarity_by_gender),self.subtract(similarity_by_age,compare_width))),neighbourhood_count_exits)))",0.5528776207404134,0.5528776207404134,27494.522329092026,1.0,1.0,0.0,1.0,0.0,0.0,2.0,1.0,2.0,2.0,5.0
0,13.0,"gate_out=self.randomly_select_exit(model,(self.combine(compare_distance,compare_distance)))",0.2740110449092843,0.2740110449092843,27494.522329092026,1.0,1.0,2.0,0.0,0.0,0.0,0.0,1.0,0.0,0.0,0.0
0,13.0,"gate_out=self.randomly_select_exit(model,(neighbourhood_count_exits))",0.2276636559919081,0.317968845272364,27494.522329092026,1.0,0.0,0.0,0.0,0.0,0.0,1.0,1.0,0.0,0.0,0.0
0,13.0,"gate_out=self.randomly_select_exit(model,(self.combine(neighbourhood_count_exits,compare_distance)))",0.18402643758529685,0.2318841549041248,27494.522329092026,1.0,1.0,1.0,0.0,0.0,0.0,1.0,1.0,0.0,0.0,0.0
0,13.0,"gate_out=self.randomly_select_exit(model,(self.combine(neighbourhood_count_exits,self.combine(neighbourhood_count_exits,compare_distance))))",0.2258239491744677,0.356166248560474,27494.522329092026,1.0,2.0,1.0,0.0,0.0,0.0,2.0,1.0,0.0,0.0,0.0
0,13.0,"gate_out=self.randomly_select_exit(model,(compare_distance))",0.2551027523285299,0.3567995306597305,27494.522329092026,1.0,0.0,1.0,0.0,0.0,0.0,0.0,1.0,0.0,0.0,0.0
0,13.0,"gate_out=self.randomly_select_exit(model,(self.combine(neighbourhood_count_exits,compare_distance)))",0.18402643758529685,0.2785732635240213,27494.522329092026,1.0,1.0,1.0,0.0,0.0,0.0,1.0,1.0,0.0,0.0,0.0
0,13.0,"gate_out=self.randomly_select_exit(model,(self.combine(neighbourhood_count_exits,compare_distance)))",0.18402643758529685,0.26810964381948243,27494.522329092026,1.0,1.0,1.0,0.0,0.0,0.0,1.0,1.0,0.0,0.0,0.0
0,13.0,"gate_out=self.randomly_select_exit(model,(self.combine(self.subtract(neighbourhood_count_exits,self.combine(compare_distance,similarity_by_age)),neighbourhood_count_exits)))",0.3792287267446983,0.3792287267446983,27494.522329092026,1.0,2.0,1.0,0.0,0.0,0.0,2.0,1.0,1.0,0.0,1.0
0,13.0,"gate_out=self.randomly_select_exit(model,(self.combine(self.combine(compare_distance,compare_width),compare_distance)))",0.5497384896506392,0.5497384896506392,27494.522329092026,1.0,2.0,2.0,1.0,0.0,0.0,0.0,1.0,0.0,0.0,0.0
0,13.0,"gate_out=self.randomly_select_exit(model,(self.combine(self.subtract(self.combine(similarity_by_gender,self.combine(similarity_by_age,similarity_by_age)),self.subtract(self.subtract(similarity_by_age,compare_distance),compare_width)),compare_distance)))",0.5507324920035273,0.5507324920035273,27494.522329092026,1.0,3.0,2.0,1.0,0.0,0.0,0.0,1.0,3.0,1.0,3.0
0,13.0,"gate_out=self.randomly_select_exit(model,(self.combine(neighbourhood_count_exits,compare_distance)))",0.18402643758529685,0.2619977081852306,27494.522329092026,1.0,1.0,1.0,0.0,0.0,0.0,1.0,1.0,0.0,0.0,0.0
0,13.0,"gate_out=self.randomly_select_exit(model,(self.combine(neighbourhood_count_exits,compare_distance)))",0.18402643758529685,0.23193939039997835,27494.522329092026,1.0,1.0,1.0,0.0,0.0,0.0,1.0,1.0,0.0,0.0,0.0
1,0.0,"gate_out=self.randomly_select_exit(model,(self.combine(neighbourhood_count_exits,compare_distance)))",0.18402643758529685,0.2726463273206431,28758.15356755257,1.0,1.0,1.0,0.0,0.0,0.0,1.0,1.0,0.0,0.0,0.0
1,0.0,"gate_out=self.randomly_select_exit(model,(self.combine(neighbourhood_count_exits,neighbourhood_count_exits)))",0.19064362103578392,0.30929205393583903,28758.15356755257,1.0,1.0,0.0,0.0,0.0,0.0,2.0,1.0,0.0,0.0,0.0
1,0.0,"gate_out=self.randomly_select_exit(model,(self.subtract(neighbourhood_count_exits,neighbourhood_count_exits)))",0.2254637115993308,0.34874917725243576,28758.15356755257,1.0,0.0,0.0,0.0,0.0,0.0,2.0,1.0,0.0,0.0,1.0
1,0.0,"gate_out=self.randomly_select_exit(model,(self.combine(neighbourhood_count_exits,self.combine(neighbourhood_count_exits,compare_distance))))",0.2258239491744677,0.2428175088786984,28758.15356755257,1.0,2.0,1.0,0.0,0.0,0.0,2.0,1.0,0.0,0.0,0.0
1,0.0,"gate_out=self.randomly_select_exit(model,(neighbourhood_count_exits))",0.2276636559919081,0.3039251298921845,28758.15356755257,1.0,0.0,0.0,0.0,0.0,0.0,1.0,1.0,0.0,0.0,0.0
1,0.0,"gate_out=self.get_min_select_exit(model,(compare_width))",0.5725040746282833,0.5738105559505655,28758.15356755257,1.0,0.0,0.0,1.0,0.0,1.0,0.0,0.0,0.0,0.0,0.0
1,0.0,"gate_out=self.get_min_select_exit(model,(similarity_by_gender))",0.5753190606019345,0.5754444315435804,28758.15356755257,1.0,0.0,0.0,0.0,0.0,1.0,0.0,0.0,0.0,1.0,0.0
1,0.0,"gate_out=self.randomly_select_exit(model,(neighbourhood_count_exits))",0.2276636559919081,0.2583490480229617,28758.15356755257,1.0,0.0,0.0,0.0,0.0,0.0,1.0,1.0,0.0,0.0,0.0
1,0.0,"gate_out=self.get_min_select_exit(model,(compare_distance))",0.5742741846730666,0.5771606673588636,28758.15356755257,1.0,0.0,1.0,0.0,0.0,1.0,0.0,0.0,0.0,0.0,0.0
1,0.0,"gate_out=self.get_max_select_exit(model,(compare_distance))",0.5778655570306459,0.5789386691044838,28758.15356755257,1.0,0.0,1.0,0.0,1.0,0.0,0.0,0.0,0.0,0.0,0.0
1,0.0,"gate_out=self.get_max_select_exit(model,(self.combine(compare_width,self.subtract(similarity_by_age,similarity_by_age))))",0.5740799477731442,0.5740799477731442,28758.15356755257,1.0,1.0,0.0,1.0,1.0,0.0,0.0,0.0,2.0,0.0,1.0
1,0.0,"gate_out=self.randomly_select_exit(model,(compare_width))",0.5514034324082473,0.5529680786020734,28758.15356755257,1.0,0.0,0.0,1.0,0.0,0.0,0.0,1.0,0.0,0.0,0.0
1,0.0,"gate_out=self.get_min_select_exit(model,(self.subtract(self.combine(self.subtract(compare_distance,compare_distance),compare_width),self.combine(self.combine(similarity_by_gender,compare_distance),compare_distance))))",0.5745968985326301,0.5745968985326301,28758.15356755257,1.0,3.0,4.0,1.0,0.0,1.0,0.0,0.0,0.0,1.0,2.0
1,0.0,"gate_out=self.get_min_select_exit(model,(neighbourhood_count_exits))",0.5713131604685936,0.5740431841486391,28758.15356755257,1.0,0.0,0.0,0.0,0.0,1.0,1.0,0.0,0.0,0.0,0.0
1,0.0,"gate_out=self.get_min_select_exit(model,(self.subtract(self.subtract(neighbourhood_count_exits,neighbourhood_count_exits),neighbourhood_count_exits)))",0.5766949485732832,0.5766949485732832,28758.15356755257,1.0,0.0,0.0,0.0,0.0,1.0,3.0,0.0,0.0,0.0,2.0
1,0.0,"gate_out=self.get_min_select_exit(model,(similarity_by_gender))",0.5753190606019345,0.5753190606019345,28758.15356755257,1.0,0.0,0.0,0.0,0.0,1.0,0.0,0.0,0.0,1.0,0.0
1,0.0,"gate_out=self.get_min_select_exit(model,(self.subtract(neighbourhood_count_exits,neighbourhood_count_exits)))",0.5725972457482116,0.5735923885378975,28758.15356755257,1.0,0.0,0.0,0.0,0.0,1.0,2.0,0.0,0.0,0.0,1.0
1,0.0,"gate_out=self.get_min_select_exit(model,(self.combine(self.subtract(compare_width,self.combine(similarity_by_age,similarity_by_gender)),similarity_by_gender)))",0.5720428434268774,0.5720428434268774,28758.15356755257,1.0,2.0,0.0,1.0,0.0,1.0,0.0,0.0,1.0,2.0,1.0
1,0.0,"gate_out=self.get_max_select_exit(model,(self.combine(neighbourhood_count_exits,self.combine(neighbourhood_count_exits,neighbourhood_count_exits))))",0.5779851153656744,0.5779851153656744,28758.15356755257,1.0,2.0,0.0,0.0,1.0,0.0,3.0,0.0,0.0,0.0,0.0
1,0.0,"gate_out=self.get_min_select_exit(model,(self.subtract(compare_width,neighbourhood_count_exits)))",0.5769501700017267,0.5769501700017267,28758.15356755257,1.0,0.0,0.0,1.0,0.0,1.0,1.0,0.0,0.0,0.0,1.0
1,0.0,"gate_out=self.randomly_select_exit(model,(neighbourhood_count_exits))",0.2276636559919081,0.3564783730630804,28758.15356755257,1.0,0.0,0.0,0.0,0.0,0.0,1.0,1.0,0.0,0.0,0.0
1,0.0,"gate_out=self.get_min_select_exit(model,(self.subtract(neighbourhood_count_exits,neighbourhood_count_exits)))",0.5725972457482116,0.5725972457482116,28758.15356755257,1.0,0.0,0.0,0.0,0.0,1.0,2.0,0.0,0.0,0.0,1.0
1,0.0,"gate_out=self.randomly_select_exit(model,(self.combine(self.combine(compare_distance,neighbourhood_count_exits),self.combine(compare_distance,similarity_by_age))))",0.2396551455099624,0.2396551455099624,28758.15356755257,1.0,3.0,2.0,0.0,0.0,0.0,1.0,1.0,1.0,0.0,0.0
1,0.0,"gate_out=self.randomly_select_exit(model,(compare_distance))",0.2551027523285299,0.35200541710384914,28758.15356755257,1.0,0.0,1.0,0.0,0.0,0.0,0.0,1.0,0.0,0.0,0.0
1,0.0,"gate_out=self.randomly_select_exit(model,(compare_distance))",0.2551027523285299,0.370885479648128,28758.15356755257,1.0,0.0,1.0,0.0,0.0,0.0,0.0,1.0,0.0,0.0,0.0
1,0.0,"gate_out=self.randomly_select_exit(model,(compare_distance))",0.2551027523285299,0.34896679990403034,28758.15356755257,1.0,0.0,1.0,0.0,0.0,0.0,0.0,1.0,0.0,0.0,0.0
1,0.0,"gate_out=self.get_max_select_exit(model,(self.subtract(neighbourhood_count_exits,compare_distance)))",0.5778408714462704,0.5778408714462704,28758.15356755257,1.0,0.0,1.0,0.0,1.0,0.0,1.0,0.0,0.0,0.0,1.0
1,0.0,"gate_out=self.get_max_select_exit(model,(similarity_by_age))",0.5734930537629999,0.5734930537629999,28758.15356755257,1.0,0.0,0.0,0.0,1.0,0.0,0.0,0.0,1.0,0.0,0.0
1,0.0,"gate_out=self.randomly_select_exit(model,(similarity_by_gender))",0.5487134075261925,0.5497160730489331,28758.15356755257,1.0,0.0,0.0,0.0,0.0,0.0,0.0,1.0,0.0,1.0,0.0
1,0.0,"gate_out=self.get_max_select_exit(model,(neighbourhood_count_exits))",0.5760937584759344,0.5769344024454448,28758.15356755257,1.0,0.0,0.0,0.0,1.0,0.0,1.0,0.0,0.0,0.0,0.0
1,0.0,"gate_out=self.get_min_select_exit(model,(self.combine(self.subtract(similarity_by_age,self.combine(neighbourhood_count_exits,neighbourhood_count_exits)),self.combine(compare_width,self.subtract(compare_width,similarity_by_age)))))",0.5766414747025872,0.5766414747025872,28758.15356755257,1.0,3.0,0.0,2.0,0.0,1.0,2.0,0.0,2.0,0.0,2.0
1,0.0,"gate_out=self.get_min_select_exit(model,(similarity_by_age))",0.5744514154637148,0.576712944953044,28758.15356755257,1.0,0.0,0.0,0.0,0.0,1.0,0.0,0.0,1.0,0.0,0.0
1,0.0,"gate_out=self.get_max_select_exit(model,(self.combine(neighbourhood_count_exits,neighbourhood_count_exits)))",0.57690032538498,0.57690032538498,28758.15356755257,1.0,1.0,0.0,0.0,1.0,0.0,2.0,0.0,0.0,0.0,0.0
1,0.0,"gate_out=self.get_min_select_exit(model,(self.combine(compare_width,similarity_by_gender)))",0.5763727117899126,0.5763727117899126,28758.15356755257,1.0,1.0,0.0,1.0,0.0,1.0,0.0,0.0,0.0,1.0,0.0
1,0.0,"gate_out=self.get_min_select_exit(model,(neighbourhood_count_exits))",0.5713131604685936,0.572701415690948,28758.15356755257,1.0,0.0,0.0,0.0,0.0,1.0,1.0,0.0,0.0,0.0,0.0
1,1.0,"gate_out=self.randomly_select_exit(model,(self.combine(neighbourhood_count_exits,compare_distance)))",0.18402643758529685,0.3179179794932245,30768.03184819221,1.0,1.0,1.0,0.0,0.0,0.0,1.0,1.0,0.0,0.0,0.0
1,1.0,"gate_out=self.get_min_select_exit(model,(self.subtract(neighbourhood_count_exits,neighbourhood_count_exits)))",0.5725972457482116,0.5742498084956594,30768.03184819221,1.0,0.0,0.0,0.0,0.0,1.0,2.0,0.0,0.0,0.0,1.0
1,1.0,"gate_out=self.randomly_select_exit(model,(neighbourhood_count_exits))",0.2276636559919081,0.2612154784407696,30768.03184819221,1.0,0.0,0.0,0.0,0.0,0.0,1.0,1.0,0.0,0.0,0.0
1,1.0,"gate_out=self.randomly_select_exit(model,(compare_distance))",0.2551027523285299,0.2861583997694407,30768.03184819221,1.0,0.0,1.0,0.0,0.0,0.0,0.0,1.0,0.0,0.0,0.0
1,1.0,"gate_out=self.randomly_select_exit(model,(compare_distance))",0.2551027523285299,0.2937734895322953,30768.03184819221,1.0,0.0,1.0,0.0,0.0,0.0,0.0,1.0,0.0,0.0,0.0
1,1.0,"gate_out=self.randomly_select_exit(model,(self.combine(neighbourhood_count_exits,self.combine(neighbourhood_count_exits,compare_distance))))",0.22091224711533364,0.22091224711533364,30768.03184819221,1.0,2.0,1.0,0.0,0.0,0.0,2.0,1.0,0.0,0.0,0.0
1,1.0,"gate_out=self.randomly_select_exit(model,(compare_distance))",0.2551027523285299,0.412207664461328,30768.03184819221,1.0,0.0,1.0,0.0,0.0,0.0,0.0,1.0,0.0,0.0,0.0
1,1.0,"gate_out=self.randomly_select_exit(model,(neighbourhood_count_exits))",0.2276636559919081,0.2562099967985121,30768.03184819221,1.0,0.0,0.0,0.0,0.0,0.0,1.0,1.0,0.0,0.0,0.0
1,1.0,"gate_out=self.get_min_select_exit(model,(neighbourhood_count_exits))",0.5713131604685936,0.5728048801500807,30768.03184819221,1.0,0.0,0.0,0.0,0.0,1.0,1.0,0.0,0.0,0.0,0.0
1,1.0,"gate_out=self.get_max_select_exit(model,(similarity_by_age))",0.5734930537629999,0.5743002368072029,30768.03184819221,1.0,0.0,0.0,0.0,1.0,0.0,0.0,0.0,1.0,0.0,0.0
1,1.0,"gate_out=self.randomly_select_exit(model,(neighbourhood_count_exits))",0.2276636559919081,0.2731747914741208,30768.03184819221,1.0,0.0,0.0,0.0,0.0,0.0,1.0,1.0,0.0,0.0,0.0
1,1.0,"gate_out=self.get_min_select_exit(model,(compare_width))",0.5725040746282833,0.5746278801313064,30768.03184819221,1.0,0.0,0.0,1.0,0.0,1.0,0.0,0.0,0.0,0.0,0.0
1,1.0,"gate_out=self.randomly_select_exit(model,(self.combine(self.combine(compare_distance,neighbourhood_count_exits),self.combine(compare_distance,similarity_by_age))))",0.2304008119121159,0.2523766985163182,30768.03184819221,1.0,3.0,2.0,0.0,0.0,0.0,1.0,1.0,1.0,0.0,0.0
1,1.0,"gate_out=self.randomly_select_exit(model,(compare_distance))",0.2551027523285299,0.3640389388253668,30768.03184819221,1.0,0.0,1.0,0.0,0.0,0.0,0.0,1.0,0.0,0.0,0.0
1,1.0,"gate_out=self.get_min_select_exit(model,(self.subtract(self.subtract(neighbourhood_count_exits,neighbourhood_count_exits),neighbourhood_count_exits)))",0.5755286003223636,0.5755286003223636,30768.03184819221,1.0,0.0,0.0,0.0,0.0,1.0,3.0,0.0,0.0,0.0,2.0
1,1.0,"gate_out=self.get_max_select_exit(model,(similarity_by_age))",0.5734930537629999,0.5744127863179636,30768.03184819221,1.0,0.0,0.0,0.0,1.0,0.0,0.0,0.0,1.0,0.0,0.0
1,1.0,"gate_out=self.randomly_select_exit(model,(self.combine(neighbourhood_count_exits,self.combine(neighbourhood_count_exits,compare_distance))))",0.22091224711533364,0.2821792542569943,30768.03184819221,1.0,2.0,1.0,0.0,0.0,0.0,2.0,1.0,0.0,0.0,0.0
1,1.0,"gate_out=self.get_min_select_exit(model,(self.combine(neighbourhood_count_exits,compare_width)))",0.5730146347742141,0.5730146347742141,30768.03184819221,1.0,1.0,0.0,1.0,0.0,1.0,1.0,0.0,0.0,0.0,0.0
1,1.0,"gate_out=self.get_max_select_exit(model,(self.combine(similarity_by_age,compare_width)))",0.5737924824383108,0.5737924824383108,30768.03184819221,1.0,1.0,0.0,1.0,1.0,0.0,0.0,0.0,1.0,0.0,0.0
1,1.0,"gate_out=self.get_min_select_exit(model,(similarity_by_gender))",0.5752921912763618,0.5752921912763618,30768.03184819221,1.0,0.0,0.0,0.0,0.0,1.0,0.0,0.0,0.0,1.0,0.0
1,1.0,"gate_out=self.get_min_select_exit(model,(neighbourhood_count_exits))",0.5713131604685936,0.5728605761269182,30768.03184819221,1.0,0.0,0.0,0.0,0.0,1.0,1.0,0.0,0.0,0.0,0.0
1,1.0,"gate_out=self.randomly_select_exit(model,(self.combine(self.subtract(self.subtract(similarity_by_age,similarity_by_age),self.subtract(similarity_by_age,compare_width)),self.subtract(compare_width,similarity_by_age))))",0.5511503878845255,0.5511503878845255,30768.03184819221,1.0,1.0,0.0,2.0,0.0,0.0,0.0,1.0,4.0,0.0,4.0
1,1.0,"gate_out=self.randomly_select_exit(model,(self.combine(self.combine(compare_distance,neighbourhood_count_exits),self.combine(compare_distance,similarity_by_age))))",0.2304008119121159,0.2304008119121159,30768.03184819221,1.0,3.0,2.0,0.0,0.0,0.0,1.0,1.0,1.0,0.0,0.0
1,1.0,"gate_out=self.get_min_select_exit(model,(self.combine(self.subtract(compare_width,self.combine(similarity_by_age,similarity_by_gender)),similarity_by_gender)))",0.5720428434268774,0.5720891743479426,30768.03184819221,1.0,2.0,0.0,1.0,0.0,1.0,0.0,0.0,1.0,2.0,1.0
1,1.0,"gate_out=self.randomly_select_exit(model,(compare_distance))",0.2551027523285299,0.5463173584934982,30768.03184819221,1.0,0.0,1.0,0.0,0.0,0.0,0.0,1.0,0.0,0.0,0.0
1,1.0,"gate_out=self.randomly_select_exit(model,(compare_distance))",0.2551027523285299,0.5490922376820069,30768.03184819221,1.0,0.0,1.0,0.0,0.0,0.0,0.0,1.0,0.0,0.0,0.0
1,1.0,"gate_out=self.randomly_select_exit(model,(self.combine(neighbourhood_count_exits,neighbourhood_count_exits)))",0.19064362103578392,0.28390534480059737,30768.03184819221,1.0,1.0,0.0,0.0,0.0,0.0,2.0,1.0,0.0,0.0,0.0
1,1.0,"gate_out=self.randomly_select_exit(model,(neighbourhood_count_exits))",0.2276636559919081,0.3147327849163233,30768.03184819221,1.0,0.0,0.0,0.0,0.0,0.0,1.0,1.0,0.0,0.0,0.0
1,1.0,"gate_out=self.randomly_select_exit(model,(self.combine(neighbourhood_count_exits,neighbourhood_count_exits)))",0.19064362103578392,0.253335352196152,30768.03184819221,1.0,1.0,0.0,0.0,0.0,0.0,2.0,1.0,0.0,0.0,0.0
1,1.0,"gate_out=self.randomly_select_exit(model,(self.combine(self.combine(compare_distance,neighbourhood_count_exits),self.combine(self.subtract(compare_width,neighbourhood_count_exits),self.combine(similarity_by_age,self.combine(similarity_by_age,similarity_by_gender))))))",0.5496026283380157,0.5496026283380157,30768.03184819221,1.0,5.0,1.0,1.0,0.0,0.0,2.0,1.0,2.0,1.0,1.0
1,1.0,"gate_out=self.randomly_select_exit(model,(self.combine(self.subtract(self.subtract(self.subtract(similarity_by_age,similarity_by_gender),neighbourhood_count_exits),self.combine(self.subtract(compare_distance,compare_distance),self.subtract(compare_distance,neighbourhood_count_exits))),similarity_by_gender)))",0.5071099910931471,0.5071099910931471,30768.03184819221,1.0,2.0,3.0,0.0,0.0,0.0,2.0,1.0,1.0,2.0,5.0
1,1.0,"gate_out=self.get_min_select_exit(model,(self.combine(self.subtract(compare_width,self.combine(similarity_by_age,similarity_by_gender)),compare_distance)))",0.5738931489405041,0.5738931489405041,30768.03184819221,1.0,2.0,1.0,1.0,0.0,1.0,0.0,0.0,1.0,1.0,1.0
1,1.0,"gate_out=self.randomly_select_exit(model,(compare_distance))",0.2551027523285299,0.3501770615519517,30768.03184819221,1.0,0.0,1.0,0.0,0.0,0.0,0.0,1.0,0.0,0.0,0.0
1,1.0,"gate_out=self.randomly_select_exit(model,(self.combine(self.combine(compare_distance,neighbourhood_count_exits),self.combine(compare_distance,similarity_by_age))))",0.2304008119121159,0.29942512255744536,30768.03184819221,1.0,3.0,2.0,0.0,0.0,0.0,1.0,1.0,1.0,0.0,0.0
1,1.0,"gate_out=self.randomly_select_exit(model,(neighbourhood_count_exits))",0.2276636559919081,0.3920825841967103,30768.03184819221,1.0,0.0,0.0,0.0,0.0,0.0,1.0,1.0,0.0,0.0,0.0
1,2.0,"gate_out=self.randomly_select_exit(model,(neighbourhood_count_exits))",0.2276636559919081,0.2958868347328019,33514.187885522835,1.0,0.0,0.0,0.0,0.0,0.0,1.0,1.0,0.0,0.0,0.0
1,2.0,"gate_out=self.randomly_select_exit(model,(neighbourhood_count_exits))",0.2276636559919081,0.2652872310383437,33514.187885522835,1.0,0.0,0.0,0.0,0.0,0.0,1.0,1.0,0.0,0.0,0.0
1,2.0,"gate_out=self.randomly_select_exit(model,(compare_distance))",0.2551027523285299,0.4179195642367519,33514.187885522835,1.0,0.0,1.0,0.0,0.0,0.0,0.0,1.0,0.0,0.0,0.0
1,2.0,"gate_out=self.randomly_select_exit(model,(compare_distance))",0.2551027523285299,0.4088943225943832,33514.187885522835,1.0,0.0,1.0,0.0,0.0,0.0,0.0,1.0,0.0,0.0,0.0
1,2.0,"gate_out=self.randomly_select_exit(model,(compare_distance))",0.2551027523285299,0.4030271894808511,33514.187885522835,1.0,0.0,1.0,0.0,0.0,0.0,0.0,1.0,0.0,0.0,0.0
1,2.0,"gate_out=self.randomly_select_exit(model,(self.combine(self.subtract(self.subtract(self.subtract(self.subtract(self.subtract(similarity_by_gender,neighbourhood_count_exits),self.subtract(neighbourhood_count_exits,similarity_by_gender)),similarity_by_gender),neighbourhood_count_exits),self.combine(self.subtract(compare_distance,compare_distance),self.subtract(compare_distance,neighbourhood_count_exits))),similarity_by_gender)))",0.5504230326416717,0.5504230326416717,33514.187885522835,1.0,2.0,3.0,0.0,0.0,0.0,4.0,1.0,0.0,4.0,8.0
1,2.0,"gate_out=self.randomly_select_exit(model,(self.combine(self.combine(compare_distance,neighbourhood_count_exits),self.combine(self.subtract(compare_width,neighbourhood_count_exits),self.combine(similarity_by_age,self.combine(similarity_by_age,similarity_by_gender))))))",0.5496026283380157,0.5505054002029708,33514.187885522835,1.0,5.0,1.0,1.0,0.0,0.0,2.0,1.0,2.0,1.0,1.0
1,2.0,"gate_out=self.randomly_select_exit(model,(neighbourhood_count_exits))",0.2276636559919081,0.3917099263529115,33514.187885522835,1.0,0.0,0.0,0.0,0.0,0.0,1.0,1.0,0.0,0.0,0.0
1,2.0,"gate_out=self.randomly_select_exit(model,(self.combine(neighbourhood_count_exits,compare_distance)))",0.18402643758529685,0.3001446276604253,33514.187885522835,1.0,1.0,1.0,0.0,0.0,0.0,1.0,1.0,0.0,0.0,0.0
1,2.0,"gate_out=self.randomly_select_exit(model,(self.combine(neighbourhood_count_exits,neighbourhood_count_exits)))",0.19064362103578392,0.29371878986860106,33514.187885522835,1.0,1.0,0.0,0.0,0.0,0.0,2.0,1.0,0.0,0.0,0.0
1,2.0,"gate_out=self.randomly_select_exit(model,(compare_distance))",0.2551027523285299,0.5405379029594021,33514.187885522835,1.0,0.0,1.0,0.0,0.0,0.0,0.0,1.0,0.0,0.0,0.0
1,2.0,"gate_out=self.randomly_select_exit(model,(neighbourhood_count_exits))",0.2276636559919081,0.3540854906054021,33514.187885522835,1.0,0.0,0.0,0.0,0.0,0.0,1.0,1.0,0.0,0.0,0.0
1,2.0,"gate_out=self.randomly_select_exit(model,(self.combine(compare_distance,neighbourhood_count_exits)))",0.20300899329471248,0.20300899329471248,33514.187885522835,1.0,1.0,1.0,0.0,0.0,0.0,1.0,1.0,0.0,0.0,0.0
1,2.0,"gate_out=self.randomly_select_exit(model,(self.combine(neighbourhood_count_exits,self.combine(compare_distance,similarity_by_age))))",0.3625499933681636,0.3625499933681636,33514.187885522835,1.0,2.0,1.0,0.0,0.0,0.0,1.0,1.0,1.0,0.0,0.0
1,2.0,"gate_out=self.randomly_select_exit(model,(neighbourhood_count_exits))",0.2276636559919081,0.3483979114476732,33514.187885522835,1.0,0.0,0.0,0.0,0.0,0.0,1.0,1.0,0.0,0.0,0.0
1,2.0,"gate_out=self.randomly_select_exit(model,(self.combine(neighbourhood_count_exits,neighbourhood_count_exits)))",0.19064362103578392,0.3115097181800305,33514.187885522835,1.0,1.0,0.0,0.0,0.0,0.0,2.0,1.0,0.0,0.0,0.0
1,2.0,"gate_out=self.randomly_select_exit(model,(neighbourhood_count_exits))",0.2276636559919081,0.33726146922518474,33514.187885522835,1.0,0.0,0.0,0.0,0.0,0.0,1.0,1.0,0.0,0.0,0.0
1,2.0,"gate_out=self.randomly_select_exit(model,(neighbourhood_count_exits))",0.2276636559919081,0.285547275557351,33514.187885522835,1.0,0.0,0.0,0.0,0.0,0.0,1.0,1.0,0.0,0.0,0.0
1,2.0,"gate_out=self.randomly_select_exit(model,(self.combine(self.combine(compare_distance,neighbourhood_count_exits),self.combine(compare_distance,similarity_by_age))))",0.2304008119121159,0.23351847289416885,33514.187885522835,1.0,3.0,2.0,0.0,0.0,0.0,1.0,1.0,1.0,0.0,0.0
1,2.0,"gate_out=self.randomly_select_exit(model,(self.combine(self.combine(compare_distance,neighbourhood_count_exits),self.combine(compare_distance,similarity_by_age))))",0.2304008119121159,0.24550005544527226,33514.187885522835,1.0,3.0,2.0,0.0,0.0,0.0,1.0,1.0,1.0,0.0,0.0
1,2.0,"gate_out=self.randomly_select_exit(model,(compare_distance))",0.2551027523285299,0.3671825189185454,33514.187885522835,1.0,0.0,1.0,0.0,0.0,0.0,0.0,1.0,0.0,0.0,0.0
1,2.0,"gate_out=self.randomly_select_exit(model,(neighbourhood_count_exits))",0.2276636559919081,0.2880682222152389,33514.187885522835,1.0,0.0,0.0,0.0,0.0,0.0,1.0,1.0,0.0,0.0,0.0
1,2.0,"gate_out=self.randomly_select_exit(model,(self.combine(self.combine(compare_distance,neighbourhood_count_exits),self.combine(compare_distance,similarity_by_age))))",0.2304008119121159,0.29838573763651244,33514.187885522835,1.0,3.0,2.0,0.0,0.0,0.0,1.0,1.0,1.0,0.0,0.0
1,2.0,"gate_out=self.randomly_select_exit(model,(similarity_by_gender))",0.5487134075261925,0.5493640669584484,33514.187885522835,1.0,0.0,0.0,0.0,0.0,0.0,0.0,1.0,0.0,1.0,0.0
1,2.0,"gate_out=self.randomly_select_exit(model,(self.combine(neighbourhood_count_exits,neighbourhood_count_exits)))",0.19064362103578392,0.3028121833197073,33514.187885522835,1.0,1.0,0.0,0.0,0.0,0.0,2.0,1.0,0.0,0.0,0.0
1,2.0,"gate_out=self.get_max_select_exit(model,(self.combine(similarity_by_age,compare_width)))",0.5737924824383108,0.5747330012350619,33514.187885522835,1.0,1.0,0.0,1.0,1.0,0.0,0.0,0.0,1.0,0.0,0.0
1,2.0,"gate_out=self.randomly_select_exit(model,(similarity_by_age))",0.5488333438784322,0.5488333438784322,33514.187885522835,1.0,0.0,0.0,0.0,0.0,0.0,0.0,1.0,1.0,0.0,0.0
1,2.0,"gate_out=self.randomly_select_exit(model,(self.combine(self.combine(compare_distance,neighbourhood_count_exits),self.combine(compare_distance,neighbourhood_count_exits))))",0.3161544867491648,0.3161544867491648,33514.187885522835,1.0,3.0,2.0,0.0,0.0,0.0,2.0,1.0,0.0,0.0,0.0
1,2.0,"gate_out=self.randomly_select_exit(model,(self.combine(neighbourhood_count_exits,compare_distance)))",0.18402643758529685,0.4211620845224015,33514.187885522835,1.0,1.0,1.0,0.0,0.0,0.0,1.0,1.0,0.0,0.0,0.0
1,2.0,"gate_out=self.randomly_select_exit(model,(neighbourhood_count_exits))",0.2276636559919081,0.3841931284283424,33514.187885522835,1.0,0.0,0.0,0.0,0.0,0.0,1.0,1.0,0.0,0.0,0.0
1,2.0,"gate_out=self.randomly_select_exit(model,(neighbourhood_count_exits))",0.2276636559919081,0.3444109313754853,33514.187885522835,1.0,0.0,0.0,0.0,0.0,0.0,1.0,1.0,0.0,0.0,0.0
1,2.0,"gate_out=self.randomly_select_exit(model,(self.combine(self.combine(compare_distance,neighbourhood_count_exits),self.combine(compare_distance,similarity_by_age))))",0.2304008119121159,0.42548431368812395,33514.187885522835,1.0,3.0,2.0,0.0,0.0,0.0,1.0,1.0,1.0,0.0,0.0
1,2.0,"gate_out=self.randomly_select_exit(model,(self.combine(neighbourhood_count_exits,self.combine(neighbourhood_count_exits,compare_width))))",0.4844096505740001,0.4844096505740001,33514.187885522835,1.0,2.0,0.0,1.0,0.0,0.0,2.0,1.0,0.0,0.0,0.0
1,2.0,"gate_out=self.get_min_select_exit(model,(compare_distance))",0.5742741846730666,0.5766908340419822,33514.187885522835,1.0,0.0,1.0,0.0,0.0,1.0,0.0,0.0,0.0,0.0,0.0
1,2.0,"gate_out=self.randomly_select_exit(model,(self.combine(self.combine(self.combine(self.subtract(compare_width,neighbourhood_count_exits),self.subtract(similarity_by_gender,compare_width)),self.combine(neighbourhood_count_exits,similarity_by_gender)),compare_distance)))",0.5490194885070355,0.5490194885070355,33514.187885522835,1.0,4.0,1.0,2.0,0.0,0.0,2.0,1.0,0.0,2.0,2.0
1,3.0,"gate_out=self.randomly_select_exit(model,(self.combine(neighbourhood_count_exits,compare_distance)))",0.18402643758529685,0.25203797648566145,36137.738452672966,1.0,1.0,1.0,0.0,0.0,0.0,1.0,1.0,0.0,0.0,0.0
1,3.0,"gate_out=self.randomly_select_exit(model,(neighbourhood_count_exits))",0.2276636559919081,0.32618773436769616,36137.738452672966,1.0,0.0,0.0,0.0,0.0,0.0,1.0,1.0,0.0,0.0,0.0
1,3.0,"gate_out=self.randomly_select_exit(model,(self.combine(self.combine(similarity_by_age,self.subtract(neighbourhood_count_exits,similarity_by_gender)),self.subtract(self.combine(compare_width,neighbourhood_count_exits),self.subtract(compare_width,neighbourhood_count_exits)))))",0.4077069868562769,0.4077069868562769,36137.738452672966,1.0,3.0,0.0,2.0,0.0,0.0,3.0,1.0,1.0,1.0,3.0
1,3.0,"gate_out=self.randomly_select_exit(model,(self.combine(neighbourhood_count_exits,neighbourhood_count_exits)))",0.19064362103578392,0.2563108321579128,36137.738452672966,1.0,1.0,0.0,0.0,0.0,0.0,2.0,1.0,0.0,0.0,0.0
1,3.0,"gate_out=self.get_min_select_exit(model,(self.subtract(similarity_by_gender,similarity_by_gender)))",0.5727394854473018,0.5734383287066904,36137.738452672966,1.0,0.0,0.0,0.0,0.0,1.0,0.0,0.0,0.0,2.0,1.0
1,3.0,"gate_out=self.get_max_select_exit(model,(self.combine(similarity_by_gender,similarity_by_age)))",0.5714102773967652,0.5714102773967652,36137.738452672966,1.0,1.0,0.0,0.0,1.0,0.0,0.0,0.0,1.0,1.0,0.0
1,3.0,"gate_out=self.randomly_select_exit(model,(neighbourhood_count_exits))",0.2276636559919081,0.29757315081632874,36137.738452672966,1.0,0.0,0.0,0.0,0.0,0.0,1.0,1.0,0.0,0.0,0.0
1,3.0,"gate_out=self.randomly_select_exit(model,(neighbourhood_count_exits))",0.2276636559919081,0.35358609252061496,36137.738452672966,1.0,0.0,0.0,0.0,0.0,0.0,1.0,1.0,0.0,0.0,0.0
1,3.0,"gate_out=self.randomly_select_exit(model,(neighbourhood_count_exits))",0.2276636559919081,0.2933496420808083,36137.738452672966,1.0,0.0,0.0,0.0,0.0,0.0,1.0,1.0,0.0,0.0,0.0
1,3.0,"gate_out=self.randomly_select_exit(model,(self.combine(self.combine(compare_distance,neighbourhood_count_exits),self.combine(compare_distance,similarity_by_age))))",0.2304008119121159,0.26821261606270386,36137.738452672966,1.0,3.0,2.0,0.0,0.0,0.0,1.0,1.0,1.0,0.0,0.0
1,3.0,"gate_out=self.randomly_select_exit(model,(neighbourhood_count_exits))",0.2276636559919081,0.27202993417451216,36137.738452672966,1.0,0.0,0.0,0.0,0.0,0.0,1.0,1.0,0.0,0.0,0.0
1,3.0,"gate_out=self.randomly_select_exit(model,(similarity_by_age))",0.5488333438784322,0.5495876994707904,36137.738452672966,1.0,0.0,0.0,0.0,0.0,0.0,0.0,1.0,1.0,0.0,0.0
1,3.0,"gate_out=self.randomly_select_exit(model,(self.combine(neighbourhood_count_exits,compare_distance)))",0.18402643758529685,0.3338566717919501,36137.738452672966,1.0,1.0,1.0,0.0,0.0,0.0,1.0,1.0,0.0,0.0,0.0
1,3.0,"gate_out=self.randomly_select_exit(model,(neighbourhood_count_exits))",0.2276636559919081,0.4451318772009939,36137.738452672966,1.0,0.0,0.0,0.0,0.0,0.0,1.0,1.0,0.0,0.0,0.0
1,3.0,"gate_out=self.randomly_select_exit(model,(self.combine(neighbourhood_count_exits,compare_distance)))",0.18402643758529685,0.3044714585260901,36137.738452672966,1.0,1.0,1.0,0.0,0.0,0.0,1.0,1.0,0.0,0.0,0.0
1,3.0,"gate_out=self.randomly_select_exit(model,(neighbourhood_count_exits))",0.2276636559919081,0.3226530967904587,36137.738452672966,1.0,0.0,0.0,0.0,0.0,0.0,1.0,1.0,0.0,0.0,0.0
1,3.0,"gate_out=self.randomly_select_exit(model,(self.combine(neighbourhood_count_exits,compare_distance)))",0.18402643758529685,0.3470188189854045,36137.738452672966,1.0,1.0,1.0,0.0,0.0,0.0,1.0,1.0,0.0,0.0,0.0
1,3.0,"gate_out=self.randomly_select_exit(model,(self.combine(neighbourhood_count_exits,neighbourhood_count_exits)))",0.19064362103578392,0.2596457901573312,36137.738452672966,1.0,1.0,0.0,0.0,0.0,0.0,2.0,1.0,0.0,0.0,0.0
1,3.0,"gate_out=self.randomly_select_exit(model,(self.subtract(compare_width,similarity_by_age)))",0.5516628445814581,0.5516628445814581,36137.738452672966,1.0,0.0,0.0,1.0,0.0,0.0,0.0,1.0,1.0,0.0,1.0
1,3.0,"gate_out=self.randomly_select_exit(model,(self.combine(neighbourhood_count_exits,neighbourhood_count_exits)))",0.19064362103578392,0.31953969466439563,36137.738452672966,1.0,1.0,0.0,0.0,0.0,0.0,2.0,1.0,0.0,0.0,0.0
1,3.0,"gate_out=self.randomly_select_exit(model,(neighbourhood_count_exits))",0.2276636559919081,0.3620640310115981,36137.738452672966,1.0,0.0,0.0,0.0,0.0,0.0,1.0,1.0,0.0,0.0,0.0
1,3.0,"gate_out=self.randomly_select_exit(model,(compare_distance))",0.2551027523285299,0.4153819879944018,36137.738452672966,1.0,0.0,1.0,0.0,0.0,0.0,0.0,1.0,0.0,0.0,0.0
1,3.0,"gate_out=self.randomly_select_exit(model,(neighbourhood_count_exits))",0.2276636559919081,0.2720465651647273,36137.738452672966,1.0,0.0,0.0,0.0,0.0,0.0,1.0,1.0,0.0,0.0,0.0
1,3.0,"gate_out=self.randomly_select_exit(model,(compare_distance))",0.2551027523285299,0.332982831002944,36137.738452672966,1.0,0.0,1.0,0.0,0.0,0.0,0.0,1.0,0.0,0.0,0.0
1,3.0,"gate_out=self.randomly_select_exit(model,(neighbourhood_count_exits))",0.2276636559919081,0.2447563257011807,36137.738452672966,1.0,0.0,0.0,0.0,0.0,0.0,1.0,1.0,0.0,0.0,0.0
1,3.0,"gate_out=self.get_max_select_exit(model,(compare_width))",0.5717347242836932,0.574096716210031,36137.738452672966,1.0,0.0,0.0,1.0,1.0,0.0,0.0,0.0,0.0,0.0,0.0
1,3.0,"gate_out=self.randomly_select_exit(model,(self.combine(neighbourhood_count_exits,compare_distance)))",0.18402643758529685,0.3146428808821609,36137.738452672966,1.0,1.0,1.0,0.0,0.0,0.0,1.0,1.0,0.0,0.0,0.0
1,3.0,"gate_out=self.randomly_select_exit(model,(self.combine(neighbourhood_count_exits,compare_distance)))",0.18402643758529685,0.31887124268281003,36137.738452672966,1.0,1.0,1.0,0.0,0.0,0.0,1.0,1.0,0.0,0.0,0.0
1,3.0,"gate_out=self.get_max_select_exit(model,(similarity_by_age))",0.5734930537629999,0.5752651738162846,36137.738452672966,1.0,0.0,0.0,0.0,1.0,0.0,0.0,0.0,1.0,0.0,0.0
1,3.0,"gate_out=self.randomly_select_exit(model,(self.combine(neighbourhood_count_exits,compare_distance)))",0.18402643758529685,0.2780080098833282,36137.738452672966,1.0,1.0,1.0,0.0,0.0,0.0,1.0,1.0,0.0,0.0,0.0
1,3.0,"gate_out=self.randomly_select_exit(model,(neighbourhood_count_exits))",0.2276636559919081,0.3531542929680868,36137.738452672966,1.0,0.0,0.0,0.0,0.0,0.0,1.0,1.0,0.0,0.0,0.0
1,3.0,"gate_out=self.randomly_select_exit(model,(neighbourhood_count_exits))",0.2276636559919081,0.3503581106874959,36137.738452672966,1.0,0.0,0.0,0.0,0.0,0.0,1.0,1.0,0.0,0.0,0.0
1,3.0,"gate_out=self.randomly_select_exit(model,(self.subtract(self.combine(self.subtract(similarity_by_gender,compare_distance),self.subtract(compare_width,similarity_by_age)),self.combine(similarity_by_gender,self.combine(neighbourhood_count_exits,similarity_by_gender)))))",0.4942373512015605,0.4942373512015605,36137.738452672966,1.0,3.0,1.0,1.0,0.0,0.0,1.0,1.0,1.0,3.0,3.0
1,3.0,"gate_out=self.randomly_select_exit(model,(self.subtract(self.combine(self.combine(compare_distance,similarity_by_age),self.combine(compare_distance,compare_distance)),self.combine(compare_distance,similarity_by_age))))",0.4962168153145968,0.4962168153145968,36137.738452672966,1.0,4.0,4.0,0.0,0.0,0.0,0.0,1.0,2.0,0.0,1.0
1,3.0,"gate_out=self.randomly_select_exit(model,(self.combine(neighbourhood_count_exits,neighbourhood_count_exits)))",0.19064362103578392,0.3329696425350433,36137.738452672966,1.0,1.0,0.0,0.0,0.0,0.0,2.0,1.0,0.0,0.0,0.0
1,4.0,"gate_out=self.randomly_select_exit(model,(self.combine(neighbourhood_count_exits,compare_distance)))",0.18402643758529685,0.309370342008579,38949.67284750938,1.0,1.0,1.0,0.0,0.0,0.0,1.0,1.0,0.0,0.0,0.0
1,4.0,"gate_out=self.randomly_select_exit(model,(self.combine(neighbourhood_count_exits,compare_distance)))",0.18402643758529685,0.26904698131406496,38949.67284750938,1.0,1.0,1.0,0.0,0.0,0.0,1.0,1.0,0.0,0.0,0.0
1,4.0,"gate_out=self.randomly_select_exit(model,(neighbourhood_count_exits))",0.20775480904220053,0.32539354881129434,38949.67284750938,1.0,0.0,0.0,0.0,0.0,0.0,1.0,1.0,0.0,0.0,0.0
1,4.0,"gate_out=self.randomly_select_exit(model,(self.combine(neighbourhood_count_exits,neighbourhood_count_exits)))",0.19064362103578392,0.3213905117392682,38949.67284750938,1.0,1.0,0.0,0.0,0.0,0.0,2.0,1.0,0.0,0.0,0.0
1,4.0,"gate_out=self.randomly_select_exit(model,(neighbourhood_count_exits))",0.20775480904220053,0.2987338623124934,38949.67284750938,1.0,0.0,0.0,0.0,0.0,0.0,1.0,1.0,0.0,0.0,0.0
1,4.0,"gate_out=self.randomly_select_exit(model,(self.combine(neighbourhood_count_exits,neighbourhood_count_exits)))",0.19064362103578392,0.31811813012470586,38949.67284750938,1.0,1.0,0.0,0.0,0.0,0.0,2.0,1.0,0.0,0.0,0.0
1,4.0,"gate_out=self.randomly_select_exit(model,(neighbourhood_count_exits))",0.20775480904220053,0.2974618310943241,38949.67284750938,1.0,0.0,0.0,0.0,0.0,0.0,1.0,1.0,0.0,0.0,0.0
1,4.0,"gate_out=self.randomly_select_exit(model,(self.combine(compare_distance,compare_distance)))",0.23606362572221165,0.23606362572221165,38949.67284750938,1.0,1.0,2.0,0.0,0.0,0.0,0.0,1.0,0.0,0.0,0.0
1,4.0,"gate_out=self.randomly_select_exit(model,(neighbourhood_count_exits))",0.20775480904220053,0.4053043812354725,38949.67284750938,1.0,0.0,0.0,0.0,0.0,0.0,1.0,1.0,0.0,0.0,0.0
1,4.0,"gate_out=self.randomly_select_exit(model,(self.combine(neighbourhood_count_exits,neighbourhood_count_exits)))",0.19064362103578392,0.2926934022974076,38949.67284750938,1.0,1.0,0.0,0.0,0.0,0.0,2.0,1.0,0.0,0.0,0.0
1,4.0,"gate_out=self.randomly_select_exit(model,(self.combine(neighbourhood_count_exits,compare_distance)))",0.18402643758529685,0.26031147676889194,38949.67284750938,1.0,1.0,1.0,0.0,0.0,0.0,1.0,1.0,0.0,0.0,0.0
1,4.0,"gate_out=self.randomly_select_exit(model,(self.combine(neighbourhood_count_exits,compare_distance)))",0.18402643758529685,0.4339313415944249,38949.67284750938,1.0,1.0,1.0,0.0,0.0,0.0,1.0,1.0,0.0,0.0,0.0
1,4.0,"gate_out=self.randomly_select_exit(model,(self.combine(neighbourhood_count_exits,compare_distance)))",0.18402643758529685,0.2652427039184071,38949.67284750938,1.0,1.0,1.0,0.0,0.0,0.0,1.0,1.0,0.0,0.0,0.0
1,4.0,"gate_out=self.get_max_select_exit(model,(similarity_by_age))",0.5734930537629999,0.5744418401851026,38949.67284750938,1.0,0.0,0.0,0.0,1.0,0.0,0.0,0.0,1.0,0.0,0.0
1,4.0,"gate_out=self.randomly_select_exit(model,(self.combine(neighbourhood_count_exits,self.combine(neighbourhood_count_exits,self.combine(self.combine(similarity_by_gender,neighbourhood_count_exits),self.subtract(similarity_by_gender,similarity_by_age))))))",0.3063950313558563,0.3063950313558563,38949.67284750938,1.0,4.0,0.0,0.0,0.0,0.0,3.0,1.0,1.0,2.0,1.0
1,4.0,"gate_out=self.randomly_select_exit(model,(compare_distance))",0.2551027523285299,0.3371468583894365,38949.67284750938,1.0,0.0,1.0,0.0,0.0,0.0,0.0,1.0,0.0,0.0,0.0
1,4.0,"gate_out=self.randomly_select_exit(model,(neighbourhood_count_exits))",0.20775480904220053,0.20775480904220053,38949.67284750938,1.0,0.0,0.0,0.0,0.0,0.0,1.0,1.0,0.0,0.0,0.0
1,4.0,"gate_out=self.randomly_select_exit(model,(self.combine(self.subtract(self.combine(similarity_by_age,neighbourhood_count_exits),self.combine(neighbourhood_count_exits,neighbourhood_count_exits)),compare_distance)))",0.5509190153336395,0.5509190153336395,38949.67284750938,1.0,3.0,1.0,0.0,0.0,0.0,3.0,1.0,1.0,0.0,1.0
1,4.0,"gate_out=self.randomly_select_exit(model,(self.combine(neighbourhood_count_exits,compare_distance)))",0.18402643758529685,0.4383012550269357,38949.67284750938,1.0,1.0,1.0,0.0,0.0,0.0,1.0,1.0,0.0,0.0,0.0
1,4.0,"gate_out=self.randomly_select_exit(model,(self.combine(neighbourhood_count_exits,compare_distance)))",0.18402643758529685,0.3014346640628475,38949.67284750938,1.0,1.0,1.0,0.0,0.0,0.0,1.0,1.0,0.0,0.0,0.0
1,4.0,"gate_out=self.randomly_select_exit(model,(neighbourhood_count_exits))",0.20775480904220053,0.2817208041097095,38949.67284750938,1.0,0.0,0.0,0.0,0.0,0.0,1.0,1.0,0.0,0.0,0.0
1,4.0,"gate_out=self.randomly_select_exit(model,(neighbourhood_count_exits))",0.20775480904220053,0.2702720923209401,38949.67284750938,1.0,0.0,0.0,0.0,0.0,0.0,1.0,1.0,0.0,0.0,0.0
1,4.0,"gate_out=self.randomly_select_exit(model,(self.combine(neighbourhood_count_exits,compare_distance)))",0.18402643758529685,0.3171156998459808,38949.67284750938,1.0,1.0,1.0,0.0,0.0,0.0,1.0,1.0,0.0,0.0,0.0
1,4.0,"gate_out=self.randomly_select_exit(model,(self.combine(self.combine(self.subtract(compare_distance,similarity_by_gender),self.combine(self.subtract(compare_distance,compare_distance),self.combine(neighbourhood_count_exits,similarity_by_age))),compare_distance)))",0.2645297829275283,0.2645297829275283,38949.67284750938,1.0,4.0,4.0,0.0,0.0,0.0,1.0,1.0,1.0,1.0,2.0
1,4.0,"gate_out=self.randomly_select_exit(model,(self.combine(neighbourhood_count_exits,compare_distance)))",0.18402643758529685,0.31183111374648964,38949.67284750938,1.0,1.0,1.0,0.0,0.0,0.0,1.0,1.0,0.0,0.0,0.0
1,4.0,"gate_out=self.randomly_select_exit(model,(self.combine(neighbourhood_count_exits,compare_distance)))",0.18402643758529685,0.26705291192981273,38949.67284750938,1.0,1.0,1.0,0.0,0.0,0.0,1.0,1.0,0.0,0.0,0.0
1,4.0,"gate_out=self.randomly_select_exit(model,(self.combine(neighbourhood_count_exits,compare_distance)))",0.18402643758529685,0.2225161773517349,38949.67284750938,1.0,1.0,1.0,0.0,0.0,0.0,1.0,1.0,0.0,0.0,0.0
1,4.0,"gate_out=self.randomly_select_exit(model,(self.combine(neighbourhood_count_exits,compare_distance)))",0.18402643758529685,0.2329874362529089,38949.67284750938,1.0,1.0,1.0,0.0,0.0,0.0,1.0,1.0,0.0,0.0,0.0
1,4.0,"gate_out=self.randomly_select_exit(model,(neighbourhood_count_exits))",0.20775480904220053,0.2333655734220725,38949.67284750938,1.0,0.0,0.0,0.0,0.0,0.0,1.0,1.0,0.0,0.0,0.0
1,4.0,"gate_out=self.randomly_select_exit(model,(self.combine(neighbourhood_count_exits,compare_distance)))",0.18402643758529685,0.2925125211520311,38949.67284750938,1.0,1.0,1.0,0.0,0.0,0.0,1.0,1.0,0.0,0.0,0.0
1,4.0,"gate_out=self.randomly_select_exit(model,(self.combine(neighbourhood_count_exits,compare_distance)))",0.18402643758529685,0.32701161370529386,38949.67284750938,1.0,1.0,1.0,0.0,0.0,0.0,1.0,1.0,0.0,0.0,0.0
1,4.0,"gate_out=self.randomly_select_exit(model,(neighbourhood_count_exits))",0.20775480904220053,0.23031519219888705,38949.67284750938,1.0,0.0,0.0,0.0,0.0,0.0,1.0,1.0,0.0,0.0,0.0
1,4.0,"gate_out=self.randomly_select_exit(model,(self.combine(neighbourhood_count_exits,neighbourhood_count_exits)))",0.19064362103578392,0.2451702262031225,38949.67284750938,1.0,1.0,0.0,0.0,0.0,0.0,2.0,1.0,0.0,0.0,0.0
1,4.0,"gate_out=self.randomly_select_exit(model,(self.combine(compare_distance,compare_distance)))",0.23606362572221165,0.2820258429456083,38949.67284750938,1.0,1.0,2.0,0.0,0.0,0.0,0.0,1.0,0.0,0.0,0.0
1,4.0,"gate_out=self.randomly_select_exit(model,(neighbourhood_count_exits))",0.20775480904220053,0.2163833651864576,38949.67284750938,1.0,0.0,0.0,0.0,0.0,0.0,1.0,1.0,0.0,0.0,0.0
1,5.0,"gate_out=self.randomly_select_exit(model,(self.combine(neighbourhood_count_exits,neighbourhood_count_exits)))",0.19064362103578392,0.3319597152295791,41768.63866758346,1.0,1.0,0.0,0.0,0.0,0.0,2.0,1.0,0.0,0.0,0.0
1,5.0,"gate_out=self.randomly_select_exit(model,(self.combine(neighbourhood_count_exits,compare_distance)))",0.18402643758529685,0.44070592028431815,41768.63866758346,1.0,1.0,1.0,0.0,0.0,0.0,1.0,1.0,0.0,0.0,0.0
1,5.0,"gate_out=self.randomly_select_exit(model,(self.combine(neighbourhood_count_exits,compare_distance)))",0.18402643758529685,0.2492712752466582,41768.63866758346,1.0,1.0,1.0,0.0,0.0,0.0,1.0,1.0,0.0,0.0,0.0
1,5.0,"gate_out=self.randomly_select_exit(model,(self.combine(neighbourhood_count_exits,compare_distance)))",0.18402643758529685,0.2776605678015517,41768.63866758346,1.0,1.0,1.0,0.0,0.0,0.0,1.0,1.0,0.0,0.0,0.0
1,5.0,"gate_out=self.randomly_select_exit(model,(compare_distance))",0.2551027523285299,0.4901026180976124,41768.63866758346,1.0,0.0,1.0,0.0,0.0,0.0,0.0,1.0,0.0,0.0,0.0
1,5.0,"gate_out=self.randomly_select_exit(model,(self.combine(neighbourhood_count_exits,self.combine(neighbourhood_count_exits,compare_distance))))",0.22091224711533364,0.3536217335287453,41768.63866758346,1.0,2.0,1.0,0.0,0.0,0.0,2.0,1.0,0.0,0.0,0.0
1,5.0,"gate_out=self.randomly_select_exit(model,(self.combine(neighbourhood_count_exits,neighbourhood_count_exits)))",0.19064362103578392,0.2354743606733107,41768.63866758346,1.0,1.0,0.0,0.0,0.0,0.0,2.0,1.0,0.0,0.0,0.0
1,5.0,"gate_out=self.randomly_select_exit(model,(self.combine(neighbourhood_count_exits,neighbourhood_count_exits)))",0.19064362103578392,0.2433491226387867,41768.63866758346,1.0,1.0,0.0,0.0,0.0,0.0,2.0,1.0,0.0,0.0,0.0
1,5.0,"gate_out=self.get_min_select_exit(model,(neighbourhood_count_exits))",0.5713131604685936,0.5741737292945537,41768.63866758346,1.0,0.0,0.0,0.0,0.0,1.0,1.0,0.0,0.0,0.0,0.0
1,5.0,"gate_out=self.randomly_select_exit(model,(self.subtract(self.combine(compare_width,compare_width),self.subtract(self.combine(compare_distance,compare_distance),similarity_by_age))))",0.5505337524810651,0.5505337524810651,41768.63866758346,1.0,2.0,2.0,2.0,0.0,0.0,0.0,1.0,1.0,0.0,2.0
1,5.0,"gate_out=self.randomly_select_exit(model,(self.combine(neighbourhood_count_exits,neighbourhood_count_exits)))",0.19064362103578392,0.3127698750748422,41768.63866758346,1.0,1.0,0.0,0.0,0.0,0.0,2.0,1.0,0.0,0.0,0.0
1,5.0,"gate_out=self.randomly_select_exit(model,(self.combine(compare_distance,compare_distance)))",0.23606362572221165,0.3077203476365712,41768.63866758346,1.0,1.0,2.0,0.0,0.0,0.0,0.0,1.0,0.0,0.0,0.0
1,5.0,"gate_out=self.randomly_select_exit(model,(self.combine(self.combine(self.subtract(self.combine(compare_width,similarity_by_age),similarity_by_age),self.combine(self.subtract(compare_distance,similarity_by_gender),self.combine(compare_width,compare_width))),compare_distance)))",0.5510167615445327,0.5510167615445327,41768.63866758346,1.0,5.0,2.0,3.0,0.0,0.0,0.0,1.0,2.0,1.0,2.0
1,5.0,"gate_out=self.randomly_select_exit(model,(self.combine(self.combine(self.subtract(compare_distance,neighbourhood_count_exits),self.subtract(compare_distance,similarity_by_age)),compare_distance)))",0.5506240882813258,0.5506240882813258,41768.63866758346,1.0,2.0,3.0,0.0,0.0,0.0,1.0,1.0,1.0,0.0,2.0
1,5.0,"gate_out=self.randomly_select_exit(model,(self.combine(neighbourhood_count_exits,compare_distance)))",0.18402643758529685,0.3872153348865184,41768.63866758346,1.0,1.0,1.0,0.0,0.0,0.0,1.0,1.0,0.0,0.0,0.0
1,5.0,"gate_out=self.randomly_select_exit(model,(self.combine(neighbourhood_count_exits,neighbourhood_count_exits)))",0.19064362103578392,0.2543370207466856,41768.63866758346,1.0,1.0,0.0,0.0,0.0,0.0,2.0,1.0,0.0,0.0,0.0
1,5.0,"gate_out=self.randomly_select_exit(model,(self.combine(neighbourhood_count_exits,compare_distance)))",0.18402643758529685,0.3630333881669265,41768.63866758346,1.0,1.0,1.0,0.0,0.0,0.0,1.0,1.0,0.0,0.0,0.0
1,5.0,"gate_out=self.randomly_select_exit(model,(neighbourhood_count_exits))",0.20775480904220053,0.21662926880732766,41768.63866758346,1.0,0.0,0.0,0.0,0.0,0.0,1.0,1.0,0.0,0.0,0.0
1,5.0,"gate_out=self.randomly_select_exit(model,(self.combine(neighbourhood_count_exits,compare_distance)))",0.18402643758529685,0.4178092972868573,41768.63866758346,1.0,1.0,1.0,0.0,0.0,0.0,1.0,1.0,0.0,0.0,0.0
1,5.0,"gate_out=self.randomly_select_exit(model,(self.combine(neighbourhood_count_exits,compare_distance)))",0.18402643758529685,0.2435279273254017,41768.63866758346,1.0,1.0,1.0,0.0,0.0,0.0,1.0,1.0,0.0,0.0,0.0
1,5.0,"gate_out=self.randomly_select_exit(model,(self.combine(neighbourhood_count_exits,compare_distance)))",0.18402643758529685,0.2970640504009411,41768.63866758346,1.0,1.0,1.0,0.0,0.0,0.0,1.0,1.0,0.0,0.0,0.0
1,5.0,"gate_out=self.randomly_select_exit(model,(self.combine(neighbourhood_count_exits,compare_distance)))",0.18402643758529685,0.2993491273252089,41768.63866758346,1.0,1.0,1.0,0.0,0.0,0.0,1.0,1.0,0.0,0.0,0.0
1,5.0,"gate_out=self.randomly_select_exit(model,(self.combine(neighbourhood_count_exits,compare_distance)))",0.18402643758529685,0.2500277991692538,41768.63866758346,1.0,1.0,1.0,0.0,0.0,0.0,1.0,1.0,0.0,0.0,0.0
1,5.0,"gate_out=self.randomly_select_exit(model,(self.combine(self.subtract(neighbourhood_count_exits,compare_width),self.combine(neighbourhood_count_exits,self.subtract(compare_distance,neighbourhood_count_exits)))))",0.5499770068697648,0.5499770068697648,41768.63866758346,1.0,2.0,1.0,1.0,0.0,0.0,3.0,1.0,0.0,0.0,2.0
1,5.0,"gate_out=self.randomly_select_exit(model,(self.combine(neighbourhood_count_exits,compare_distance)))",0.18402643758529685,0.3577545331603873,41768.63866758346,1.0,1.0,1.0,0.0,0.0,0.0,1.0,1.0,0.0,0.0,0.0
1,5.0,"gate_out=self.randomly_select_exit(model,(self.combine(neighbourhood_count_exits,compare_distance)))",0.18402643758529685,0.2819091122341583,41768.63866758346,1.0,1.0,1.0,0.0,0.0,0.0,1.0,1.0,0.0,0.0,0.0
1,5.0,"gate_out=self.randomly_select_exit(model,(self.combine(neighbourhood_count_exits,compare_distance)))",0.18402643758529685,0.3536893298352691,41768.63866758346,1.0,1.0,1.0,0.0,0.0,0.0,1.0,1.0,0.0,0.0,0.0
1,5.0,"gate_out=self.randomly_select_exit(model,(self.combine(neighbourhood_count_exits,neighbourhood_count_exits)))",0.19064362103578392,0.3087152699431525,41768.63866758346,1.0,1.0,0.0,0.0,0.0,0.0,2.0,1.0,0.0,0.0,0.0
1,5.0,"gate_out=self.randomly_select_exit(model,(self.combine(neighbourhood_count_exits,neighbourhood_count_exits)))",0.19064362103578392,0.2610553326069375,41768.63866758346,1.0,1.0,0.0,0.0,0.0,0.0,2.0,1.0,0.0,0.0,0.0
1,5.0,"gate_out=self.randomly_select_exit(model,(neighbourhood_count_exits))",0.20775480904220053,0.30015194385751354,41768.63866758346,1.0,0.0,0.0,0.0,0.0,0.0,1.0,1.0,0.0,0.0,0.0
1,5.0,"gate_out=self.randomly_select_exit(model,(self.combine(neighbourhood_count_exits,compare_distance)))",0.18402643758529685,0.24508731104763296,41768.63866758346,1.0,1.0,1.0,0.0,0.0,0.0,1.0,1.0,0.0,0.0,0.0
1,5.0,"gate_out=self.randomly_select_exit(model,(self.combine(neighbourhood_count_exits,compare_distance)))",0.18402643758529685,0.3493010001756685,41768.63866758346,1.0,1.0,1.0,0.0,0.0,0.0,1.0,1.0,0.0,0.0,0.0
1,5.0,"gate_out=self.randomly_select_exit(model,(self.combine(neighbourhood_count_exits,compare_distance)))",0.18402643758529685,0.3196439232167044,41768.63866758346,1.0,1.0,1.0,0.0,0.0,0.0,1.0,1.0,0.0,0.0,0.0
1,5.0,"gate_out=self.randomly_select_exit(model,(self.combine(neighbourhood_count_exits,compare_distance)))",0.18402643758529685,0.3829643500403125,41768.63866758346,1.0,1.0,1.0,0.0,0.0,0.0,1.0,1.0,0.0,0.0,0.0
1,5.0,"gate_out=self.randomly_select_exit(model,(self.combine(self.combine(self.subtract(similarity_by_gender,similarity_by_age),self.combine(compare_distance,compare_distance)),compare_distance)))",0.5506680864613009,0.5506680864613009,41768.63866758346,1.0,3.0,3.0,0.0,0.0,0.0,0.0,1.0,1.0,1.0,1.0
1,6.0,"gate_out=self.randomly_select_exit(model,(self.combine(neighbourhood_count_exits,compare_distance)))",0.18402643758529685,0.30587319242801025,44660.46063327789,1.0,1.0,1.0,0.0,0.0,0.0,1.0,1.0,0.0,0.0,0.0
1,6.0,"gate_out=self.randomly_select_exit(model,(self.combine(neighbourhood_count_exits,compare_distance)))",0.18402643758529685,0.3218813145470528,44660.46063327789,1.0,1.0,1.0,0.0,0.0,0.0,1.0,1.0,0.0,0.0,0.0
1,6.0,"gate_out=self.randomly_select_exit(model,(self.combine(neighbourhood_count_exits,neighbourhood_count_exits)))",0.19064362103578392,0.2548486893613561,44660.46063327789,1.0,1.0,0.0,0.0,0.0,0.0,2.0,1.0,0.0,0.0,0.0
1,6.0,"gate_out=self.randomly_select_exit(model,(self.combine(compare_distance,compare_distance)))",0.23606362572221165,0.4216584506610743,44660.46063327789,1.0,1.0,2.0,0.0,0.0,0.0,0.0,1.0,0.0,0.0,0.0
1,6.0,"gate_out=self.randomly_select_exit(model,(self.combine(neighbourhood_count_exits,compare_distance)))",0.18402643758529685,0.31644531604397785,44660.46063327789,1.0,1.0,1.0,0.0,0.0,0.0,1.0,1.0,0.0,0.0,0.0
1,6.0,"gate_out=self.randomly_select_exit(model,(neighbourhood_count_exits))",0.20775480904220053,0.3145618834096041,44660.46063327789,1.0,0.0,0.0,0.0,0.0,0.0,1.0,1.0,0.0,0.0,0.0
1,6.0,"gate_out=self.randomly_select_exit(model,(self.combine(neighbourhood_count_exits,compare_distance)))",0.18402643758529685,0.2514484428498597,44660.46063327789,1.0,1.0,1.0,0.0,0.0,0.0,1.0,1.0,0.0,0.0,0.0
1,6.0,"gate_out=self.randomly_select_exit(model,(self.combine(neighbourhood_count_exits,compare_distance)))",0.18402643758529685,0.2492971397559041,44660.46063327789,1.0,1.0,1.0,0.0,0.0,0.0,1.0,1.0,0.0,0.0,0.0
1,6.0,"gate_out=self.randomly_select_exit(model,(self.combine(neighbourhood_count_exits,compare_distance)))",0.18402643758529685,0.19175620160150025,44660.46063327789,1.0,1.0,1.0,0.0,0.0,0.0,1.0,1.0,0.0,0.0,0.0
1,6.0,"gate_out=self.randomly_select_exit(model,(self.combine(neighbourhood_count_exits,compare_distance)))",0.18402643758529685,0.3023974219877588,44660.46063327789,1.0,1.0,1.0,0.0,0.0,0.0,1.0,1.0,0.0,0.0,0.0
1,6.0,"gate_out=self.randomly_select_exit(model,(self.combine(neighbourhood_count_exits,compare_distance)))",0.18402643758529685,0.30140817073345266,44660.46063327789,1.0,1.0,1.0,0.0,0.0,0.0,1.0,1.0,0.0,0.0,0.0
1,6.0,"gate_out=self.randomly_select_exit(model,(self.combine(neighbourhood_count_exits,compare_distance)))",0.18402643758529685,0.26102567602744786,44660.46063327789,1.0,1.0,1.0,0.0,0.0,0.0,1.0,1.0,0.0,0.0,0.0
1,6.0,"gate_out=self.randomly_select_exit(model,(self.combine(neighbourhood_count_exits,compare_distance)))",0.18402643758529685,0.33429830728873605,44660.46063327789,1.0,1.0,1.0,0.0,0.0,0.0,1.0,1.0,0.0,0.0,0.0
1,6.0,"gate_out=self.randomly_select_exit(model,(self.combine(neighbourhood_count_exits,compare_distance)))",0.18402643758529685,0.3600047471117485,44660.46063327789,1.0,1.0,1.0,0.0,0.0,0.0,1.0,1.0,0.0,0.0,0.0
1,6.0,"gate_out=self.randomly_select_exit(model,(self.combine(neighbourhood_count_exits,compare_distance)))",0.18402643758529685,0.34324147809744354,44660.46063327789,1.0,1.0,1.0,0.0,0.0,0.0,1.0,1.0,0.0,0.0,0.0
1,6.0,"gate_out=self.randomly_select_exit(model,(self.combine(self.subtract(self.subtract(similarity_by_age,self.combine(compare_width,compare_distance)),self.combine(similarity_by_gender,self.combine(similarity_by_age,compare_width))),self.combine(neighbourhood_count_exits,self.subtract(compare_distance,neighbourhood_count_exits)))))",0.3140437304457896,0.3140437304457896,44660.46063327789,1.0,5.0,2.0,2.0,0.0,0.0,2.0,1.0,2.0,1.0,3.0
1,6.0,"gate_out=self.randomly_select_exit(model,(self.combine(self.subtract(neighbourhood_count_exits,compare_width),self.combine(neighbourhood_count_exits,self.subtract(compare_distance,neighbourhood_count_exits)))))",0.5488849044254188,0.5488849044254188,44660.46063327789,1.0,2.0,1.0,1.0,0.0,0.0,3.0,1.0,0.0,0.0,2.0
1,6.0,"gate_out=self.randomly_select_exit(model,(self.combine(neighbourhood_count_exits,compare_distance)))",0.18402643758529685,0.4345381022513972,44660.46063327789,1.0,1.0,1.0,0.0,0.0,0.0,1.0,1.0,0.0,0.0,0.0
1,6.0,"gate_out=self.randomly_select_exit(model,(compare_distance))",0.2551027523285299,0.5491832178359388,44660.46063327789,1.0,0.0,1.0,0.0,0.0,0.0,0.0,1.0,0.0,0.0,0.0
1,6.0,"gate_out=self.randomly_select_exit(model,(self.combine(neighbourhood_count_exits,self.combine(self.subtract(self.combine(self.combine(similarity_by_age,similarity_by_gender),self.combine(compare_distance,compare_width)),self.combine(self.combine(compare_distance,compare_distance),similarity_by_age)),compare_distance))))",0.5497605192353279,0.5497605192353279,44660.46063327789,1.0,7.0,4.0,1.0,0.0,0.0,1.0,1.0,2.0,1.0,1.0
1,6.0,"gate_out=self.randomly_select_exit(model,(self.combine(self.combine(self.combine(compare_distance,similarity_by_gender),self.subtract(compare_width,self.combine(compare_distance,similarity_by_gender))),compare_distance)))",0.5511057300104856,0.5511057300104856,44660.46063327789,1.0,4.0,3.0,1.0,0.0,0.0,0.0,1.0,0.0,2.0,1.0
1,6.0,"gate_out=self.randomly_select_exit(model,(self.combine(neighbourhood_count_exits,compare_distance)))",0.18402643758529685,0.2809271648819376,44660.46063327789,1.0,1.0,1.0,0.0,0.0,0.0,1.0,1.0,0.0,0.0,0.0
1,6.0,"gate_out=self.randomly_select_exit(model,(self.combine(neighbourhood_count_exits,compare_distance)))",0.18402643758529685,0.2845733896183135,44660.46063327789,1.0,1.0,1.0,0.0,0.0,0.0,1.0,1.0,0.0,0.0,0.0
1,6.0,"gate_out=self.randomly_select_exit(model,(self.subtract(self.subtract(similarity_by_age,similarity_by_gender),self.subtract(compare_width,similarity_by_gender))))",0.5536047313474103,0.5536047313474103,44660.46063327789,1.0,0.0,0.0,1.0,0.0,0.0,0.0,1.0,1.0,2.0,3.0
1,6.0,"gate_out=self.randomly_select_exit(model,(compare_distance))",0.2551027523285299,0.4037878458192559,44660.46063327789,1.0,0.0,1.0,0.0,0.0,0.0,0.0,1.0,0.0,0.0,0.0
1,6.0,"gate_out=self.randomly_select_exit(model,(self.combine(neighbourhood_count_exits,self.combine(neighbourhood_count_exits,compare_distance))))",0.22091224711533364,0.32254868445091345,44660.46063327789,1.0,2.0,1.0,0.0,0.0,0.0,2.0,1.0,0.0,0.0,0.0
1,6.0,"gate_out=self.randomly_select_exit(model,(self.combine(neighbourhood_count_exits,compare_distance)))",0.18402643758529685,0.4522024428978678,44660.46063327789,1.0,1.0,1.0,0.0,0.0,0.0,1.0,1.0,0.0,0.0,0.0
1,6.0,"gate_out=self.randomly_select_exit(model,(self.combine(neighbourhood_count_exits,compare_distance)))",0.18402643758529685,0.21655728517640346,44660.46063327789,1.0,1.0,1.0,0.0,0.0,0.0,1.0,1.0,0.0,0.0,0.0
1,6.0,"gate_out=self.randomly_select_exit(model,(neighbourhood_count_exits))",0.20775480904220053,0.3160818600983936,44660.46063327789,1.0,0.0,0.0,0.0,0.0,0.0,1.0,1.0,0.0,0.0,0.0
1,6.0,"gate_out=self.randomly_select_exit(model,(self.combine(self.combine(neighbourhood_count_exits,compare_distance),compare_distance)))",0.26435390959171656,0.3356539247009387,44660.46063327789,1.0,2.0,2.0,0.0,0.0,0.0,1.0,1.0,0.0,0.0,0.0
1,6.0,"gate_out=self.randomly_select_exit(model,(self.combine(neighbourhood_count_exits,compare_distance)))",0.18402643758529685,0.2625645135451256,44660.46063327789,1.0,1.0,1.0,0.0,0.0,0.0,1.0,1.0,0.0,0.0,0.0
1,6.0,"gate_out=self.randomly_select_exit(model,(self.combine(neighbourhood_count_exits,compare_distance)))",0.18402643758529685,0.2634875794520391,44660.46063327789,1.0,1.0,1.0,0.0,0.0,0.0,1.0,1.0,0.0,0.0,0.0
1,6.0,"gate_out=self.randomly_select_exit(model,(self.combine(neighbourhood_count_exits,compare_distance)))",0.18402643758529685,0.31538123792360256,44660.46063327789,1.0,1.0,1.0,0.0,0.0,0.0,1.0,1.0,0.0,0.0,0.0
1,6.0,"gate_out=self.randomly_select_exit(model,(self.combine(neighbourhood_count_exits,compare_distance)))",0.18402643758529685,0.2724690494856821,44660.46063327789,1.0,1.0,1.0,0.0,0.0,0.0,1.0,1.0,0.0,0.0,0.0
1,6.0,"gate_out=self.randomly_select_exit(model,(self.combine(neighbourhood_count_exits,compare_distance)))",0.18402643758529685,0.2719766091032234,44660.46063327789,1.0,1.0,1.0,0.0,0.0,0.0,1.0,1.0,0.0,0.0,0.0
1,7.0,"gate_out=self.randomly_select_exit(model,(self.combine(neighbourhood_count_exits,compare_distance)))",0.18402643758529685,0.2909761040918154,47523.41136550903,1.0,1.0,1.0,0.0,0.0,0.0,1.0,1.0,0.0,0.0,0.0
1,7.0,"gate_out=self.randomly_select_exit(model,(self.combine(neighbourhood_count_exits,compare_distance)))",0.18402643758529685,0.26952808210275003,47523.41136550903,1.0,1.0,1.0,0.0,0.0,0.0,1.0,1.0,0.0,0.0,0.0
1,7.0,"gate_out=self.randomly_select_exit(model,(self.combine(neighbourhood_count_exits,compare_distance)))",0.18402643758529685,0.3451313613664221,47523.41136550903,1.0,1.0,1.0,0.0,0.0,0.0,1.0,1.0,0.0,0.0,0.0
1,7.0,"gate_out=self.randomly_select_exit(model,(self.combine(neighbourhood_count_exits,compare_distance)))",0.18402643758529685,0.2527412226204096,47523.41136550903,1.0,1.0,1.0,0.0,0.0,0.0,1.0,1.0,0.0,0.0,0.0
1,7.0,"gate_out=self.randomly_select_exit(model,(self.combine(neighbourhood_count_exits,neighbourhood_count_exits)))",0.19064362103578392,0.2337516967798351,47523.41136550903,1.0,1.0,0.0,0.0,0.0,0.0,2.0,1.0,0.0,0.0,0.0
1,7.0,"gate_out=self.randomly_select_exit(model,(self.combine(compare_distance,compare_distance)))",0.23606362572221165,0.2392663793676177,47523.41136550903,1.0,1.0,2.0,0.0,0.0,0.0,0.0,1.0,0.0,0.0,0.0
1,7.0,"gate_out=self.randomly_select_exit(model,(self.combine(neighbourhood_count_exits,self.combine(neighbourhood_count_exits,compare_distance))))",0.18670994296312712,0.2320890866369309,47523.41136550903,1.0,2.0,1.0,0.0,0.0,0.0,2.0,1.0,0.0,0.0,0.0
1,7.0,"gate_out=self.randomly_select_exit(model,(self.subtract(compare_distance,neighbourhood_count_exits)))",0.5489981479178666,0.5489981479178666,47523.41136550903,1.0,0.0,1.0,0.0,0.0,0.0,1.0,1.0,0.0,0.0,1.0
1,7.0,"gate_out=self.randomly_select_exit(model,(compare_distance))",0.2551027523285299,0.5135133661217135,47523.41136550903,1.0,0.0,1.0,0.0,0.0,0.0,0.0,1.0,0.0,0.0,0.0
1,7.0,"gate_out=self.randomly_select_exit(model,(self.combine(neighbourhood_count_exits,self.combine(neighbourhood_count_exits,compare_distance))))",0.18670994296312712,0.3152880555585951,47523.41136550903,1.0,2.0,1.0,0.0,0.0,0.0,2.0,1.0,0.0,0.0,0.0
1,7.0,"gate_out=self.randomly_select_exit(model,(self.combine(neighbourhood_count_exits,compare_distance)))",0.18402643758529685,0.2538107046126149,47523.41136550903,1.0,1.0,1.0,0.0,0.0,0.0,1.0,1.0,0.0,0.0,0.0
1,7.0,"gate_out=self.randomly_select_exit(model,(self.combine(neighbourhood_count_exits,compare_distance)))",0.18402643758529685,0.2596581279467798,47523.41136550903,1.0,1.0,1.0,0.0,0.0,0.0,1.0,1.0,0.0,0.0,0.0
1,7.0,"gate_out=self.randomly_select_exit(model,(self.combine(neighbourhood_count_exits,compare_distance)))",0.18402643758529685,0.2485120205744372,47523.41136550903,1.0,1.0,1.0,0.0,0.0,0.0,1.0,1.0,0.0,0.0,0.0
1,7.0,"gate_out=self.randomly_select_exit(model,(self.combine(neighbourhood_count_exits,compare_distance)))",0.18402643758529685,0.2687472973827432,47523.41136550903,1.0,1.0,1.0,0.0,0.0,0.0,1.0,1.0,0.0,0.0,0.0
1,7.0,"gate_out=self.randomly_select_exit(model,(self.combine(neighbourhood_count_exits,compare_distance)))",0.18402643758529685,0.243091189766292,47523.41136550903,1.0,1.0,1.0,0.0,0.0,0.0,1.0,1.0,0.0,0.0,0.0
1,7.0,"gate_out=self.randomly_select_exit(model,(self.combine(neighbourhood_count_exits,compare_distance)))",0.18402643758529685,0.2662641716991515,47523.41136550903,1.0,1.0,1.0,0.0,0.0,0.0,1.0,1.0,0.0,0.0,0.0
1,7.0,"gate_out=self.randomly_select_exit(model,(self.combine(neighbourhood_count_exits,compare_distance)))",0.18402643758529685,0.3078644409255406,47523.41136550903,1.0,1.0,1.0,0.0,0.0,0.0,1.0,1.0,0.0,0.0,0.0
1,7.0,"gate_out=self.randomly_select_exit(model,(self.combine(neighbourhood_count_exits,compare_distance)))",0.18402643758529685,0.2361103865994621,47523.41136550903,1.0,1.0,1.0,0.0,0.0,0.0,1.0,1.0,0.0,0.0,0.0
1,7.0,"gate_out=self.randomly_select_exit(model,(self.combine(neighbourhood_count_exits,compare_distance)))",0.18402643758529685,0.22468207078648,47523.41136550903,1.0,1.0,1.0,0.0,0.0,0.0,1.0,1.0,0.0,0.0,0.0
1,7.0,"gate_out=self.randomly_select_exit(model,(self.combine(self.combine(self.combine(compare_distance,similarity_by_gender),self.subtract(compare_width,self.combine(compare_distance,similarity_by_gender))),compare_distance)))",0.549919019117033,0.549919019117033,47523.41136550903,1.0,4.0,3.0,1.0,0.0,0.0,0.0,1.0,0.0,2.0,1.0
1,7.0,"gate_out=self.randomly_select_exit(model,(self.combine(neighbourhood_count_exits,self.combine(neighbourhood_count_exits,compare_distance))))",0.18670994296312712,0.18670994296312712,47523.41136550903,1.0,2.0,1.0,0.0,0.0,0.0,2.0,1.0,0.0,0.0,0.0
1,7.0,"gate_out=self.randomly_select_exit(model,(neighbourhood_count_exits))",0.20775480904220053,0.2891849106919699,47523.41136550903,1.0,0.0,0.0,0.0,0.0,0.0,1.0,1.0,0.0,0.0,0.0
1,7.0,"gate_out=self.randomly_select_exit(model,(self.combine(neighbourhood_count_exits,compare_distance)))",0.18402643758529685,0.3431903261424057,47523.41136550903,1.0,1.0,1.0,0.0,0.0,0.0,1.0,1.0,0.0,0.0,0.0
1,7.0,"gate_out=self.randomly_select_exit(model,(self.combine(neighbourhood_count_exits,compare_distance)))",0.18402643758529685,0.25024244412965524,47523.41136550903,1.0,1.0,1.0,0.0,0.0,0.0,1.0,1.0,0.0,0.0,0.0
1,7.0,"gate_out=self.randomly_select_exit(model,(compare_distance))",0.2551027523285299,0.4949404312399676,47523.41136550903,1.0,0.0,1.0,0.0,0.0,0.0,0.0,1.0,0.0,0.0,0.0
1,7.0,"gate_out=self.randomly_select_exit(model,(self.combine(neighbourhood_count_exits,self.combine(neighbourhood_count_exits,compare_distance))))",0.18670994296312712,0.2521441197034988,47523.41136550903,1.0,2.0,1.0,0.0,0.0,0.0,2.0,1.0,0.0,0.0,0.0
1,7.0,"gate_out=self.randomly_select_exit(model,(self.combine(neighbourhood_count_exits,compare_distance)))",0.18402643758529685,0.27652556936594264,47523.41136550903,1.0,1.0,1.0,0.0,0.0,0.0,1.0,1.0,0.0,0.0,0.0
1,7.0,"gate_out=self.randomly_select_exit(model,(self.combine(neighbourhood_count_exits,compare_distance)))",0.18402643758529685,0.26505843609904634,47523.41136550903,1.0,1.0,1.0,0.0,0.0,0.0,1.0,1.0,0.0,0.0,0.0
1,7.0,"gate_out=self.randomly_select_exit(model,(self.combine(compare_distance,compare_distance)))",0.23606362572221165,0.33241148596422765,47523.41136550903,1.0,1.0,2.0,0.0,0.0,0.0,0.0,1.0,0.0,0.0,0.0
1,7.0,"gate_out=self.randomly_select_exit(model,(self.combine(neighbourhood_count_exits,compare_distance)))",0.18402643758529685,0.3564103016645325,47523.41136550903,1.0,1.0,1.0,0.0,0.0,0.0,1.0,1.0,0.0,0.0,0.0
1,7.0,"gate_out=self.randomly_select_exit(model,(self.combine(neighbourhood_count_exits,compare_distance)))",0.18402643758529685,0.319247190689704,47523.41136550903,1.0,1.0,1.0,0.0,0.0,0.0,1.0,1.0,0.0,0.0,0.0
1,7.0,"gate_out=self.randomly_select_exit(model,(self.combine(neighbourhood_count_exits,compare_distance)))",0.18402643758529685,0.29479184940048697,47523.41136550903,1.0,1.0,1.0,0.0,0.0,0.0,1.0,1.0,0.0,0.0,0.0
1,7.0,"gate_out=self.randomly_select_exit(model,(self.combine(neighbourhood_count_exits,compare_distance)))",0.18402643758529685,0.29859636157744257,47523.41136550903,1.0,1.0,1.0,0.0,0.0,0.0,1.0,1.0,0.0,0.0,0.0
1,7.0,"gate_out=self.randomly_select_exit(model,(self.combine(neighbourhood_count_exits,compare_distance)))",0.18402643758529685,0.2748434616704708,47523.41136550903,1.0,1.0,1.0,0.0,0.0,0.0,1.0,1.0,0.0,0.0,0.0
1,7.0,"gate_out=self.randomly_select_exit(model,(self.combine(neighbourhood_count_exits,compare_distance)))",0.18402643758529685,0.295121453120454,47523.41136550903,1.0,1.0,1.0,0.0,0.0,0.0,1.0,1.0,0.0,0.0,0.0
1,8.0,"gate_out=self.randomly_select_exit(model,(self.combine(neighbourhood_count_exits,compare_distance)))",0.18402643758529685,0.21512904626061166,50219.907182455056,1.0,1.0,1.0,0.0,0.0,0.0,1.0,1.0,0.0,0.0,0.0
1,8.0,"gate_out=self.randomly_select_exit(model,(self.combine(neighbourhood_count_exits,compare_distance)))",0.18402643758529685,0.23272574558840464,50219.907182455056,1.0,1.0,1.0,0.0,0.0,0.0,1.0,1.0,0.0,0.0,0.0
1,8.0,"gate_out=self.randomly_select_exit(model,(self.combine(neighbourhood_count_exits,compare_distance)))",0.18402643758529685,0.2385394978484082,50219.907182455056,1.0,1.0,1.0,0.0,0.0,0.0,1.0,1.0,0.0,0.0,0.0
1,8.0,"gate_out=self.randomly_select_exit(model,(self.combine(neighbourhood_count_exits,compare_distance)))",0.18402643758529685,0.3521915123869531,50219.907182455056,1.0,1.0,1.0,0.0,0.0,0.0,1.0,1.0,0.0,0.0,0.0
1,8.0,"gate_out=self.randomly_select_exit(model,(self.combine(self.combine(neighbourhood_count_exits,compare_distance),compare_distance)))",0.26435390959171656,0.3639817103776236,50219.907182455056,1.0,2.0,2.0,0.0,0.0,0.0,1.0,1.0,0.0,0.0,0.0
1,8.0,"gate_out=self.randomly_select_exit(model,(neighbourhood_count_exits))",0.20775480904220053,0.23926167054245354,50219.907182455056,1.0,0.0,0.0,0.0,0.0,0.0,1.0,1.0,0.0,0.0,0.0
1,8.0,"gate_out=self.randomly_select_exit(model,(self.combine(neighbourhood_count_exits,self.combine(self.subtract(compare_distance,similarity_by_age),self.subtract(compare_distance,similarity_by_gender)))))",0.4252525806283772,0.4252525806283772,50219.907182455056,1.0,2.0,2.0,0.0,0.0,0.0,1.0,1.0,1.0,1.0,2.0
1,8.0,"gate_out=self.randomly_select_exit(model,(self.combine(neighbourhood_count_exits,compare_distance)))",0.18402643758529685,0.4154357424168857,50219.907182455056,1.0,1.0,1.0,0.0,0.0,0.0,1.0,1.0,0.0,0.0,0.0
1,8.0,"gate_out=self.get_min_select_exit(model,(self.combine(compare_width,neighbourhood_count_exits)))",0.5732799653365219,0.5748179195193484,50219.907182455056,1.0,1.0,0.0,1.0,0.0,1.0,1.0,0.0,0.0,0.0,0.0
1,8.0,"gate_out=self.randomly_select_exit(model,(self.combine(neighbourhood_count_exits,compare_distance)))",0.18402643758529685,0.29036469387586217,50219.907182455056,1.0,1.0,1.0,0.0,0.0,0.0,1.0,1.0,0.0,0.0,0.0
1,8.0,"gate_out=self.randomly_select_exit(model,(self.combine(neighbourhood_count_exits,compare_distance)))",0.18402643758529685,0.30503594240661003,50219.907182455056,1.0,1.0,1.0,0.0,0.0,0.0,1.0,1.0,0.0,0.0,0.0
1,8.0,"gate_out=self.randomly_select_exit(model,(self.combine(neighbourhood_count_exits,compare_distance)))",0.18402643758529685,0.30220757290048383,50219.907182455056,1.0,1.0,1.0,0.0,0.0,0.0,1.0,1.0,0.0,0.0,0.0
1,8.0,"gate_out=self.randomly_select_exit(model,(self.combine(neighbourhood_count_exits,compare_distance)))",0.18402643758529685,0.26747680249129524,50219.907182455056,1.0,1.0,1.0,0.0,0.0,0.0,1.0,1.0,0.0,0.0,0.0
1,8.0,"gate_out=self.randomly_select_exit(model,(self.combine(neighbourhood_count_exits,compare_distance)))",0.18402643758529685,0.33403777669122225,50219.907182455056,1.0,1.0,1.0,0.0,0.0,0.0,1.0,1.0,0.0,0.0,0.0
1,8.0,"gate_out=self.randomly_select_exit(model,(self.combine(neighbourhood_count_exits,compare_distance)))",0.18402643758529685,0.35412258683332193,50219.907182455056,1.0,1.0,1.0,0.0,0.0,0.0,1.0,1.0,0.0,0.0,0.0
1,8.0,"gate_out=self.randomly_select_exit(model,(self.combine(neighbourhood_count_exits,compare_distance)))",0.18402643758529685,0.4802697267288014,50219.907182455056,1.0,1.0,1.0,0.0,0.0,0.0,1.0,1.0,0.0,0.0,0.0
1,8.0,"gate_out=self.randomly_select_exit(model,(self.combine(neighbourhood_count_exits,compare_distance)))",0.18402643758529685,0.2274985573221757,50219.907182455056,1.0,1.0,1.0,0.0,0.0,0.0,1.0,1.0,0.0,0.0,0.0
1,8.0,"gate_out=self.randomly_select_exit(model,(self.combine(neighbourhood_count_exits,compare_distance)))",0.18402643758529685,0.2436509330572809,50219.907182455056,1.0,1.0,1.0,0.0,0.0,0.0,1.0,1.0,0.0,0.0,0.0
1,8.0,"gate_out=self.randomly_select_exit(model,(self.combine(neighbourhood_count_exits,compare_distance)))",0.18402643758529685,0.4507386809028621,50219.907182455056,1.0,1.0,1.0,0.0,0.0,0.0,1.0,1.0,0.0,0.0,0.0
1,8.0,"gate_out=self.randomly_select_exit(model,(self.combine(neighbourhood_count_exits,compare_distance)))",0.18402643758529685,0.33260200589731403,50219.907182455056,1.0,1.0,1.0,0.0,0.0,0.0,1.0,1.0,0.0,0.0,0.0
1,8.0,"gate_out=self.randomly_select_exit(model,(self.combine(neighbourhood_count_exits,self.combine(neighbourhood_count_exits,compare_distance))))",0.18670994296312712,0.44360469616274256,50219.907182455056,1.0,2.0,1.0,0.0,0.0,0.0,2.0,1.0,0.0,0.0,0.0
1,8.0,"gate_out=self.randomly_select_exit(model,(compare_distance))",0.2551027523285299,0.5491951532048992,50219.907182455056,1.0,0.0,1.0,0.0,0.0,0.0,0.0,1.0,0.0,0.0,0.0
1,8.0,"gate_out=self.randomly_select_exit(model,(self.combine(neighbourhood_count_exits,compare_distance)))",0.18402643758529685,0.33339983445038784,50219.907182455056,1.0,1.0,1.0,0.0,0.0,0.0,1.0,1.0,0.0,0.0,0.0
1,8.0,"gate_out=self.randomly_select_exit(model,(self.combine(neighbourhood_count_exits,compare_distance)))",0.18402643758529685,0.4152030747644073,50219.907182455056,1.0,1.0,1.0,0.0,0.0,0.0,1.0,1.0,0.0,0.0,0.0
1,8.0,"gate_out=self.randomly_select_exit(model,(self.combine(neighbourhood_count_exits,compare_distance)))",0.18402643758529685,0.3808512888276195,50219.907182455056,1.0,1.0,1.0,0.0,0.0,0.0,1.0,1.0,0.0,0.0,0.0
1,8.0,"gate_out=self.randomly_select_exit(model,(similarity_by_age))",0.5488333438784322,0.5508889770096933,50219.907182455056,1.0,0.0,0.0,0.0,0.0,0.0,0.0,1.0,1.0,0.0,0.0
1,8.0,"gate_out=self.randomly_select_exit(model,(self.combine(neighbourhood_count_exits,compare_distance)))",0.18402643758529685,0.2511721268470065,50219.907182455056,1.0,1.0,1.0,0.0,0.0,0.0,1.0,1.0,0.0,0.0,0.0
1,8.0,"gate_out=self.randomly_select_exit(model,(self.combine(neighbourhood_count_exits,compare_distance)))",0.18402643758529685,0.37977541029316003,50219.907182455056,1.0,1.0,1.0,0.0,0.0,0.0,1.0,1.0,0.0,0.0,0.0
1,8.0,"gate_out=self.randomly_select_exit(model,(self.combine(compare_distance,self.combine(neighbourhood_count_exits,compare_distance))))",0.26918369732115016,0.26918369732115016,50219.907182455056,1.0,2.0,2.0,0.0,0.0,0.0,1.0,1.0,0.0,0.0,0.0
1,8.0,"gate_out=self.randomly_select_exit(model,(self.combine(neighbourhood_count_exits,neighbourhood_count_exits)))",0.19064362103578392,0.3069300310103591,50219.907182455056,1.0,1.0,0.0,0.0,0.0,0.0,2.0,1.0,0.0,0.0,0.0
1,8.0,"gate_out=self.randomly_select_exit(model,(similarity_by_age))",0.5488333438784322,0.5492283767430889,50219.907182455056,1.0,0.0,0.0,0.0,0.0,0.0,0.0,1.0,1.0,0.0,0.0
1,8.0,"gate_out=self.get_min_select_exit(model,(similarity_by_age))",0.5744514154637148,0.5765346118319491,50219.907182455056,1.0,0.0,0.0,0.0,0.0,1.0,0.0,0.0,1.0,0.0,0.0
1,8.0,"gate_out=self.get_max_select_exit(model,(compare_width))",0.5717347242836932,0.5733144263618284,50219.907182455056,1.0,0.0,0.0,1.0,1.0,0.0,0.0,0.0,0.0,0.0,0.0
1,8.0,"gate_out=self.randomly_select_exit(model,(self.combine(neighbourhood_count_exits,compare_distance)))",0.18402643758529685,0.3076025602754144,50219.907182455056,1.0,1.0,1.0,0.0,0.0,0.0,1.0,1.0,0.0,0.0,0.0
1,8.0,"gate_out=self.randomly_select_exit(model,(self.combine(neighbourhood_count_exits,compare_distance)))",0.18402643758529685,0.34097765376880546,50219.907182455056,1.0,1.0,1.0,0.0,0.0,0.0,1.0,1.0,0.0,0.0,0.0
1,9.0,"gate_out=self.randomly_select_exit(model,(self.combine(neighbourhood_count_exits,compare_distance)))",0.18402643758529685,0.3243401600559106,52957.587138175964,1.0,1.0,1.0,0.0,0.0,0.0,1.0,1.0,0.0,0.0,0.0
1,9.0,"gate_out=self.randomly_select_exit(model,(self.combine(neighbourhood_count_exits,compare_distance)))",0.18402643758529685,0.34233261929999537,52957.587138175964,1.0,1.0,1.0,0.0,0.0,0.0,1.0,1.0,0.0,0.0,0.0
1,9.0,"gate_out=self.randomly_select_exit(model,(self.combine(neighbourhood_count_exits,compare_distance)))",0.18402643758529685,0.3084941908297804,52957.587138175964,1.0,1.0,1.0,0.0,0.0,0.0,1.0,1.0,0.0,0.0,0.0
1,9.0,"gate_out=self.randomly_select_exit(model,(self.combine(self.subtract(self.combine(self.subtract(compare_width,compare_width),self.combine(similarity_by_gender,compare_distance)),self.subtract(neighbourhood_count_exits,compare_distance)),compare_distance)))",0.5492463952274208,0.5492463952274208,52957.587138175964,1.0,3.0,3.0,2.0,0.0,0.0,1.0,1.0,0.0,1.0,3.0
1,9.0,"gate_out=self.randomly_select_exit(model,(self.combine(neighbourhood_count_exits,self.combine(neighbourhood_count_exits,compare_distance))))",0.18670994296312712,0.21566321100442915,52957.587138175964,1.0,2.0,1.0,0.0,0.0,0.0,2.0,1.0,0.0,0.0,0.0
1,9.0,"gate_out=self.randomly_select_exit(model,(compare_distance))",0.2551027523285299,0.3771287406337187,52957.587138175964,1.0,0.0,1.0,0.0,0.0,0.0,0.0,1.0,0.0,0.0,0.0
1,9.0,"gate_out=self.randomly_select_exit(model,(self.combine(neighbourhood_count_exits,compare_distance)))",0.18402643758529685,0.2450433905536244,52957.587138175964,1.0,1.0,1.0,0.0,0.0,0.0,1.0,1.0,0.0,0.0,0.0
1,9.0,"gate_out=self.randomly_select_exit(model,(self.combine(neighbourhood_count_exits,compare_distance)))",0.18402643758529685,0.3099560474295552,52957.587138175964,1.0,1.0,1.0,0.0,0.0,0.0,1.0,1.0,0.0,0.0,0.0
1,9.0,"gate_out=self.randomly_select_exit(model,(self.combine(neighbourhood_count_exits,compare_distance)))",0.18402643758529685,0.2893802860441623,52957.587138175964,1.0,1.0,1.0,0.0,0.0,0.0,1.0,1.0,0.0,0.0,0.0
1,9.0,"gate_out=self.get_min_select_exit(model,(self.combine(similarity_by_age,similarity_by_age)))",0.5774144933312271,0.5774144933312271,52957.587138175964,1.0,1.0,0.0,0.0,0.0,1.0,0.0,0.0,2.0,0.0,0.0
1,9.0,"gate_out=self.randomly_select_exit(model,(self.combine(neighbourhood_count_exits,self.combine(neighbourhood_count_exits,compare_distance))))",0.18670994296312712,0.2773543067385069,52957.587138175964,1.0,2.0,1.0,0.0,0.0,0.0,2.0,1.0,0.0,0.0,0.0
1,9.0,"gate_out=self.randomly_select_exit(model,(compare_distance))",0.2551027523285299,0.4176816641601945,52957.587138175964,1.0,0.0,1.0,0.0,0.0,0.0,0.0,1.0,0.0,0.0,0.0
1,9.0,"gate_out=self.randomly_select_exit(model,(self.combine(neighbourhood_count_exits,compare_distance)))",0.18402643758529685,0.3626662412252236,52957.587138175964,1.0,1.0,1.0,0.0,0.0,0.0,1.0,1.0,0.0,0.0,0.0
1,9.0,"gate_out=self.randomly_select_exit(model,(self.combine(neighbourhood_count_exits,compare_distance)))",0.18402643758529685,0.29140387301867,52957.587138175964,1.0,1.0,1.0,0.0,0.0,0.0,1.0,1.0,0.0,0.0,0.0
1,9.0,"gate_out=self.get_max_select_exit(model,(neighbourhood_count_exits))",0.5759080200539095,0.5759080200539095,52957.587138175964,1.0,0.0,0.0,0.0,1.0,0.0,1.0,0.0,0.0,0.0,0.0
1,9.0,"gate_out=self.randomly_select_exit(model,(neighbourhood_count_exits))",0.20775480904220053,0.4120577480786063,52957.587138175964,1.0,0.0,0.0,0.0,0.0,0.0,1.0,1.0,0.0,0.0,0.0
1,9.0,"gate_out=self.randomly_select_exit(model,(self.combine(neighbourhood_count_exits,compare_distance)))",0.18402643758529685,0.3746709906561079,52957.587138175964,1.0,1.0,1.0,0.0,0.0,0.0,1.0,1.0,0.0,0.0,0.0
1,9.0,"gate_out=self.randomly_select_exit(model,(self.combine(self.subtract(self.combine(similarity_by_gender,similarity_by_gender),self.combine(similarity_by_age,compare_width)),compare_distance)))",0.553625727772243,0.553625727772243,52957.587138175964,1.0,3.0,1.0,1.0,0.0,0.0,0.0,1.0,1.0,2.0,1.0
1,9.0,"gate_out=self.randomly_select_exit(model,(self.combine(neighbourhood_count_exits,compare_distance)))",0.18402643758529685,0.3032009455172769,52957.587138175964,1.0,1.0,1.0,0.0,0.0,0.0,1.0,1.0,0.0,0.0,0.0
1,9.0,"gate_out=self.randomly_select_exit(model,(self.combine(neighbourhood_count_exits,compare_distance)))",0.18402643758529685,0.2383849696962337,52957.587138175964,1.0,1.0,1.0,0.0,0.0,0.0,1.0,1.0,0.0,0.0,0.0
1,9.0,"gate_out=self.randomly_select_exit(model,(self.combine(neighbourhood_count_exits,compare_distance)))",0.18402643758529685,0.3226975703911417,52957.587138175964,1.0,1.0,1.0,0.0,0.0,0.0,1.0,1.0,0.0,0.0,0.0
1,9.0,"gate_out=self.randomly_select_exit(model,(self.combine(neighbourhood_count_exits,compare_distance)))",0.18402643758529685,0.2394482860395957,52957.587138175964,1.0,1.0,1.0,0.0,0.0,0.0,1.0,1.0,0.0,0.0,0.0
1,9.0,"gate_out=self.randomly_select_exit(model,(self.combine(neighbourhood_count_exits,compare_distance)))",0.18402643758529685,0.2774396304331531,52957.587138175964,1.0,1.0,1.0,0.0,0.0,0.0,1.0,1.0,0.0,0.0,0.0
1,9.0,"gate_out=self.randomly_select_exit(model,(self.combine(neighbourhood_count_exits,compare_distance)))",0.18402643758529685,0.3430484017983761,52957.587138175964,1.0,1.0,1.0,0.0,0.0,0.0,1.0,1.0,0.0,0.0,0.0
1,9.0,"gate_out=self.randomly_select_exit(model,(self.combine(neighbourhood_count_exits,compare_distance)))",0.18402643758529685,0.2530823284837999,52957.587138175964,1.0,1.0,1.0,0.0,0.0,0.0,1.0,1.0,0.0,0.0,0.0
1,9.0,"gate_out=self.randomly_select_exit(model,(self.combine(neighbourhood_count_exits,compare_distance)))",0.18402643758529685,0.2047368376854584,52957.587138175964,1.0,1.0,1.0,0.0,0.0,0.0,1.0,1.0,0.0,0.0,0.0
1,9.0,"gate_out=self.randomly_select_exit(model,(self.combine(neighbourhood_count_exits,self.combine(self.subtract(compare_distance,similarity_by_age),self.subtract(compare_distance,similarity_by_gender)))))",0.3531213420460291,0.3531213420460291,52957.587138175964,1.0,2.0,2.0,0.0,0.0,0.0,1.0,1.0,1.0,1.0,2.0
1,9.0,"gate_out=self.randomly_select_exit(model,(self.combine(neighbourhood_count_exits,compare_distance)))",0.18402643758529685,0.2235661199727816,52957.587138175964,1.0,1.0,1.0,0.0,0.0,0.0,1.0,1.0,0.0,0.0,0.0
1,9.0,"gate_out=self.randomly_select_exit(model,(self.combine(neighbourhood_count_exits,compare_distance)))",0.18402643758529685,0.31044610788397115,52957.587138175964,1.0,1.0,1.0,0.0,0.0,0.0,1.0,1.0,0.0,0.0,0.0
1,9.0,"gate_out=self.randomly_select_exit(model,(self.combine(self.combine(self.combine(similarity_by_gender,similarity_by_gender),self.combine(similarity_by_gender,similarity_by_age)),compare_distance)))",0.5501135079166247,0.5501135079166247,52957.587138175964,1.0,4.0,1.0,0.0,0.0,0.0,0.0,1.0,1.0,3.0,0.0
1,9.0,"gate_out=self.randomly_select_exit(model,(neighbourhood_count_exits))",0.20775480904220053,0.4079789006572912,52957.587138175964,1.0,0.0,0.0,0.0,0.0,0.0,1.0,1.0,0.0,0.0,0.0
1,9.0,"gate_out=self.randomly_select_exit(model,(self.combine(self.combine(neighbourhood_count_exits,compare_distance),compare_distance)))",0.26435390959171656,0.2865888701539208,52957.587138175964,1.0,2.0,2.0,0.0,0.0,0.0,1.0,1.0,0.0,0.0,0.0
1,9.0,"gate_out=self.randomly_select_exit(model,(self.combine(neighbourhood_count_exits,compare_distance)))",0.18402643758529685,0.27120578082643,52957.587138175964,1.0,1.0,1.0,0.0,0.0,0.0,1.0,1.0,0.0,0.0,0.0
1,9.0,"gate_out=self.randomly_select_exit(model,(self.combine(neighbourhood_count_exits,compare_distance)))",0.18402643758529685,0.266159051981302,52957.587138175964,1.0,1.0,1.0,0.0,0.0,0.0,1.0,1.0,0.0,0.0,0.0
1,9.0,"gate_out=self.randomly_select_exit(model,(self.combine(neighbourhood_count_exits,compare_distance)))",0.18402643758529685,0.4688803089964457,52957.587138175964,1.0,1.0,1.0,0.0,0.0,0.0,1.0,1.0,0.0,0.0,0.0
1,10.0,"gate_out=self.randomly_select_exit(model,(self.combine(neighbourhood_count_exits,compare_distance)))",0.18402643758529685,0.2817575366345968,55708.1682600975,1.0,1.0,1.0,0.0,0.0,0.0,1.0,1.0,0.0,0.0,0.0
1,10.0,"gate_out=self.randomly_select_exit(model,(similarity_by_gender))",0.5487134075261925,0.5503140902265531,55708.1682600975,1.0,0.0,0.0,0.0,0.0,0.0,0.0,1.0,0.0,1.0,0.0
1,10.0,"gate_out=self.randomly_select_exit(model,(self.combine(neighbourhood_count_exits,compare_distance)))",0.18402643758529685,0.3954248776191923,55708.1682600975,1.0,1.0,1.0,0.0,0.0,0.0,1.0,1.0,0.0,0.0,0.0
1,10.0,"gate_out=self.randomly_select_exit(model,(self.combine(neighbourhood_count_exits,compare_distance)))",0.18402643758529685,0.3437677861699716,55708.1682600975,1.0,1.0,1.0,0.0,0.0,0.0,1.0,1.0,0.0,0.0,0.0
1,10.0,"gate_out=self.get_min_select_exit(model,(compare_distance))",0.5742741846730666,0.5767199965819773,55708.1682600975,1.0,0.0,1.0,0.0,0.0,1.0,0.0,0.0,0.0,0.0,0.0
1,10.0,"gate_out=self.randomly_select_exit(model,(self.combine(neighbourhood_count_exits,compare_distance)))",0.18402643758529685,0.21425548442019304,55708.1682600975,1.0,1.0,1.0,0.0,0.0,0.0,1.0,1.0,0.0,0.0,0.0
1,10.0,"gate_out=self.get_max_select_exit(model,(self.subtract(similarity_by_gender,similarity_by_age)))",0.5739253307413592,0.5739253307413592,55708.1682600975,1.0,0.0,0.0,0.0,1.0,0.0,0.0,0.0,1.0,1.0,1.0
1,10.0,"gate_out=self.randomly_select_exit(model,(self.combine(neighbourhood_count_exits,compare_distance)))",0.18402643758529685,0.2375829281531056,55708.1682600975,1.0,1.0,1.0,0.0,0.0,0.0,1.0,1.0,0.0,0.0,0.0
1,10.0,"gate_out=self.randomly_select_exit(model,(self.combine(neighbourhood_count_exits,compare_distance)))",0.18402643758529685,0.2605129564097379,55708.1682600975,1.0,1.0,1.0,0.0,0.0,0.0,1.0,1.0,0.0,0.0,0.0
1,10.0,"gate_out=self.randomly_select_exit(model,(self.combine(neighbourhood_count_exits,self.combine(neighbourhood_count_exits,compare_distance))))",0.18670994296312712,0.25172358228068875,55708.1682600975,1.0,2.0,1.0,0.0,0.0,0.0,2.0,1.0,0.0,0.0,0.0
1,10.0,"gate_out=self.randomly_select_exit(model,(self.combine(neighbourhood_count_exits,compare_distance)))",0.18402643758529685,0.3070627506713012,55708.1682600975,1.0,1.0,1.0,0.0,0.0,0.0,1.0,1.0,0.0,0.0,0.0
1,10.0,"gate_out=self.randomly_select_exit(model,(self.combine(neighbourhood_count_exits,compare_distance)))",0.18402643758529685,0.2797992891796533,55708.1682600975,1.0,1.0,1.0,0.0,0.0,0.0,1.0,1.0,0.0,0.0,0.0
1,10.0,"gate_out=self.randomly_select_exit(model,(self.combine(neighbourhood_count_exits,compare_distance)))",0.18402643758529685,0.26289563704528635,55708.1682600975,1.0,1.0,1.0,0.0,0.0,0.0,1.0,1.0,0.0,0.0,0.0
1,10.0,"gate_out=self.randomly_select_exit(model,(self.combine(neighbourhood_count_exits,compare_distance)))",0.18402643758529685,0.21842278033907667,55708.1682600975,1.0,1.0,1.0,0.0,0.0,0.0,1.0,1.0,0.0,0.0,0.0
1,10.0,"gate_out=self.randomly_select_exit(model,(compare_distance))",0.2551027523285299,0.512085009057217,55708.1682600975,1.0,0.0,1.0,0.0,0.0,0.0,0.0,1.0,0.0,0.0,0.0
1,10.0,"gate_out=self.randomly_select_exit(model,(self.combine(neighbourhood_count_exits,self.combine(neighbourhood_count_exits,compare_distance))))",0.18670994296312712,0.3386177320147761,55708.1682600975,1.0,2.0,1.0,0.0,0.0,0.0,2.0,1.0,0.0,0.0,0.0
1,10.0,"gate_out=self.randomly_select_exit(model,(self.combine(neighbourhood_count_exits,compare_distance)))",0.18402643758529685,0.3642947211267407,55708.1682600975,1.0,1.0,1.0,0.0,0.0,0.0,1.0,1.0,0.0,0.0,0.0
1,10.0,"gate_out=self.randomly_select_exit(model,(self.combine(neighbourhood_count_exits,compare_distance)))",0.18402643758529685,0.2563877550011209,55708.1682600975,1.0,1.0,1.0,0.0,0.0,0.0,1.0,1.0,0.0,0.0,0.0
1,10.0,"gate_out=self.randomly_select_exit(model,(self.combine(neighbourhood_count_exits,compare_distance)))",0.18402643758529685,0.2956013863848035,55708.1682600975,1.0,1.0,1.0,0.0,0.0,0.0,1.0,1.0,0.0,0.0,0.0
1,10.0,"gate_out=self.randomly_select_exit(model,(self.combine(neighbourhood_count_exits,compare_distance)))",0.18402643758529685,0.3090839856370733,55708.1682600975,1.0,1.0,1.0,0.0,0.0,0.0,1.0,1.0,0.0,0.0,0.0
1,10.0,"gate_out=self.randomly_select_exit(model,(self.combine(neighbourhood_count_exits,compare_distance)))",0.18402643758529685,0.4100931728929054,55708.1682600975,1.0,1.0,1.0,0.0,0.0,0.0,1.0,1.0,0.0,0.0,0.0
1,10.0,"gate_out=self.randomly_select_exit(model,(self.combine(neighbourhood_count_exits,compare_distance)))",0.18402643758529685,0.2144914015093785,55708.1682600975,1.0,1.0,1.0,0.0,0.0,0.0,1.0,1.0,0.0,0.0,0.0
1,10.0,"gate_out=self.randomly_select_exit(model,(self.combine(neighbourhood_count_exits,compare_distance)))",0.18402643758529685,0.3486606447191503,55708.1682600975,1.0,1.0,1.0,0.0,0.0,0.0,1.0,1.0,0.0,0.0,0.0
1,10.0,"gate_out=self.randomly_select_exit(model,(self.combine(neighbourhood_count_exits,compare_distance)))",0.18402643758529685,0.2948391122283029,55708.1682600975,1.0,1.0,1.0,0.0,0.0,0.0,1.0,1.0,0.0,0.0,0.0
1,10.0,"gate_out=self.randomly_select_exit(model,(self.combine(neighbourhood_count_exits,compare_distance)))",0.18402643758529685,0.2687068602211554,55708.1682600975,1.0,1.0,1.0,0.0,0.0,0.0,1.0,1.0,0.0,0.0,0.0
1,10.0,"gate_out=self.randomly_select_exit(model,(neighbourhood_count_exits))",0.20775480904220053,0.2311168610437461,55708.1682600975,1.0,0.0,0.0,0.0,0.0,0.0,1.0,1.0,0.0,0.0,0.0
1,10.0,"gate_out=self.randomly_select_exit(model,(self.combine(neighbourhood_count_exits,compare_distance)))",0.18402643758529685,0.25843064762693074,55708.1682600975,1.0,1.0,1.0,0.0,0.0,0.0,1.0,1.0,0.0,0.0,0.0
1,10.0,"gate_out=self.randomly_select_exit(model,(self.combine(neighbourhood_count_exits,compare_distance)))",0.18402643758529685,0.2845983416682968,55708.1682600975,1.0,1.0,1.0,0.0,0.0,0.0,1.0,1.0,0.0,0.0,0.0
1,10.0,"gate_out=self.randomly_select_exit(model,(self.combine(self.subtract(self.combine(similarity_by_gender,similarity_by_gender),self.combine(compare_distance,compare_distance)),compare_distance)))",0.5493707431486357,0.5493707431486357,55708.1682600975,1.0,3.0,3.0,0.0,0.0,0.0,0.0,1.0,0.0,2.0,1.0
1,10.0,"gate_out=self.randomly_select_exit(model,(self.combine(neighbourhood_count_exits,compare_distance)))",0.18402643758529685,0.30977772546971793,55708.1682600975,1.0,1.0,1.0,0.0,0.0,0.0,1.0,1.0,0.0,0.0,0.0
1,10.0,"gate_out=self.randomly_select_exit(model,(self.combine(self.combine(self.combine(compare_distance,compare_width),self.subtract(similarity_by_gender,neighbourhood_count_exits)),compare_distance)))",0.5524386540568783,0.5524386540568783,55708.1682600975,1.0,3.0,2.0,1.0,0.0,0.0,1.0,1.0,0.0,1.0,1.0
1,10.0,"gate_out=self.randomly_select_exit(model,(self.combine(neighbourhood_count_exits,self.combine(self.subtract(compare_width,similarity_by_age),self.subtract(compare_distance,compare_width)))))",0.2788521399296019,0.2788521399296019,55708.1682600975,1.0,2.0,1.0,2.0,0.0,0.0,1.0,1.0,1.0,0.0,2.0
1,10.0,"gate_out=self.randomly_select_exit(model,(self.combine(neighbourhood_count_exits,compare_distance)))",0.18402643758529685,0.2495800289322899,55708.1682600975,1.0,1.0,1.0,0.0,0.0,0.0,1.0,1.0,0.0,0.0,0.0
1,10.0,"gate_out=self.randomly_select_exit(model,(self.combine(neighbourhood_count_exits,compare_distance)))",0.18402643758529685,0.34628960226705796,55708.1682600975,1.0,1.0,1.0,0.0,0.0,0.0,1.0,1.0,0.0,0.0,0.0
1,10.0,"gate_out=self.randomly_select_exit(model,(self.combine(neighbourhood_count_exits,compare_distance)))",0.18402643758529685,0.3777619706272008,55708.1682600975,1.0,1.0,1.0,0.0,0.0,0.0,1.0,1.0,0.0,0.0,0.0
2,0.0,"gate_out=self.randomly_select_exit(model,(self.combine(neighbourhood_count_exits,compare_distance)))",0.18402643758529685,0.2322144462485741,57228.113153696075,1.0,1.0,1.0,0.0,0.0,0.0,1.0,1.0,0.0,0.0,0.0
2,0.0,"gate_out=self.randomly_select_exit(model,(self.combine(neighbourhood_count_exits,self.combine(neighbourhood_count_exits,compare_distance))))",0.18670994296312712,0.2403949300813047,57228.113153696075,1.0,2.0,1.0,0.0,0.0,0.0,2.0,1.0,0.0,0.0,0.0
2,0.0,"gate_out=self.randomly_select_exit(model,(self.combine(neighbourhood_count_exits,neighbourhood_count_exits)))",0.19064362103578392,0.2853392050611965,57228.113153696075,1.0,1.0,0.0,0.0,0.0,0.0,2.0,1.0,0.0,0.0,0.0
2,0.0,"gate_out=self.randomly_select_exit(model,(self.combine(compare_distance,neighbourhood_count_exits)))",0.20300899329471248,0.3005494149014414,57228.113153696075,1.0,1.0,1.0,0.0,0.0,0.0,1.0,1.0,0.0,0.0,0.0
2,0.0,"gate_out=self.randomly_select_exit(model,(neighbourhood_count_exits))",0.20775480904220053,0.32439493011930226,57228.113153696075,1.0,0.0,0.0,0.0,0.0,0.0,1.0,1.0,0.0,0.0,0.0
2,0.0,"gate_out=self.get_min_select_exit(model,(compare_distance))",0.5742741846730666,0.5764617299427666,57228.113153696075,1.0,0.0,1.0,0.0,0.0,1.0,0.0,0.0,0.0,0.0,0.0
2,0.0,"gate_out=self.randomly_select_exit(model,(neighbourhood_count_exits))",0.20775480904220053,0.34624988169140725,57228.113153696075,1.0,0.0,0.0,0.0,0.0,0.0,1.0,1.0,0.0,0.0,0.0
2,0.0,"gate_out=self.randomly_select_exit(model,(compare_width))",0.5514034324082473,0.5518722718039715,57228.113153696075,1.0,0.0,0.0,1.0,0.0,0.0,0.0,1.0,0.0,0.0,0.0
2,0.0,"gate_out=self.randomly_select_exit(model,(self.subtract(similarity_by_age,self.subtract(compare_distance,compare_distance))))",0.5496626678118137,0.5496626678118137,57228.113153696075,1.0,0.0,2.0,0.0,0.0,0.0,0.0,1.0,1.0,0.0,2.0
2,0.0,"gate_out=self.get_max_select_exit(model,(self.combine(self.combine(self.subtract(compare_distance,similarity_by_gender),compare_width),similarity_by_age)))",0.5750283330570896,0.5750283330570896,57228.113153696075,1.0,2.0,1.0,1.0,1.0,0.0,0.0,0.0,1.0,1.0,1.0
2,0.0,"gate_out=self.randomly_select_exit(model,(compare_width))",0.5514034324082473,0.5524589464767959,57228.113153696075,1.0,0.0,0.0,1.0,0.0,0.0,0.0,1.0,0.0,0.0,0.0
2,0.0,"gate_out=self.get_max_select_exit(model,(compare_distance))",0.5759584208109285,0.5759584208109285,57228.113153696075,1.0,0.0,1.0,0.0,1.0,0.0,0.0,0.0,0.0,0.0,0.0
2,0.0,"gate_out=self.get_max_select_exit(model,(compare_distance))",0.5759584208109285,0.5783106723356705,57228.113153696075,1.0,0.0,1.0,0.0,1.0,0.0,0.0,0.0,0.0,0.0,0.0
2,0.0,"gate_out=self.get_max_select_exit(model,(neighbourhood_count_exits))",0.5756115923268796,0.5756115923268796,57228.113153696075,1.0,0.0,0.0,0.0,1.0,0.0,1.0,0.0,0.0,0.0,0.0
2,0.0,"gate_out=self.get_max_select_exit(model,(neighbourhood_count_exits))",0.5756115923268796,0.5773562560333454,57228.113153696075,1.0,0.0,0.0,0.0,1.0,0.0,1.0,0.0,0.0,0.0,0.0
2,0.0,"gate_out=self.randomly_select_exit(model,(similarity_by_gender))",0.5487134075261925,0.5504424977003225,57228.113153696075,1.0,0.0,0.0,0.0,0.0,0.0,0.0,1.0,0.0,1.0,0.0
2,0.0,"gate_out=self.get_max_select_exit(model,(self.subtract(compare_width,compare_width)))",0.5723762768402926,0.5723762768402926,57228.113153696075,1.0,0.0,0.0,2.0,1.0,0.0,0.0,0.0,0.0,0.0,1.0
2,0.0,"gate_out=self.randomly_select_exit(model,(compare_distance))",0.2551027523285299,0.3757625884246956,57228.113153696075,1.0,0.0,1.0,0.0,0.0,0.0,0.0,1.0,0.0,0.0,0.0
2,0.0,"gate_out=self.randomly_select_exit(model,(self.subtract(compare_distance,compare_width)))",0.5544236280962458,0.5544236280962458,57228.113153696075,1.0,0.0,1.0,1.0,0.0,0.0,0.0,1.0,0.0,0.0,1.0
2,0.0,"gate_out=self.get_max_select_exit(model,(compare_distance))",0.5759584208109285,0.5784664316624608,57228.113153696075,1.0,0.0,1.0,0.0,1.0,0.0,0.0,0.0,0.0,0.0,0.0
2,0.0,"gate_out=self.randomly_select_exit(model,(similarity_by_age))",0.5488333438784322,0.5502427385898907,57228.113153696075,1.0,0.0,0.0,0.0,0.0,0.0,0.0,1.0,1.0,0.0,0.0
2,0.0,"gate_out=self.get_max_select_exit(model,(compare_distance))",0.5759584208109285,0.5782490818203511,57228.113153696075,1.0,0.0,1.0,0.0,1.0,0.0,0.0,0.0,0.0,0.0,0.0
2,0.0,"gate_out=self.get_max_select_exit(model,(similarity_by_age))",0.5734930537629999,0.5738623479417494,57228.113153696075,1.0,0.0,0.0,0.0,1.0,0.0,0.0,0.0,1.0,0.0,0.0
2,0.0,"gate_out=self.randomly_select_exit(model,(similarity_by_gender))",0.5487134075261925,0.5489628679726812,57228.113153696075,1.0,0.0,0.0,0.0,0.0,0.0,0.0,1.0,0.0,1.0,0.0
2,0.0,"gate_out=self.get_min_select_exit(model,(neighbourhood_count_exits))",0.5713131604685936,0.5719776940162589,57228.113153696075,1.0,0.0,0.0,0.0,0.0,1.0,1.0,0.0,0.0,0.0,0.0
2,0.0,"gate_out=self.get_max_select_exit(model,(compare_distance))",0.5759584208109285,0.5769065970521472,57228.113153696075,1.0,0.0,1.0,0.0,1.0,0.0,0.0,0.0,0.0,0.0,0.0
2,0.0,"gate_out=self.randomly_select_exit(model,(self.subtract(self.combine(self.subtract(neighbourhood_count_exits,neighbourhood_count_exits),self.subtract(similarity_by_gender,compare_distance)),neighbourhood_count_exits)))",0.5490426703321118,0.5490426703321118,57228.113153696075,1.0,1.0,1.0,0.0,0.0,0.0,3.0,1.0,0.0,1.0,3.0
2,0.0,"gate_out=self.get_min_select_exit(model,(similarity_by_gender))",0.5752921912763618,0.5765059581104105,57228.113153696075,1.0,0.0,0.0,0.0,0.0,1.0,0.0,0.0,0.0,1.0,0.0
2,0.0,"gate_out=self.get_max_select_exit(model,(neighbourhood_count_exits))",0.5756115923268796,0.5757640940854567,57228.113153696075,1.0,0.0,0.0,0.0,1.0,0.0,1.0,0.0,0.0,0.0,0.0
2,0.0,"gate_out=self.get_max_select_exit(model,(self.combine(neighbourhood_count_exits,compare_width)))",0.5771824346135488,0.5771824346135488,57228.113153696075,1.0,1.0,0.0,1.0,1.0,0.0,1.0,0.0,0.0,0.0,0.0
2,0.0,"gate_out=self.get_min_select_exit(model,(self.subtract(self.subtract(compare_distance,compare_distance),compare_distance)))",0.5782007856530007,0.5782007856530007,57228.113153696075,1.0,0.0,3.0,0.0,0.0,1.0,0.0,0.0,0.0,0.0,2.0
2,0.0,"gate_out=self.randomly_select_exit(model,(compare_width))",0.5514034324082473,0.5514065025179503,57228.113153696075,1.0,0.0,0.0,1.0,0.0,0.0,0.0,1.0,0.0,0.0,0.0
2,0.0,"gate_out=self.get_min_select_exit(model,(self.subtract(self.combine(compare_width,compare_distance),self.subtract(compare_width,similarity_by_gender))))",0.5759619724397115,0.5759619724397115,57228.113153696075,1.0,1.0,1.0,2.0,0.0,1.0,0.0,0.0,0.0,1.0,2.0
2,0.0,"gate_out=self.randomly_select_exit(model,(self.subtract(self.subtract(compare_width,compare_distance),self.subtract(compare_width,similarity_by_gender))))",0.5498191248736317,0.5498191248736317,57228.113153696075,1.0,0.0,1.0,2.0,0.0,0.0,0.0,1.0,0.0,1.0,3.0
2,0.0,"gate_out=self.get_min_select_exit(model,(compare_distance))",0.5742741846730666,0.5772134615815608,57228.113153696075,1.0,0.0,1.0,0.0,0.0,1.0,0.0,0.0,0.0,0.0,0.0
2,1.0,"gate_out=self.randomly_select_exit(model,(similarity_by_gender))",0.5487134075261925,0.5495137178965837,59391.09328842162,1.0,0.0,0.0,0.0,0.0,0.0,0.0,1.0,0.0,1.0,0.0
2,1.0,"gate_out=self.randomly_select_exit(model,(self.subtract(self.combine(neighbourhood_count_exits,similarity_by_gender),self.subtract(neighbourhood_count_exits,compare_width))))",0.5523531580477595,0.5523531580477595,59391.09328842162,1.0,1.0,0.0,1.0,0.0,0.0,2.0,1.0,0.0,1.0,2.0
2,1.0,"gate_out=self.randomly_select_exit(model,(self.combine(compare_distance,neighbourhood_count_exits)))",0.20300899329471248,0.2860362886327172,59391.09328842162,1.0,1.0,1.0,0.0,0.0,0.0,1.0,1.0,0.0,0.0,0.0
2,1.0,"gate_out=self.randomly_select_exit(model,(self.subtract(compare_distance,compare_width)))",0.5539280070177516,0.5539280070177516,59391.09328842162,1.0,0.0,1.0,1.0,0.0,0.0,0.0,1.0,0.0,0.0,1.0
2,1.0,"gate_out=self.get_max_select_exit(model,(self.combine(compare_distance,neighbourhood_count_exits)))",0.576378741936572,0.576378741936572,59391.09328842162,1.0,1.0,1.0,0.0,1.0,0.0,1.0,0.0,0.0,0.0,0.0
2,1.0,"gate_out=self.randomly_select_exit(model,(neighbourhood_count_exits))",0.20686718869768506,0.34101351009625624,59391.09328842162,1.0,0.0,0.0,0.0,0.0,0.0,1.0,1.0,0.0,0.0,0.0
2,1.0,"gate_out=self.randomly_select_exit(model,(neighbourhood_count_exits))",0.20686718869768506,0.20686718869768506,59391.09328842162,1.0,0.0,0.0,0.0,0.0,0.0,1.0,1.0,0.0,0.0,0.0
2,1.0,"gate_out=self.get_min_select_exit(model,(self.subtract(compare_distance,compare_width)))",0.5756473038694021,0.5756473038694021,59391.09328842162,1.0,0.0,1.0,1.0,0.0,1.0,0.0,0.0,0.0,0.0,1.0
2,1.0,"gate_out=self.get_max_select_exit(model,(self.subtract(neighbourhood_count_exits,compare_width)))",0.5753926561871205,0.5753926561871205,59391.09328842162,1.0,0.0,0.0,1.0,1.0,0.0,1.0,0.0,0.0,0.0,1.0
2,1.0,"gate_out=self.get_max_select_exit(model,(compare_width))",0.5717347242836932,0.5730056834405087,59391.09328842162,1.0,0.0,0.0,1.0,1.0,0.0,0.0,0.0,0.0,0.0,0.0
2,1.0,"gate_out=self.randomly_select_exit(model,(compare_width))",0.5511249100917128,0.5516714839875306,59391.09328842162,1.0,0.0,0.0,1.0,0.0,0.0,0.0,1.0,0.0,0.0,0.0
2,1.0,"gate_out=self.get_min_select_exit(model,(neighbourhood_count_exits))",0.5713131604685936,0.5725772041695412,59391.09328842162,1.0,0.0,0.0,0.0,0.0,1.0,1.0,0.0,0.0,0.0,0.0
2,1.0,"gate_out=self.randomly_select_exit(model,(compare_width))",0.5511249100917128,0.5511249100917128,59391.09328842162,1.0,0.0,0.0,1.0,0.0,0.0,0.0,1.0,0.0,0.0,0.0
2,1.0,"gate_out=self.randomly_select_exit(model,(self.subtract(similarity_by_age,self.subtract(compare_distance,compare_distance))))",0.5493254878385024,0.5493254878385024,59391.09328842162,1.0,0.0,2.0,0.0,0.0,0.0,0.0,1.0,1.0,0.0,2.0
2,1.0,"gate_out=self.randomly_select_exit(model,(compare_width))",0.5511249100917128,0.5523732138315668,59391.09328842162,1.0,0.0,0.0,1.0,0.0,0.0,0.0,1.0,0.0,0.0,0.0
2,1.0,"gate_out=self.randomly_select_exit(model,(similarity_by_gender))",0.5487134075261925,0.5498122723211787,59391.09328842162,1.0,0.0,0.0,0.0,0.0,0.0,0.0,1.0,0.0,1.0,0.0
2,1.0,"gate_out=self.randomly_select_exit(model,(self.subtract(compare_distance,compare_width)))",0.5539280070177516,0.5543357430352488,59391.09328842162,1.0,0.0,1.0,1.0,0.0,0.0,0.0,1.0,0.0,0.0,1.0
2,1.0,"gate_out=self.randomly_select_exit(model,(self.combine(neighbourhood_count_exits,neighbourhood_count_exits)))",0.19064362103578392,0.3009212642658775,59391.09328842162,1.0,1.0,0.0,0.0,0.0,0.0,2.0,1.0,0.0,0.0,0.0
2,1.0,"gate_out=self.randomly_select_exit(model,(self.combine(neighbourhood_count_exits,self.combine(neighbourhood_count_exits,compare_distance))))",0.18670994296312712,0.3407322357454572,59391.09328842162,1.0,2.0,1.0,0.0,0.0,0.0,2.0,1.0,0.0,0.0,0.0
2,1.0,"gate_out=self.randomly_select_exit(model,(neighbourhood_count_exits))",0.20686718869768506,0.3693347379072456,59391.09328842162,1.0,0.0,0.0,0.0,0.0,0.0,1.0,1.0,0.0,0.0,0.0
2,1.0,"gate_out=self.randomly_select_exit(model,(similarity_by_age))",0.5488333438784322,0.5497994555420735,59391.09328842162,1.0,0.0,0.0,0.0,0.0,0.0,0.0,1.0,1.0,0.0,0.0
2,1.0,"gate_out=self.randomly_select_exit(model,(neighbourhood_count_exits))",0.20686718869768506,0.3377390945323108,59391.09328842162,1.0,0.0,0.0,0.0,0.0,0.0,1.0,1.0,0.0,0.0,0.0
2,1.0,"gate_out=self.randomly_select_exit(model,(neighbourhood_count_exits))",0.20686718869768506,0.238498623603292,59391.09328842162,1.0,0.0,0.0,0.0,0.0,0.0,1.0,1.0,0.0,0.0,0.0
2,1.0,"gate_out=self.get_max_select_exit(model,(self.combine(neighbourhood_count_exits,self.combine(neighbourhood_count_exits,compare_distance))))",0.5758031624153539,0.5758031624153539,59391.09328842162,1.0,2.0,1.0,0.0,1.0,0.0,2.0,0.0,0.0,0.0,0.0
2,1.0,"gate_out=self.randomly_select_exit(model,(compare_distance))",0.2551027523285299,0.32644490707252105,59391.09328842162,1.0,0.0,1.0,0.0,0.0,0.0,0.0,1.0,0.0,0.0,0.0
2,1.0,"gate_out=self.get_min_select_exit(model,(compare_distance))",0.5742741846730666,0.5767001694253693,59391.09328842162,1.0,0.0,1.0,0.0,0.0,1.0,0.0,0.0,0.0,0.0,0.0
2,1.0,"gate_out=self.randomly_select_exit(model,(neighbourhood_count_exits))",0.20686718869768506,0.2831058210565699,59391.09328842162,1.0,0.0,0.0,0.0,0.0,0.0,1.0,1.0,0.0,0.0,0.0
2,1.0,"gate_out=self.randomly_select_exit(model,(compare_distance))",0.2551027523285299,0.42640382715283376,59391.09328842162,1.0,0.0,1.0,0.0,0.0,0.0,0.0,1.0,0.0,0.0,0.0
2,1.0,"gate_out=self.randomly_select_exit(model,(neighbourhood_count_exits))",0.20686718869768506,0.3809108340019508,59391.09328842162,1.0,0.0,0.0,0.0,0.0,0.0,1.0,1.0,0.0,0.0,0.0
2,1.0,"gate_out=self.randomly_select_exit(model,(self.combine(neighbourhood_count_exits,compare_distance)))",0.18402643758529685,0.24654924688349145,59391.09328842162,1.0,1.0,1.0,0.0,0.0,0.0,1.0,1.0,0.0,0.0,0.0
2,1.0,"gate_out=self.randomly_select_exit(model,(similarity_by_gender))",0.5487134075261925,0.5493575134399155,59391.09328842162,1.0,0.0,0.0,0.0,0.0,0.0,0.0,1.0,0.0,1.0,0.0
2,1.0,"gate_out=self.get_max_select_exit(model,(compare_distance))",0.5759584208109285,0.5772043288899054,59391.09328842162,1.0,0.0,1.0,0.0,1.0,0.0,0.0,0.0,0.0,0.0,0.0
2,1.0,"gate_out=self.get_min_select_exit(model,(similarity_by_gender))",0.5752921912763618,0.5756170127508675,59391.09328842162,1.0,0.0,0.0,0.0,0.0,1.0,0.0,0.0,0.0,1.0,0.0
2,1.0,"gate_out=self.randomly_select_exit(model,(self.combine(neighbourhood_count_exits,self.combine(neighbourhood_count_exits,compare_distance))))",0.18670994296312712,0.2717232064831369,59391.09328842162,1.0,2.0,1.0,0.0,0.0,0.0,2.0,1.0,0.0,0.0,0.0
2,1.0,"gate_out=self.randomly_select_exit(model,(compare_distance))",0.2551027523285299,0.4779575296855154,59391.09328842162,1.0,0.0,1.0,0.0,0.0,0.0,0.0,1.0,0.0,0.0,0.0
2,2.0,"gate_out=self.randomly_select_exit(model,(self.combine(neighbourhood_count_exits,compare_distance)))",0.18402643758529685,0.2428148395456187,61917.134926080704,1.0,1.0,1.0,0.0,0.0,0.0,1.0,1.0,0.0,0.0,0.0
2,2.0,"gate_out=self.randomly_select_exit(model,(self.subtract(self.combine(neighbourhood_count_exits,similarity_by_gender),self.subtract(neighbourhood_count_exits,compare_width))))",0.5519346450039024,0.5519346450039024,61917.134926080704,1.0,1.0,0.0,1.0,0.0,0.0,2.0,1.0,0.0,1.0,2.0
2,2.0,"gate_out=self.randomly_select_exit(model,(self.combine(neighbourhood_count_exits,compare_distance)))",0.18402643758529685,0.33113914632683666,61917.134926080704,1.0,1.0,1.0,0.0,0.0,0.0,1.0,1.0,0.0,0.0,0.0
2,2.0,"gate_out=self.randomly_select_exit(model,(compare_distance))",0.2551027523285299,0.3425627540326636,61917.134926080704,1.0,0.0,1.0,0.0,0.0,0.0,0.0,1.0,0.0,0.0,0.0
2,2.0,"gate_out=self.randomly_select_exit(model,(neighbourhood_count_exits))",0.20686718869768506,0.3312947149438455,61917.134926080704,1.0,0.0,0.0,0.0,0.0,0.0,1.0,1.0,0.0,0.0,0.0
2,2.0,"gate_out=self.randomly_select_exit(model,(self.combine(compare_width,similarity_by_gender)))",0.5516438169738045,0.5516438169738045,61917.134926080704,1.0,1.0,0.0,1.0,0.0,0.0,0.0,1.0,0.0,1.0,0.0
2,2.0,"gate_out=self.randomly_select_exit(model,(self.combine(self.subtract(compare_width,similarity_by_gender),self.subtract(compare_distance,compare_distance))))",0.5499817744413056,0.5499817744413056,61917.134926080704,1.0,1.0,2.0,1.0,0.0,0.0,0.0,1.0,0.0,1.0,2.0
2,2.0,"gate_out=self.randomly_select_exit(model,(neighbourhood_count_exits))",0.20686718869768506,0.23947083368290084,61917.134926080704,1.0,0.0,0.0,0.0,0.0,0.0,1.0,1.0,0.0,0.0,0.0
2,2.0,"gate_out=self.randomly_select_exit(model,(self.combine(neighbourhood_count_exits,compare_distance)))",0.18402643758529685,0.2628923738771676,61917.134926080704,1.0,1.0,1.0,0.0,0.0,0.0,1.0,1.0,0.0,0.0,0.0
2,2.0,"gate_out=self.randomly_select_exit(model,(compare_width))",0.5511249100917128,0.5522776560882924,61917.134926080704,1.0,0.0,0.0,1.0,0.0,0.0,0.0,1.0,0.0,0.0,0.0
2,2.0,"gate_out=self.get_min_select_exit(model,(self.subtract(similarity_by_gender,neighbourhood_count_exits)))",0.5752125904436091,0.5752125904436091,61917.134926080704,1.0,0.0,0.0,0.0,0.0,1.0,1.0,0.0,0.0,1.0,1.0
2,2.0,"gate_out=self.randomly_select_exit(model,(self.combine(neighbourhood_count_exits,compare_distance)))",0.18402643758529685,0.3266401811922717,61917.134926080704,1.0,1.0,1.0,0.0,0.0,0.0,1.0,1.0,0.0,0.0,0.0
2,2.0,"gate_out=self.randomly_select_exit(model,(self.combine(compare_distance,neighbourhood_count_exits)))",0.20300899329471248,0.2583500411939098,61917.134926080704,1.0,1.0,1.0,0.0,0.0,0.0,1.0,1.0,0.0,0.0,0.0
2,2.0,"gate_out=self.randomly_select_exit(model,(self.subtract(self.subtract(similarity_by_age,compare_width),self.subtract(compare_distance,compare_width))))",0.4765420996869531,0.4765420996869531,61917.134926080704,1.0,0.0,1.0,2.0,0.0,0.0,0.0,1.0,1.0,0.0,3.0
2,2.0,"gate_out=self.randomly_select_exit(model,(self.combine(neighbourhood_count_exits,neighbourhood_count_exits)))",0.19064362103578392,0.21937718912387144,61917.134926080704,1.0,1.0,0.0,0.0,0.0,0.0,2.0,1.0,0.0,0.0,0.0
2,2.0,"gate_out=self.randomly_select_exit(model,(self.combine(neighbourhood_count_exits,compare_distance)))",0.18402643758529685,0.32547171778494355,61917.134926080704,1.0,1.0,1.0,0.0,0.0,0.0,1.0,1.0,0.0,0.0,0.0
2,2.0,"gate_out=self.randomly_select_exit(model,(self.combine(self.combine(neighbourhood_count_exits,self.combine(neighbourhood_count_exits,compare_distance)),neighbourhood_count_exits)))",0.3010401804845882,0.3010401804845882,61917.134926080704,1.0,3.0,1.0,0.0,0.0,0.0,3.0,1.0,0.0,0.0,0.0
2,2.0,"gate_out=self.randomly_select_exit(model,(neighbourhood_count_exits))",0.20686718869768506,0.25209334550891044,61917.134926080704,1.0,0.0,0.0,0.0,0.0,0.0,1.0,1.0,0.0,0.0,0.0
2,2.0,"gate_out=self.randomly_select_exit(model,(compare_distance))",0.2551027523285299,0.514606416176629,61917.134926080704,1.0,0.0,1.0,0.0,0.0,0.0,0.0,1.0,0.0,0.0,0.0
2,2.0,"gate_out=self.randomly_select_exit(model,(self.combine(compare_distance,neighbourhood_count_exits)))",0.20300899329471248,0.2650819571632569,61917.134926080704,1.0,1.0,1.0,0.0,0.0,0.0,1.0,1.0,0.0,0.0,0.0
2,2.0,"gate_out=self.randomly_select_exit(model,(self.combine(neighbourhood_count_exits,neighbourhood_count_exits)))",0.19064362103578392,0.3494716110592981,61917.134926080704,1.0,1.0,0.0,0.0,0.0,0.0,2.0,1.0,0.0,0.0,0.0
2,2.0,"gate_out=self.randomly_select_exit(model,(compare_distance))",0.2551027523285299,0.3613440928091229,61917.134926080704,1.0,0.0,1.0,0.0,0.0,0.0,0.0,1.0,0.0,0.0,0.0
2,2.0,"gate_out=self.randomly_select_exit(model,(neighbourhood_count_exits))",0.20686718869768506,0.2580840871961623,61917.134926080704,1.0,0.0,0.0,0.0,0.0,0.0,1.0,1.0,0.0,0.0,0.0
2,2.0,"gate_out=self.randomly_select_exit(model,(compare_distance))",0.2551027523285299,0.36453563576520004,61917.134926080704,1.0,0.0,1.0,0.0,0.0,0.0,0.0,1.0,0.0,0.0,0.0
2,2.0,"gate_out=self.get_max_select_exit(model,(similarity_by_age))",0.5734930537629999,0.5745629996666632,61917.134926080704,1.0,0.0,0.0,0.0,1.0,0.0,0.0,0.0,1.0,0.0,0.0
2,2.0,"gate_out=self.randomly_select_exit(model,(neighbourhood_count_exits))",0.20686718869768506,0.3797998903091544,61917.134926080704,1.0,0.0,0.0,0.0,0.0,0.0,1.0,1.0,0.0,0.0,0.0
2,2.0,"gate_out=self.randomly_select_exit(model,(neighbourhood_count_exits))",0.20686718869768506,0.3625109337490779,61917.134926080704,1.0,0.0,0.0,0.0,0.0,0.0,1.0,1.0,0.0,0.0,0.0
2,2.0,"gate_out=self.get_max_select_exit(model,(self.combine(neighbourhood_count_exits,neighbourhood_count_exits)))",0.5750535449655115,0.5750535449655115,61917.134926080704,1.0,1.0,0.0,0.0,1.0,0.0,2.0,0.0,0.0,0.0,0.0
2,2.0,"gate_out=self.randomly_select_exit(model,(neighbourhood_count_exits))",0.20686718869768506,0.3131615379840285,61917.134926080704,1.0,0.0,0.0,0.0,0.0,0.0,1.0,1.0,0.0,0.0,0.0
2,2.0,"gate_out=self.randomly_select_exit(model,(self.combine(neighbourhood_count_exits,self.combine(self.subtract(self.combine(self.subtract(similarity_by_age,similarity_by_age),self.subtract(similarity_by_gender,compare_width)),self.subtract(self.subtract(compare_distance,similarity_by_gender),similarity_by_gender)),compare_distance))))",0.5494093164245495,0.5494093164245495,61917.134926080704,1.0,3.0,2.0,1.0,0.0,0.0,1.0,1.0,2.0,3.0,5.0
2,2.0,"gate_out=self.randomly_select_exit(model,(self.combine(neighbourhood_count_exits,self.combine(neighbourhood_count_exits,compare_distance))))",0.18670994296312712,0.2414449337465649,61917.134926080704,1.0,2.0,1.0,0.0,0.0,0.0,2.0,1.0,0.0,0.0,0.0
2,2.0,"gate_out=self.randomly_select_exit(model,(neighbourhood_count_exits))",0.20686718869768506,0.3182446589636456,61917.134926080704,1.0,0.0,0.0,0.0,0.0,0.0,1.0,1.0,0.0,0.0,0.0
2,2.0,"gate_out=self.get_min_select_exit(model,(compare_distance))",0.5742741846730666,0.5768865553304912,61917.134926080704,1.0,0.0,1.0,0.0,0.0,1.0,0.0,0.0,0.0,0.0,0.0
2,2.0,"gate_out=self.get_min_select_exit(model,(self.subtract(self.subtract(similarity_by_age,compare_width),compare_width)))",0.5734656131484096,0.5734656131484096,61917.134926080704,1.0,0.0,0.0,2.0,0.0,1.0,0.0,0.0,1.0,0.0,2.0
2,2.0,"gate_out=self.randomly_select_exit(model,(compare_distance))",0.2551027523285299,0.3175835016439034,61917.134926080704,1.0,0.0,1.0,0.0,0.0,0.0,0.0,1.0,0.0,0.0,0.0
2,3.0,"gate_out=self.randomly_select_exit(model,(self.combine(neighbourhood_count_exits,neighbourhood_count_exits)))",0.19064362103578392,0.2600839982446643,64387.412885665886,1.0,1.0,0.0,0.0,0.0,0.0,2.0,1.0,0.0,0.0,0.0
2,3.0,"gate_out=self.randomly_select_exit(model,(neighbourhood_count_exits))",0.20686718869768506,0.4212689982019533,64387.412885665886,1.0,0.0,0.0,0.0,0.0,0.0,1.0,1.0,0.0,0.0,0.0
2,3.0,"gate_out=self.get_max_select_exit(model,(self.subtract(similarity_by_gender,similarity_by_gender)))",0.5717537302796067,0.5717537302796067,64387.412885665886,1.0,0.0,0.0,0.0,1.0,0.0,0.0,0.0,0.0,2.0,1.0
2,3.0,"gate_out=self.randomly_select_exit(model,(compare_distance))",0.2269006185925318,0.3790004262330691,64387.412885665886,1.0,0.0,1.0,0.0,0.0,0.0,0.0,1.0,0.0,0.0,0.0
2,3.0,"gate_out=self.randomly_select_exit(model,(self.combine(neighbourhood_count_exits,neighbourhood_count_exits)))",0.19064362103578392,0.2676512185491413,64387.412885665886,1.0,1.0,0.0,0.0,0.0,0.0,2.0,1.0,0.0,0.0,0.0
2,3.0,"gate_out=self.get_max_select_exit(model,(self.combine(self.combine(neighbourhood_count_exits,similarity_by_gender),similarity_by_age)))",0.5755380809645526,0.5755380809645526,64387.412885665886,1.0,2.0,0.0,0.0,1.0,0.0,1.0,0.0,1.0,1.0,0.0
2,3.0,"gate_out=self.randomly_select_exit(model,(self.combine(neighbourhood_count_exits,compare_distance)))",0.18402643758529685,0.2401661760362104,64387.412885665886,1.0,1.0,1.0,0.0,0.0,0.0,1.0,1.0,0.0,0.0,0.0
2,3.0,"gate_out=self.randomly_select_exit(model,(self.combine(neighbourhood_count_exits,self.combine(neighbourhood_count_exits,compare_distance))))",0.18670994296312712,0.28809928079087066,64387.412885665886,1.0,2.0,1.0,0.0,0.0,0.0,2.0,1.0,0.0,0.0,0.0
2,3.0,"gate_out=self.randomly_select_exit(model,(compare_width))",0.5511249100917128,0.5516329234204597,64387.412885665886,1.0,0.0,0.0,1.0,0.0,0.0,0.0,1.0,0.0,0.0,0.0
2,3.0,"gate_out=self.get_min_select_exit(model,(similarity_by_age))",0.5744514154637148,0.5746456241372799,64387.412885665886,1.0,0.0,0.0,0.0,0.0,1.0,0.0,0.0,1.0,0.0,0.0
2,3.0,"gate_out=self.randomly_select_exit(model,(self.combine(neighbourhood_count_exits,neighbourhood_count_exits)))",0.19064362103578392,0.29706108026576056,64387.412885665886,1.0,1.0,0.0,0.0,0.0,0.0,2.0,1.0,0.0,0.0,0.0
2,3.0,"gate_out=self.randomly_select_exit(model,(self.combine(compare_distance,neighbourhood_count_exits)))",0.20300899329471248,0.4055237835178047,64387.412885665886,1.0,1.0,1.0,0.0,0.0,0.0,1.0,1.0,0.0,0.0,0.0
2,3.0,"gate_out=self.randomly_select_exit(model,(self.combine(neighbourhood_count_exits,self.subtract(self.combine(self.subtract(compare_distance,similarity_by_age),similarity_by_age),self.combine(similarity_by_gender,similarity_by_age)))))",0.3841657564775952,0.3841657564775952,64387.412885665886,1.0,3.0,1.0,0.0,0.0,0.0,1.0,1.0,3.0,1.0,2.0
2,3.0,"gate_out=self.randomly_select_exit(model,(self.combine(neighbourhood_count_exits,neighbourhood_count_exits)))",0.19064362103578392,0.31533854178853205,64387.412885665886,1.0,1.0,0.0,0.0,0.0,0.0,2.0,1.0,0.0,0.0,0.0
2,3.0,"gate_out=self.get_min_select_exit(model,(compare_width))",0.5725040746282833,0.5734090624157305,64387.412885665886,1.0,0.0,0.0,1.0,0.0,1.0,0.0,0.0,0.0,0.0,0.0
2,3.0,"gate_out=self.randomly_select_exit(model,(self.combine(neighbourhood_count_exits,compare_distance)))",0.18402643758529685,0.4283372558989751,64387.412885665886,1.0,1.0,1.0,0.0,0.0,0.0,1.0,1.0,0.0,0.0,0.0
2,3.0,"gate_out=self.get_max_select_exit(model,(self.combine(self.subtract(compare_distance,similarity_by_age),self.combine(compare_width,compare_width))))",0.5749182578463166,0.5749182578463166,64387.412885665886,1.0,2.0,1.0,2.0,1.0,0.0,0.0,0.0,1.0,0.0,1.0
2,3.0,"gate_out=self.randomly_select_exit(model,(neighbourhood_count_exits))",0.20686718869768506,0.3318711195977981,64387.412885665886,1.0,0.0,0.0,0.0,0.0,0.0,1.0,1.0,0.0,0.0,0.0
2,3.0,"gate_out=self.randomly_select_exit(model,(self.combine(neighbourhood_count_exits,self.combine(neighbourhood_count_exits,compare_distance))))",0.18670994296312712,0.3425382450051001,64387.412885665886,1.0,2.0,1.0,0.0,0.0,0.0,2.0,1.0,0.0,0.0,0.0
2,3.0,"gate_out=self.randomly_select_exit(model,(compare_distance))",0.2269006185925318,0.4849481247964473,64387.412885665886,1.0,0.0,1.0,0.0,0.0,0.0,0.0,1.0,0.0,0.0,0.0
2,3.0,"gate_out=self.randomly_select_exit(model,(self.combine(neighbourhood_count_exits,neighbourhood_count_exits)))",0.19064362103578392,0.3018055653728958,64387.412885665886,1.0,1.0,0.0,0.0,0.0,0.0,2.0,1.0,0.0,0.0,0.0
2,3.0,"gate_out=self.randomly_select_exit(model,(compare_distance))",0.2269006185925318,0.2269006185925318,64387.412885665886,1.0,0.0,1.0,0.0,0.0,0.0,0.0,1.0,0.0,0.0,0.0
2,3.0,"gate_out=self.randomly_select_exit(model,(self.combine(neighbourhood_count_exits,compare_distance)))",0.18402643758529685,0.3258980376657405,64387.412885665886,1.0,1.0,1.0,0.0,0.0,0.0,1.0,1.0,0.0,0.0,0.0
2,3.0,"gate_out=self.randomly_select_exit(model,(self.combine(neighbourhood_count_exits,compare_distance)))",0.18402643758529685,0.2586678529249094,64387.412885665886,1.0,1.0,1.0,0.0,0.0,0.0,1.0,1.0,0.0,0.0,0.0
2,3.0,"gate_out=self.randomly_select_exit(model,(neighbourhood_count_exits))",0.20686718869768506,0.3348632258009764,64387.412885665886,1.0,0.0,0.0,0.0,0.0,0.0,1.0,1.0,0.0,0.0,0.0
2,3.0,"gate_out=self.randomly_select_exit(model,(self.combine(compare_distance,neighbourhood_count_exits)))",0.20300899329471248,0.2953657733359903,64387.412885665886,1.0,1.0,1.0,0.0,0.0,0.0,1.0,1.0,0.0,0.0,0.0
2,3.0,"gate_out=self.get_min_select_exit(model,(self.subtract(self.subtract(similarity_by_age,compare_width),compare_width)))",0.5734656131484096,0.5746792168861603,64387.412885665886,1.0,0.0,0.0,2.0,0.0,1.0,0.0,0.0,1.0,0.0,2.0
2,3.0,"gate_out=self.randomly_select_exit(model,(self.combine(neighbourhood_count_exits,self.subtract(self.combine(self.combine(similarity_by_gender,compare_width),neighbourhood_count_exits),self.subtract(compare_distance,self.subtract(similarity_by_age,neighbourhood_count_exits))))))",0.5492985946236032,0.5492985946236032,64387.412885665886,1.0,3.0,1.0,1.0,0.0,0.0,3.0,1.0,1.0,1.0,3.0
2,3.0,"gate_out=self.randomly_select_exit(model,(compare_distance))",0.2269006185925318,0.4948248780157127,64387.412885665886,1.0,0.0,1.0,0.0,0.0,0.0,0.0,1.0,0.0,0.0,0.0
2,3.0,"gate_out=self.randomly_select_exit(model,(self.combine(neighbourhood_count_exits,compare_distance)))",0.18402643758529685,0.27676978892813475,64387.412885665886,1.0,1.0,1.0,0.0,0.0,0.0,1.0,1.0,0.0,0.0,0.0
2,3.0,"gate_out=self.randomly_select_exit(model,(self.combine(neighbourhood_count_exits,self.combine(neighbourhood_count_exits,compare_distance))))",0.18670994296312712,0.43376394183939737,64387.412885665886,1.0,2.0,1.0,0.0,0.0,0.0,2.0,1.0,0.0,0.0,0.0
2,3.0,"gate_out=self.randomly_select_exit(model,(neighbourhood_count_exits))",0.20686718869768506,0.2651871425250305,64387.412885665886,1.0,0.0,0.0,0.0,0.0,0.0,1.0,1.0,0.0,0.0,0.0
2,3.0,"gate_out=self.randomly_select_exit(model,(self.combine(compare_distance,neighbourhood_count_exits)))",0.20300899329471248,0.30630410078648496,64387.412885665886,1.0,1.0,1.0,0.0,0.0,0.0,1.0,1.0,0.0,0.0,0.0
2,3.0,"gate_out=self.randomly_select_exit(model,(self.combine(neighbourhood_count_exits,compare_distance)))",0.18402643758529685,0.22383312126935906,64387.412885665886,1.0,1.0,1.0,0.0,0.0,0.0,1.0,1.0,0.0,0.0,0.0
2,3.0,"gate_out=self.randomly_select_exit(model,(self.combine(compare_distance,neighbourhood_count_exits)))",0.20300899329471248,0.21811894387750447,64387.412885665886,1.0,1.0,1.0,0.0,0.0,0.0,1.0,1.0,0.0,0.0,0.0
2,4.0,"gate_out=self.randomly_select_exit(model,(self.combine(neighbourhood_count_exits,self.combine(neighbourhood_count_exits,compare_distance))))",0.18670994296312712,0.34556311804682976,67039.12320923805,1.0,2.0,1.0,0.0,0.0,0.0,2.0,1.0,0.0,0.0,0.0
2,4.0,"gate_out=self.randomly_select_exit(model,(self.combine(neighbourhood_count_exits,compare_distance)))",0.18402643758529685,0.3732647929745118,67039.12320923805,1.0,1.0,1.0,0.0,0.0,0.0,1.0,1.0,0.0,0.0,0.0
2,4.0,"gate_out=self.randomly_select_exit(model,(self.combine(self.combine(similarity_by_gender,similarity_by_gender),self.combine(compare_width,compare_distance))))",0.5521243949425881,0.5521243949425881,67039.12320923805,1.0,3.0,1.0,1.0,0.0,0.0,0.0,1.0,0.0,2.0,0.0
2,4.0,"gate_out=self.randomly_select_exit(model,(self.combine(neighbourhood_count_exits,self.combine(self.combine(neighbourhood_count_exits,compare_distance),compare_distance))))",0.39013726711722796,0.39013726711722796,67039.12320923805,1.0,3.0,2.0,0.0,0.0,0.0,2.0,1.0,0.0,0.0,0.0
2,4.0,"gate_out=self.randomly_select_exit(model,(self.combine(neighbourhood_count_exits,self.combine(neighbourhood_count_exits,compare_distance))))",0.18670994296312712,0.2953428891965463,67039.12320923805,1.0,2.0,1.0,0.0,0.0,0.0,2.0,1.0,0.0,0.0,0.0
2,4.0,"gate_out=self.randomly_select_exit(model,(self.combine(neighbourhood_count_exits,compare_distance)))",0.18402643758529685,0.2481730757739641,67039.12320923805,1.0,1.0,1.0,0.0,0.0,0.0,1.0,1.0,0.0,0.0,0.0
2,4.0,"gate_out=self.get_max_select_exit(model,(self.combine(similarity_by_gender,compare_distance)))",0.5775905656731292,0.5775905656731292,67039.12320923805,1.0,1.0,1.0,0.0,1.0,0.0,0.0,0.0,0.0,1.0,0.0
2,4.0,"gate_out=self.randomly_select_exit(model,(self.combine(neighbourhood_count_exits,compare_distance)))",0.18402643758529685,0.26427346555886944,67039.12320923805,1.0,1.0,1.0,0.0,0.0,0.0,1.0,1.0,0.0,0.0,0.0
2,4.0,"gate_out=self.randomly_select_exit(model,(self.combine(neighbourhood_count_exits,self.combine(neighbourhood_count_exits,compare_distance))))",0.18670994296312712,0.26437534339788826,67039.12320923805,1.0,2.0,1.0,0.0,0.0,0.0,2.0,1.0,0.0,0.0,0.0
2,4.0,"gate_out=self.randomly_select_exit(model,(self.combine(neighbourhood_count_exits,compare_distance)))",0.18402643758529685,0.3112613628903903,67039.12320923805,1.0,1.0,1.0,0.0,0.0,0.0,1.0,1.0,0.0,0.0,0.0
2,4.0,"gate_out=self.get_max_select_exit(model,(self.combine(compare_distance,compare_distance)))",0.5779995871071323,0.5779995871071323,67039.12320923805,1.0,1.0,2.0,0.0,1.0,0.0,0.0,0.0,0.0,0.0,0.0
2,4.0,"gate_out=self.randomly_select_exit(model,(similarity_by_age))",0.5488333438784322,0.5497123565175357,67039.12320923805,1.0,0.0,0.0,0.0,0.0,0.0,0.0,1.0,1.0,0.0,0.0
2,4.0,"gate_out=self.randomly_select_exit(model,(self.combine(compare_distance,neighbourhood_count_exits)))",0.20300899329471248,0.2401684253609613,67039.12320923805,1.0,1.0,1.0,0.0,0.0,0.0,1.0,1.0,0.0,0.0,0.0
2,4.0,"gate_out=self.randomly_select_exit(model,(self.combine(neighbourhood_count_exits,compare_distance)))",0.18402643758529685,0.28280132032861593,67039.12320923805,1.0,1.0,1.0,0.0,0.0,0.0,1.0,1.0,0.0,0.0,0.0
2,4.0,"gate_out=self.randomly_select_exit(model,(self.combine(neighbourhood_count_exits,self.combine(neighbourhood_count_exits,compare_distance))))",0.18670994296312712,0.28153574187766983,67039.12320923805,1.0,2.0,1.0,0.0,0.0,0.0,2.0,1.0,0.0,0.0,0.0
2,4.0,"gate_out=self.get_max_select_exit(model,(self.combine(compare_distance,compare_width)))",0.5750428255942218,0.5750428255942218,67039.12320923805,1.0,1.0,1.0,1.0,1.0,0.0,0.0,0.0,0.0,0.0,0.0
2,4.0,"gate_out=self.randomly_select_exit(model,(self.combine(compare_distance,neighbourhood_count_exits)))",0.20300899329471248,0.31649363515472,67039.12320923805,1.0,1.0,1.0,0.0,0.0,0.0,1.0,1.0,0.0,0.0,0.0
2,4.0,"gate_out=self.randomly_select_exit(model,(self.combine(neighbourhood_count_exits,compare_distance)))",0.18402643758529685,0.2555774163398574,67039.12320923805,1.0,1.0,1.0,0.0,0.0,0.0,1.0,1.0,0.0,0.0,0.0
2,4.0,"gate_out=self.randomly_select_exit(model,(self.combine(neighbourhood_count_exits,self.combine(neighbourhood_count_exits,compare_distance))))",0.18670994296312712,0.2743699049311235,67039.12320923805,1.0,2.0,1.0,0.0,0.0,0.0,2.0,1.0,0.0,0.0,0.0
2,4.0,"gate_out=self.randomly_select_exit(model,(self.combine(neighbourhood_count_exits,compare_distance)))",0.18402643758529685,0.3425800243012473,67039.12320923805,1.0,1.0,1.0,0.0,0.0,0.0,1.0,1.0,0.0,0.0,0.0
2,4.0,"gate_out=self.randomly_select_exit(model,(self.subtract(neighbourhood_count_exits,similarity_by_gender)))",0.20904755088857965,0.20904755088857965,67039.12320923805,1.0,0.0,0.0,0.0,0.0,0.0,1.0,1.0,0.0,1.0,1.0
2,4.0,"gate_out=self.randomly_select_exit(model,(self.combine(neighbourhood_count_exits,neighbourhood_count_exits)))",0.19064362103578392,0.2349370385139664,67039.12320923805,1.0,1.0,0.0,0.0,0.0,0.0,2.0,1.0,0.0,0.0,0.0
2,4.0,"gate_out=self.randomly_select_exit(model,(self.combine(neighbourhood_count_exits,compare_distance)))",0.18402643758529685,0.28222952164913634,67039.12320923805,1.0,1.0,1.0,0.0,0.0,0.0,1.0,1.0,0.0,0.0,0.0
2,4.0,"gate_out=self.randomly_select_exit(model,(neighbourhood_count_exits))",0.20686718869768506,0.3930564409045248,67039.12320923805,1.0,0.0,0.0,0.0,0.0,0.0,1.0,1.0,0.0,0.0,0.0
2,4.0,"gate_out=self.randomly_select_exit(model,(self.subtract(self.subtract(self.combine(similarity_by_gender,compare_distance),neighbourhood_count_exits),self.subtract(self.combine(neighbourhood_count_exits,compare_distance),self.combine(compare_distance,neighbourhood_count_exits)))))",0.5492051818435906,0.5492051818435906,67039.12320923805,1.0,3.0,3.0,0.0,0.0,0.0,3.0,1.0,0.0,1.0,3.0
2,4.0,"gate_out=self.randomly_select_exit(model,(self.combine(neighbourhood_count_exits,neighbourhood_count_exits)))",0.19064362103578392,0.3200605092179422,67039.12320923805,1.0,1.0,0.0,0.0,0.0,0.0,2.0,1.0,0.0,0.0,0.0
2,4.0,"gate_out=self.randomly_select_exit(model,(self.combine(neighbourhood_count_exits,self.combine(neighbourhood_count_exits,compare_distance))))",0.18670994296312712,0.22494653289603625,67039.12320923805,1.0,2.0,1.0,0.0,0.0,0.0,2.0,1.0,0.0,0.0,0.0
2,4.0,"gate_out=self.randomly_select_exit(model,(self.combine(neighbourhood_count_exits,compare_distance)))",0.18402643758529685,0.362281673377719,67039.12320923805,1.0,1.0,1.0,0.0,0.0,0.0,1.0,1.0,0.0,0.0,0.0
2,4.0,"gate_out=self.get_max_select_exit(model,(similarity_by_gender))",0.5719944145172732,0.5731783494350371,67039.12320923805,1.0,0.0,0.0,0.0,1.0,0.0,0.0,0.0,0.0,1.0,0.0
2,4.0,"gate_out=self.randomly_select_exit(model,(self.combine(neighbourhood_count_exits,compare_distance)))",0.18402643758529685,0.3181430234274779,67039.12320923805,1.0,1.0,1.0,0.0,0.0,0.0,1.0,1.0,0.0,0.0,0.0
2,4.0,"gate_out=self.randomly_select_exit(model,(self.combine(neighbourhood_count_exits,compare_distance)))",0.18402643758529685,0.26924682473672784,67039.12320923805,1.0,1.0,1.0,0.0,0.0,0.0,1.0,1.0,0.0,0.0,0.0
2,4.0,"gate_out=self.randomly_select_exit(model,(self.combine(neighbourhood_count_exits,self.combine(neighbourhood_count_exits,compare_distance))))",0.18670994296312712,0.41798588049537255,67039.12320923805,1.0,2.0,1.0,0.0,0.0,0.0,2.0,1.0,0.0,0.0,0.0
2,4.0,"gate_out=self.randomly_select_exit(model,(self.combine(self.combine(neighbourhood_count_exits,compare_distance),compare_distance)))",0.26435390959171656,0.3084649284330251,67039.12320923805,1.0,2.0,2.0,0.0,0.0,0.0,1.0,1.0,0.0,0.0,0.0
2,4.0,"gate_out=self.randomly_select_exit(model,(neighbourhood_count_exits))",0.20686718869768506,0.25215015349979897,67039.12320923805,1.0,0.0,0.0,0.0,0.0,0.0,1.0,1.0,0.0,0.0,0.0
2,4.0,"gate_out=self.randomly_select_exit(model,(compare_distance))",0.2269006185925318,0.4599130692745419,67039.12320923805,1.0,0.0,1.0,0.0,0.0,0.0,0.0,1.0,0.0,0.0,0.0
2,5.0,"gate_out=self.randomly_select_exit(model,(self.combine(neighbourhood_count_exits,self.combine(neighbourhood_count_exits,compare_distance))))",0.18670994296312712,0.24002217867279824,69950.74049186707,1.0,2.0,1.0,0.0,0.0,0.0,2.0,1.0,0.0,0.0,0.0
2,5.0,"gate_out=self.randomly_select_exit(model,(self.combine(neighbourhood_count_exits,compare_distance)))",0.18402643758529685,0.3915219905015878,69950.74049186707,1.0,1.0,1.0,0.0,0.0,0.0,1.0,1.0,0.0,0.0,0.0
2,5.0,"gate_out=self.randomly_select_exit(model,(self.combine(neighbourhood_count_exits,self.combine(neighbourhood_count_exits,compare_distance))))",0.18670994296312712,0.36461105367282937,69950.74049186707,1.0,2.0,1.0,0.0,0.0,0.0,2.0,1.0,0.0,0.0,0.0
2,5.0,"gate_out=self.randomly_select_exit(model,(self.combine(neighbourhood_count_exits,compare_distance)))",0.18402643758529685,0.3123437943932049,69950.74049186707,1.0,1.0,1.0,0.0,0.0,0.0,1.0,1.0,0.0,0.0,0.0
2,5.0,"gate_out=self.randomly_select_exit(model,(self.combine(neighbourhood_count_exits,compare_distance)))",0.18402643758529685,0.24973221967333506,69950.74049186707,1.0,1.0,1.0,0.0,0.0,0.0,1.0,1.0,0.0,0.0,0.0
2,5.0,"gate_out=self.randomly_select_exit(model,(self.combine(self.subtract(self.combine(neighbourhood_count_exits,self.combine(similarity_by_age,neighbourhood_count_exits)),self.subtract(compare_width,compare_distance)),compare_distance)))",0.5503096098390824,0.5503096098390824,69950.74049186707,1.0,3.0,2.0,1.0,0.0,0.0,2.0,1.0,1.0,0.0,2.0
2,5.0,"gate_out=self.randomly_select_exit(model,(neighbourhood_count_exits))",0.20686718869768506,0.2476048500813816,69950.74049186707,1.0,0.0,0.0,0.0,0.0,0.0,1.0,1.0,0.0,0.0,0.0
2,5.0,"gate_out=self.randomly_select_exit(model,(self.combine(neighbourhood_count_exits,compare_distance)))",0.18402643758529685,0.268941018139107,69950.74049186707,1.0,1.0,1.0,0.0,0.0,0.0,1.0,1.0,0.0,0.0,0.0
2,5.0,"gate_out=self.randomly_select_exit(model,(self.combine(neighbourhood_count_exits,self.combine(neighbourhood_count_exits,compare_distance))))",0.18670994296312712,0.327827032526519,69950.74049186707,1.0,2.0,1.0,0.0,0.0,0.0,2.0,1.0,0.0,0.0,0.0
2,5.0,"gate_out=self.randomly_select_exit(model,(self.combine(self.combine(self.subtract(neighbourhood_count_exits,similarity_by_gender),self.combine(similarity_by_age,compare_width)),self.combine(neighbourhood_count_exits,compare_distance))))",0.5486974728304332,0.5486974728304332,69950.74049186707,1.0,4.0,1.0,1.0,0.0,0.0,2.0,1.0,1.0,1.0,1.0
2,5.0,"gate_out=self.randomly_select_exit(model,(self.combine(neighbourhood_count_exits,compare_distance)))",0.18402643758529685,0.27241831073059075,69950.74049186707,1.0,1.0,1.0,0.0,0.0,0.0,1.0,1.0,0.0,0.0,0.0
2,5.0,"gate_out=self.randomly_select_exit(model,(self.combine(neighbourhood_count_exits,compare_distance)))",0.18402643758529685,0.23731387209110025,69950.74049186707,1.0,1.0,1.0,0.0,0.0,0.0,1.0,1.0,0.0,0.0,0.0
2,5.0,"gate_out=self.randomly_select_exit(model,(self.combine(neighbourhood_count_exits,compare_distance)))",0.18402643758529685,0.270826401004136,69950.74049186707,1.0,1.0,1.0,0.0,0.0,0.0,1.0,1.0,0.0,0.0,0.0
2,5.0,"gate_out=self.randomly_select_exit(model,(self.combine(neighbourhood_count_exits,neighbourhood_count_exits)))",0.19064362103578392,0.2903881924809021,69950.74049186707,1.0,1.0,0.0,0.0,0.0,0.0,2.0,1.0,0.0,0.0,0.0
2,5.0,"gate_out=self.randomly_select_exit(model,(self.combine(neighbourhood_count_exits,compare_distance)))",0.18402643758529685,0.25060327160462365,69950.74049186707,1.0,1.0,1.0,0.0,0.0,0.0,1.0,1.0,0.0,0.0,0.0
2,5.0,"gate_out=self.randomly_select_exit(model,(self.combine(neighbourhood_count_exits,compare_distance)))",0.18402643758529685,0.3080282061185592,69950.74049186707,1.0,1.0,1.0,0.0,0.0,0.0,1.0,1.0,0.0,0.0,0.0
2,5.0,"gate_out=self.randomly_select_exit(model,(self.combine(neighbourhood_count_exits,compare_distance)))",0.18402643758529685,0.2695724002372417,69950.74049186707,1.0,1.0,1.0,0.0,0.0,0.0,1.0,1.0,0.0,0.0,0.0
2,5.0,"gate_out=self.randomly_select_exit(model,(self.combine(neighbourhood_count_exits,self.combine(neighbourhood_count_exits,compare_distance))))",0.18670994296312712,0.2649620868716398,69950.74049186707,1.0,2.0,1.0,0.0,0.0,0.0,2.0,1.0,0.0,0.0,0.0
2,5.0,"gate_out=self.randomly_select_exit(model,(self.combine(neighbourhood_count_exits,compare_distance)))",0.18402643758529685,0.3842153204107526,69950.74049186707,1.0,1.0,1.0,0.0,0.0,0.0,1.0,1.0,0.0,0.0,0.0
2,5.0,"gate_out=self.randomly_select_exit(model,(self.combine(neighbourhood_count_exits,self.combine(neighbourhood_count_exits,compare_distance))))",0.18670994296312712,0.2715950787597639,69950.74049186707,1.0,2.0,1.0,0.0,0.0,0.0,2.0,1.0,0.0,0.0,0.0
2,5.0,"gate_out=self.randomly_select_exit(model,(self.combine(neighbourhood_count_exits,compare_distance)))",0.18402643758529685,0.3193742528540115,69950.74049186707,1.0,1.0,1.0,0.0,0.0,0.0,1.0,1.0,0.0,0.0,0.0
2,5.0,"gate_out=self.randomly_select_exit(model,(self.combine(neighbourhood_count_exits,neighbourhood_count_exits)))",0.19064362103578392,0.3771143071404135,69950.74049186707,1.0,1.0,0.0,0.0,0.0,0.0,2.0,1.0,0.0,0.0,0.0
2,5.0,"gate_out=self.randomly_select_exit(model,(self.combine(neighbourhood_count_exits,self.combine(neighbourhood_count_exits,compare_distance))))",0.18670994296312712,0.26906078737509065,69950.74049186707,1.0,2.0,1.0,0.0,0.0,0.0,2.0,1.0,0.0,0.0,0.0
2,5.0,"gate_out=self.randomly_select_exit(model,(compare_distance))",0.2269006185925318,0.2679340476058556,69950.74049186707,1.0,0.0,1.0,0.0,0.0,0.0,0.0,1.0,0.0,0.0,0.0
2,5.0,"gate_out=self.randomly_select_exit(model,(self.combine(neighbourhood_count_exits,self.combine(neighbourhood_count_exits,compare_distance))))",0.18670994296312712,0.2812950344127099,69950.74049186707,1.0,2.0,1.0,0.0,0.0,0.0,2.0,1.0,0.0,0.0,0.0
2,5.0,"gate_out=self.randomly_select_exit(model,(self.combine(neighbourhood_count_exits,self.combine(neighbourhood_count_exits,compare_distance))))",0.18670994296312712,0.2888942961075001,69950.74049186707,1.0,2.0,1.0,0.0,0.0,0.0,2.0,1.0,0.0,0.0,0.0
2,5.0,"gate_out=self.randomly_select_exit(model,(neighbourhood_count_exits))",0.20686718869768506,0.2582647888105981,69950.74049186707,1.0,0.0,0.0,0.0,0.0,0.0,1.0,1.0,0.0,0.0,0.0
2,5.0,"gate_out=self.get_min_select_exit(model,(neighbourhood_count_exits))",0.5713131604685936,0.5715681016443842,69950.74049186707,1.0,0.0,0.0,0.0,0.0,1.0,1.0,0.0,0.0,0.0,0.0
2,5.0,"gate_out=self.randomly_select_exit(model,(self.combine(neighbourhood_count_exits,compare_distance)))",0.18402643758529685,0.2981992864992641,69950.74049186707,1.0,1.0,1.0,0.0,0.0,0.0,1.0,1.0,0.0,0.0,0.0
2,5.0,"gate_out=self.randomly_select_exit(model,(self.combine(neighbourhood_count_exits,neighbourhood_count_exits)))",0.19064362103578392,0.407287828769342,69950.74049186707,1.0,1.0,0.0,0.0,0.0,0.0,2.0,1.0,0.0,0.0,0.0
2,5.0,"gate_out=self.randomly_select_exit(model,(compare_distance))",0.2269006185925318,0.27116949030551,69950.74049186707,1.0,0.0,1.0,0.0,0.0,0.0,0.0,1.0,0.0,0.0,0.0
2,5.0,"gate_out=self.randomly_select_exit(model,(self.combine(neighbourhood_count_exits,self.combine(neighbourhood_count_exits,self.combine(neighbourhood_count_exits,compare_distance)))))",0.2855099001643754,0.2855099001643754,69950.74049186707,1.0,3.0,1.0,0.0,0.0,0.0,3.0,1.0,0.0,0.0,0.0
2,5.0,"gate_out=self.randomly_select_exit(model,(self.combine(neighbourhood_count_exits,compare_distance)))",0.18402643758529685,0.35065996035190583,69950.74049186707,1.0,1.0,1.0,0.0,0.0,0.0,1.0,1.0,0.0,0.0,0.0
2,5.0,"gate_out=self.randomly_select_exit(model,(self.combine(neighbourhood_count_exits,compare_distance)))",0.18402643758529685,0.3192746659342096,69950.74049186707,1.0,1.0,1.0,0.0,0.0,0.0,1.0,1.0,0.0,0.0,0.0
2,5.0,"gate_out=self.randomly_select_exit(model,(self.combine(neighbourhood_count_exits,compare_distance)))",0.18402643758529685,0.246503514282358,69950.74049186707,1.0,1.0,1.0,0.0,0.0,0.0,1.0,1.0,0.0,0.0,0.0
2,6.0,"gate_out=self.randomly_select_exit(model,(self.combine(neighbourhood_count_exits,self.combine(neighbourhood_count_exits,self.combine(neighbourhood_count_exits,compare_distance)))))",0.2382865877336625,0.2382865877336625,72836.77583575249,1.0,3.0,1.0,0.0,0.0,0.0,3.0,1.0,0.0,0.0,0.0
2,6.0,"gate_out=self.randomly_select_exit(model,(self.combine(neighbourhood_count_exits,compare_distance)))",0.18402643758529685,0.30766746892046554,72836.77583575249,1.0,1.0,1.0,0.0,0.0,0.0,1.0,1.0,0.0,0.0,0.0
2,6.0,"gate_out=self.randomly_select_exit(model,(self.combine(neighbourhood_count_exits,self.combine(neighbourhood_count_exits,compare_distance))))",0.18670994296312712,0.2821113609142719,72836.77583575249,1.0,2.0,1.0,0.0,0.0,0.0,2.0,1.0,0.0,0.0,0.0
2,6.0,"gate_out=self.randomly_select_exit(model,(self.combine(neighbourhood_count_exits,compare_distance)))",0.18402643758529685,0.29854186610768424,72836.77583575249,1.0,1.0,1.0,0.0,0.0,0.0,1.0,1.0,0.0,0.0,0.0
2,6.0,"gate_out=self.randomly_select_exit(model,(self.combine(neighbourhood_count_exits,compare_distance)))",0.18402643758529685,0.35642585666372545,72836.77583575249,1.0,1.0,1.0,0.0,0.0,0.0,1.0,1.0,0.0,0.0,0.0
2,6.0,"gate_out=self.randomly_select_exit(model,(self.combine(neighbourhood_count_exits,self.combine(neighbourhood_count_exits,compare_distance))))",0.18670994296312712,0.32068862887616184,72836.77583575249,1.0,2.0,1.0,0.0,0.0,0.0,2.0,1.0,0.0,0.0,0.0
2,6.0,"gate_out=self.randomly_select_exit(model,(self.combine(neighbourhood_count_exits,compare_distance)))",0.18402643758529685,0.21752065990690306,72836.77583575249,1.0,1.0,1.0,0.0,0.0,0.0,1.0,1.0,0.0,0.0,0.0
2,6.0,"gate_out=self.randomly_select_exit(model,(self.combine(neighbourhood_count_exits,compare_distance)))",0.18402643758529685,0.2678787331908842,72836.77583575249,1.0,1.0,1.0,0.0,0.0,0.0,1.0,1.0,0.0,0.0,0.0
2,6.0,"gate_out=self.randomly_select_exit(model,(self.combine(neighbourhood_count_exits,compare_distance)))",0.18402643758529685,0.3791635704571909,72836.77583575249,1.0,1.0,1.0,0.0,0.0,0.0,1.0,1.0,0.0,0.0,0.0
2,6.0,"gate_out=self.randomly_select_exit(model,(self.combine(neighbourhood_count_exits,compare_distance)))",0.18402643758529685,0.3080327889719453,72836.77583575249,1.0,1.0,1.0,0.0,0.0,0.0,1.0,1.0,0.0,0.0,0.0
2,6.0,"gate_out=self.randomly_select_exit(model,(self.combine(neighbourhood_count_exits,compare_distance)))",0.18402643758529685,0.3503351950139849,72836.77583575249,1.0,1.0,1.0,0.0,0.0,0.0,1.0,1.0,0.0,0.0,0.0
2,6.0,"gate_out=self.randomly_select_exit(model,(self.combine(neighbourhood_count_exits,compare_distance)))",0.18402643758529685,0.2601399203520456,72836.77583575249,1.0,1.0,1.0,0.0,0.0,0.0,1.0,1.0,0.0,0.0,0.0
2,6.0,"gate_out=self.randomly_select_exit(model,(self.combine(neighbourhood_count_exits,neighbourhood_count_exits)))",0.19064362103578392,0.2534925307474873,72836.77583575249,1.0,1.0,0.0,0.0,0.0,0.0,2.0,1.0,0.0,0.0,0.0
2,6.0,"gate_out=self.randomly_select_exit(model,(self.combine(self.subtract(compare_distance,compare_width),self.subtract(compare_width,compare_width))))",0.5536622770598232,0.5536622770598232,72836.77583575249,1.0,1.0,1.0,3.0,0.0,0.0,0.0,1.0,0.0,0.0,2.0
2,6.0,"gate_out=self.randomly_select_exit(model,(self.combine(neighbourhood_count_exits,compare_distance)))",0.18402643758529685,0.269697990664839,72836.77583575249,1.0,1.0,1.0,0.0,0.0,0.0,1.0,1.0,0.0,0.0,0.0
2,6.0,"gate_out=self.randomly_select_exit(model,(self.combine(neighbourhood_count_exits,compare_distance)))",0.18402643758529685,0.23126891283191425,72836.77583575249,1.0,1.0,1.0,0.0,0.0,0.0,1.0,1.0,0.0,0.0,0.0
2,6.0,"gate_out=self.randomly_select_exit(model,(self.combine(neighbourhood_count_exits,compare_distance)))",0.18402643758529685,0.3785034783109511,72836.77583575249,1.0,1.0,1.0,0.0,0.0,0.0,1.0,1.0,0.0,0.0,0.0
2,6.0,"gate_out=self.randomly_select_exit(model,(self.combine(neighbourhood_count_exits,compare_distance)))",0.18402643758529685,0.3160101434562132,72836.77583575249,1.0,1.0,1.0,0.0,0.0,0.0,1.0,1.0,0.0,0.0,0.0
2,6.0,"gate_out=self.randomly_select_exit(model,(self.combine(self.combine(neighbourhood_count_exits,compare_distance),compare_distance)))",0.2345941267127693,0.2345941267127693,72836.77583575249,1.0,2.0,2.0,0.0,0.0,0.0,1.0,1.0,0.0,0.0,0.0
2,6.0,"gate_out=self.randomly_select_exit(model,(neighbourhood_count_exits))",0.20686718869768506,0.2466187371528327,72836.77583575249,1.0,0.0,0.0,0.0,0.0,0.0,1.0,1.0,0.0,0.0,0.0
2,6.0,"gate_out=self.randomly_select_exit(model,(self.combine(neighbourhood_count_exits,self.combine(compare_distance,compare_distance))))",0.2731577090013397,0.2731577090013397,72836.77583575249,1.0,2.0,2.0,0.0,0.0,0.0,1.0,1.0,0.0,0.0,0.0
2,6.0,"gate_out=self.randomly_select_exit(model,(self.combine(neighbourhood_count_exits,neighbourhood_count_exits)))",0.19064362103578392,0.3195236358469573,72836.77583575249,1.0,1.0,0.0,0.0,0.0,0.0,2.0,1.0,0.0,0.0,0.0
2,6.0,"gate_out=self.randomly_select_exit(model,(self.combine(compare_distance,compare_distance)))",0.23606362572221165,0.4692485321315464,72836.77583575249,1.0,1.0,2.0,0.0,0.0,0.0,0.0,1.0,0.0,0.0,0.0
2,6.0,"gate_out=self.randomly_select_exit(model,(self.combine(neighbourhood_count_exits,neighbourhood_count_exits)))",0.19064362103578392,0.3130982778979941,72836.77583575249,1.0,1.0,0.0,0.0,0.0,0.0,2.0,1.0,0.0,0.0,0.0
2,6.0,"gate_out=self.get_max_select_exit(model,(self.subtract(neighbourhood_count_exits,neighbourhood_count_exits)))",0.573041624135186,0.573041624135186,72836.77583575249,1.0,0.0,0.0,0.0,1.0,0.0,2.0,0.0,0.0,0.0,1.0
2,6.0,"gate_out=self.randomly_select_exit(model,(self.combine(neighbourhood_count_exits,compare_distance)))",0.18402643758529685,0.2614119447630397,72836.77583575249,1.0,1.0,1.0,0.0,0.0,0.0,1.0,1.0,0.0,0.0,0.0
2,6.0,"gate_out=self.randomly_select_exit(model,(self.combine(neighbourhood_count_exits,compare_distance)))",0.18402643758529685,0.3242031413928109,72836.77583575249,1.0,1.0,1.0,0.0,0.0,0.0,1.0,1.0,0.0,0.0,0.0
2,6.0,"gate_out=self.randomly_select_exit(model,(compare_distance))",0.2269006185925318,0.2632857519563747,72836.77583575249,1.0,0.0,1.0,0.0,0.0,0.0,0.0,1.0,0.0,0.0,0.0
2,6.0,"gate_out=self.randomly_select_exit(model,(self.combine(neighbourhood_count_exits,compare_distance)))",0.18402643758529685,0.22861593183964365,72836.77583575249,1.0,1.0,1.0,0.0,0.0,0.0,1.0,1.0,0.0,0.0,0.0
2,6.0,"gate_out=self.randomly_select_exit(model,(self.combine(compare_distance,neighbourhood_count_exits)))",0.20300899329471248,0.23406553084837456,72836.77583575249,1.0,1.0,1.0,0.0,0.0,0.0,1.0,1.0,0.0,0.0,0.0
2,6.0,"gate_out=self.randomly_select_exit(model,(self.combine(neighbourhood_count_exits,self.combine(neighbourhood_count_exits,compare_distance))))",0.18670994296312712,0.2611679167677095,72836.77583575249,1.0,2.0,1.0,0.0,0.0,0.0,2.0,1.0,0.0,0.0,0.0
2,6.0,"gate_out=self.randomly_select_exit(model,(self.combine(neighbourhood_count_exits,compare_distance)))",0.18402643758529685,0.2645011174407758,72836.77583575249,1.0,1.0,1.0,0.0,0.0,0.0,1.0,1.0,0.0,0.0,0.0
2,6.0,"gate_out=self.randomly_select_exit(model,(self.combine(self.combine(similarity_by_age,compare_width),self.combine(similarity_by_gender,compare_width))))",0.5509026794182601,0.5509026794182601,72836.77583575249,1.0,3.0,0.0,2.0,0.0,0.0,0.0,1.0,1.0,1.0,0.0
2,6.0,"gate_out=self.randomly_select_exit(model,(self.combine(compare_distance,compare_distance)))",0.23606362572221165,0.3066601635438472,72836.77583575249,1.0,1.0,2.0,0.0,0.0,0.0,0.0,1.0,0.0,0.0,0.0
2,6.0,"gate_out=self.randomly_select_exit(model,(self.combine(neighbourhood_count_exits,compare_distance)))",0.18402643758529685,0.2505134092443854,72836.77583575249,1.0,1.0,1.0,0.0,0.0,0.0,1.0,1.0,0.0,0.0,0.0
2,7.0,"gate_out=self.randomly_select_exit(model,(neighbourhood_count_exits))",0.20686718869768506,0.3517287281729352,75708.52859425545,1.0,0.0,0.0,0.0,0.0,0.0,1.0,1.0,0.0,0.0,0.0
2,7.0,"gate_out=self.randomly_select_exit(model,(self.combine(neighbourhood_count_exits,compare_distance)))",0.18402643758529685,0.2770768840147683,75708.52859425545,1.0,1.0,1.0,0.0,0.0,0.0,1.0,1.0,0.0,0.0,0.0
2,7.0,"gate_out=self.randomly_select_exit(model,(self.combine(self.combine(self.combine(similarity_by_age,similarity_by_age),self.combine(similarity_by_gender,similarity_by_gender)),compare_distance)))",0.5494737820410549,0.5494737820410549,75708.52859425545,1.0,4.0,1.0,0.0,0.0,0.0,0.0,1.0,2.0,2.0,0.0
2,7.0,"gate_out=self.randomly_select_exit(model,(self.combine(neighbourhood_count_exits,compare_distance)))",0.18402643758529685,0.3695386259137244,75708.52859425545,1.0,1.0,1.0,0.0,0.0,0.0,1.0,1.0,0.0,0.0,0.0
2,7.0,"gate_out=self.randomly_select_exit(model,(self.combine(neighbourhood_count_exits,compare_distance)))",0.18402643758529685,0.3702665721591091,75708.52859425545,1.0,1.0,1.0,0.0,0.0,0.0,1.0,1.0,0.0,0.0,0.0
2,7.0,"gate_out=self.randomly_select_exit(model,(self.combine(self.combine(self.subtract(self.subtract(similarity_by_age,compare_width),self.combine(similarity_by_age,neighbourhood_count_exits)),self.combine(self.combine(neighbourhood_count_exits,similarity_by_age),self.subtract(compare_width,similarity_by_gender))),compare_distance)))",0.2287051989908395,0.2287051989908395,75708.52859425545,1.0,5.0,1.0,2.0,0.0,0.0,2.0,1.0,3.0,1.0,3.0
2,7.0,"gate_out=self.randomly_select_exit(model,(self.subtract(self.combine(similarity_by_age,similarity_by_gender),self.subtract(compare_width,similarity_by_age))))",0.5523775355482766,0.5523775355482766,75708.52859425545,1.0,1.0,0.0,1.0,0.0,0.0,0.0,1.0,2.0,1.0,2.0
2,7.0,"gate_out=self.randomly_select_exit(model,(self.combine(neighbourhood_count_exits,compare_distance)))",0.18402643758529685,0.3076439755832505,75708.52859425545,1.0,1.0,1.0,0.0,0.0,0.0,1.0,1.0,0.0,0.0,0.0
2,7.0,"gate_out=self.randomly_select_exit(model,(self.combine(neighbourhood_count_exits,compare_distance)))",0.18402643758529685,0.27871295646477545,75708.52859425545,1.0,1.0,1.0,0.0,0.0,0.0,1.0,1.0,0.0,0.0,0.0
2,7.0,"gate_out=self.randomly_select_exit(model,(self.combine(neighbourhood_count_exits,compare_distance)))",0.18402643758529685,0.2622917201887427,75708.52859425545,1.0,1.0,1.0,0.0,0.0,0.0,1.0,1.0,0.0,0.0,0.0
2,7.0,"gate_out=self.randomly_select_exit(model,(self.combine(neighbourhood_count_exits,compare_distance)))",0.18402643758529685,0.265401438083123,75708.52859425545,1.0,1.0,1.0,0.0,0.0,0.0,1.0,1.0,0.0,0.0,0.0
2,7.0,"gate_out=self.randomly_select_exit(model,(self.combine(neighbourhood_count_exits,compare_distance)))",0.18402643758529685,0.2557638880281409,75708.52859425545,1.0,1.0,1.0,0.0,0.0,0.0,1.0,1.0,0.0,0.0,0.0
2,7.0,"gate_out=self.randomly_select_exit(model,(self.combine(neighbourhood_count_exits,compare_distance)))",0.18402643758529685,0.3056112550383672,75708.52859425545,1.0,1.0,1.0,0.0,0.0,0.0,1.0,1.0,0.0,0.0,0.0
2,7.0,"gate_out=self.randomly_select_exit(model,(self.combine(neighbourhood_count_exits,compare_distance)))",0.18402643758529685,0.2934306927456335,75708.52859425545,1.0,1.0,1.0,0.0,0.0,0.0,1.0,1.0,0.0,0.0,0.0
2,7.0,"gate_out=self.randomly_select_exit(model,(self.subtract(self.combine(similarity_by_gender,self.subtract(compare_width,compare_distance)),self.subtract(self.subtract(compare_distance,compare_distance),compare_width))))",0.5519331908883063,0.5519331908883063,75708.52859425545,1.0,1.0,3.0,2.0,0.0,0.0,0.0,1.0,0.0,1.0,4.0
2,7.0,"gate_out=self.randomly_select_exit(model,(self.combine(neighbourhood_count_exits,compare_distance)))",0.18402643758529685,0.3846853556162802,75708.52859425545,1.0,1.0,1.0,0.0,0.0,0.0,1.0,1.0,0.0,0.0,0.0
2,7.0,"gate_out=self.randomly_select_exit(model,(self.combine(neighbourhood_count_exits,compare_distance)))",0.18402643758529685,0.2457484378863901,75708.52859425545,1.0,1.0,1.0,0.0,0.0,0.0,1.0,1.0,0.0,0.0,0.0
2,7.0,"gate_out=self.randomly_select_exit(model,(self.combine(self.subtract(self.subtract(neighbourhood_count_exits,compare_width),self.subtract(similarity_by_age,neighbourhood_count_exits)),neighbourhood_count_exits)))",0.5493686775656035,0.5493686775656035,75708.52859425545,1.0,1.0,0.0,1.0,0.0,0.0,3.0,1.0,1.0,0.0,3.0
2,7.0,"gate_out=self.randomly_select_exit(model,(self.combine(neighbourhood_count_exits,compare_distance)))",0.18402643758529685,0.2630590436215127,75708.52859425545,1.0,1.0,1.0,0.0,0.0,0.0,1.0,1.0,0.0,0.0,0.0
2,7.0,"gate_out=self.randomly_select_exit(model,(self.combine(neighbourhood_count_exits,compare_distance)))",0.18402643758529685,0.3255979696326477,75708.52859425545,1.0,1.0,1.0,0.0,0.0,0.0,1.0,1.0,0.0,0.0,0.0
2,7.0,"gate_out=self.randomly_select_exit(model,(self.combine(neighbourhood_count_exits,compare_distance)))",0.18402643758529685,0.4294827043564383,75708.52859425545,1.0,1.0,1.0,0.0,0.0,0.0,1.0,1.0,0.0,0.0,0.0
2,7.0,"gate_out=self.randomly_select_exit(model,(self.combine(neighbourhood_count_exits,compare_distance)))",0.18402643758529685,0.25461866105465025,75708.52859425545,1.0,1.0,1.0,0.0,0.0,0.0,1.0,1.0,0.0,0.0,0.0
2,7.0,"gate_out=self.randomly_select_exit(model,(self.combine(neighbourhood_count_exits,neighbourhood_count_exits)))",0.19064362103578392,0.2327312248026641,75708.52859425545,1.0,1.0,0.0,0.0,0.0,0.0,2.0,1.0,0.0,0.0,0.0
2,7.0,"gate_out=self.get_min_select_exit(model,(self.combine(similarity_by_gender,self.combine(compare_width,compare_width))))",0.5773098966914608,0.5773098966914608,75708.52859425545,1.0,2.0,0.0,2.0,0.0,1.0,0.0,0.0,0.0,1.0,0.0
2,7.0,"gate_out=self.randomly_select_exit(model,(self.combine(neighbourhood_count_exits,compare_distance)))",0.18402643758529685,0.24940002993540306,75708.52859425545,1.0,1.0,1.0,0.0,0.0,0.0,1.0,1.0,0.0,0.0,0.0
2,7.0,"gate_out=self.randomly_select_exit(model,(self.combine(neighbourhood_count_exits,compare_distance)))",0.18402643758529685,0.3065699298272915,75708.52859425545,1.0,1.0,1.0,0.0,0.0,0.0,1.0,1.0,0.0,0.0,0.0
2,7.0,"gate_out=self.randomly_select_exit(model,(self.subtract(compare_width,similarity_by_gender)))",0.5492746777625811,0.5492746777625811,75708.52859425545,1.0,0.0,0.0,1.0,0.0,0.0,0.0,1.0,0.0,1.0,1.0
2,7.0,"gate_out=self.randomly_select_exit(model,(self.combine(neighbourhood_count_exits,compare_distance)))",0.18402643758529685,0.3205777277292848,75708.52859425545,1.0,1.0,1.0,0.0,0.0,0.0,1.0,1.0,0.0,0.0,0.0
2,7.0,"gate_out=self.randomly_select_exit(model,(self.combine(neighbourhood_count_exits,compare_distance)))",0.18402643758529685,0.4120932477583521,75708.52859425545,1.0,1.0,1.0,0.0,0.0,0.0,1.0,1.0,0.0,0.0,0.0
2,7.0,"gate_out=self.randomly_select_exit(model,(self.combine(neighbourhood_count_exits,compare_distance)))",0.18402643758529685,0.3233363155051901,75708.52859425545,1.0,1.0,1.0,0.0,0.0,0.0,1.0,1.0,0.0,0.0,0.0
2,7.0,"gate_out=self.randomly_select_exit(model,(self.combine(neighbourhood_count_exits,compare_distance)))",0.18402643758529685,0.2707134058827033,75708.52859425545,1.0,1.0,1.0,0.0,0.0,0.0,1.0,1.0,0.0,0.0,0.0
2,7.0,"gate_out=self.randomly_select_exit(model,(self.combine(neighbourhood_count_exits,compare_distance)))",0.18402643758529685,0.3965630526941268,75708.52859425545,1.0,1.0,1.0,0.0,0.0,0.0,1.0,1.0,0.0,0.0,0.0
2,7.0,"gate_out=self.randomly_select_exit(model,(self.combine(neighbourhood_count_exits,compare_distance)))",0.18402643758529685,0.2245831616961041,75708.52859425545,1.0,1.0,1.0,0.0,0.0,0.0,1.0,1.0,0.0,0.0,0.0
2,7.0,"gate_out=self.randomly_select_exit(model,(self.combine(neighbourhood_count_exits,neighbourhood_count_exits)))",0.19064362103578392,0.3085329275940891,75708.52859425545,1.0,1.0,0.0,0.0,0.0,0.0,2.0,1.0,0.0,0.0,0.0
2,7.0,"gate_out=self.randomly_select_exit(model,(self.combine(neighbourhood_count_exits,compare_distance)))",0.18402643758529685,0.27966370724600986,75708.52859425545,1.0,1.0,1.0,0.0,0.0,0.0,1.0,1.0,0.0,0.0,0.0
2,8.0,"gate_out=self.randomly_select_exit(model,(self.combine(neighbourhood_count_exits,compare_distance)))",0.18402643758529685,0.2451592398145725,78479.88300085068,1.0,1.0,1.0,0.0,0.0,0.0,1.0,1.0,0.0,0.0,0.0
2,8.0,"gate_out=self.get_min_select_exit(model,(self.combine(similarity_by_gender,similarity_by_gender)))",0.5758550210655455,0.5758550210655455,78479.88300085068,1.0,1.0,0.0,0.0,0.0,1.0,0.0,0.0,0.0,2.0,0.0
2,8.0,"gate_out=self.randomly_select_exit(model,(self.combine(neighbourhood_count_exits,compare_distance)))",0.18402643758529685,0.2710141222753448,78479.88300085068,1.0,1.0,1.0,0.0,0.0,0.0,1.0,1.0,0.0,0.0,0.0
2,8.0,"gate_out=self.randomly_select_exit(model,(self.combine(neighbourhood_count_exits,compare_distance)))",0.18402643758529685,0.25452057593088506,78479.88300085068,1.0,1.0,1.0,0.0,0.0,0.0,1.0,1.0,0.0,0.0,0.0
2,8.0,"gate_out=self.randomly_select_exit(model,(self.combine(neighbourhood_count_exits,compare_distance)))",0.18402643758529685,0.22092168609489976,78479.88300085068,1.0,1.0,1.0,0.0,0.0,0.0,1.0,1.0,0.0,0.0,0.0
2,8.0,"gate_out=self.randomly_select_exit(model,(self.combine(neighbourhood_count_exits,compare_distance)))",0.18402643758529685,0.3371900007421895,78479.88300085068,1.0,1.0,1.0,0.0,0.0,0.0,1.0,1.0,0.0,0.0,0.0
2,8.0,"gate_out=self.randomly_select_exit(model,(self.combine(neighbourhood_count_exits,compare_distance)))",0.18402643758529685,0.3755769241416489,78479.88300085068,1.0,1.0,1.0,0.0,0.0,0.0,1.0,1.0,0.0,0.0,0.0
2,8.0,"gate_out=self.randomly_select_exit(model,(self.combine(neighbourhood_count_exits,self.subtract(self.combine(self.subtract(compare_distance,compare_distance),self.combine(neighbourhood_count_exits,similarity_by_gender)),self.subtract(self.combine(similarity_by_age,similarity_by_age),compare_width)))))",0.5489654798920672,0.5489654798920672,78479.88300085068,1.0,4.0,2.0,1.0,0.0,0.0,2.0,1.0,2.0,1.0,3.0
2,8.0,"gate_out=self.get_min_select_exit(model,(self.subtract(self.combine(similarity_by_gender,neighbourhood_count_exits),self.subtract(similarity_by_age,compare_width))))",0.5737131155391544,0.5737131155391544,78479.88300085068,1.0,1.0,0.0,1.0,0.0,1.0,1.0,0.0,1.0,1.0,2.0
2,8.0,"gate_out=self.randomly_select_exit(model,(self.combine(neighbourhood_count_exits,compare_distance)))",0.18402643758529685,0.22512917972312832,78479.88300085068,1.0,1.0,1.0,0.0,0.0,0.0,1.0,1.0,0.0,0.0,0.0
2,8.0,"gate_out=self.randomly_select_exit(model,(self.combine(neighbourhood_count_exits,compare_distance)))",0.18402643758529685,0.3235983257068151,78479.88300085068,1.0,1.0,1.0,0.0,0.0,0.0,1.0,1.0,0.0,0.0,0.0
2,8.0,"gate_out=self.randomly_select_exit(model,(self.combine(neighbourhood_count_exits,compare_distance)))",0.18402643758529685,0.2338295601079325,78479.88300085068,1.0,1.0,1.0,0.0,0.0,0.0,1.0,1.0,0.0,0.0,0.0
2,8.0,"gate_out=self.randomly_select_exit(model,(self.combine(neighbourhood_count_exits,compare_distance)))",0.18402643758529685,0.3075163230806495,78479.88300085068,1.0,1.0,1.0,0.0,0.0,0.0,1.0,1.0,0.0,0.0,0.0
2,8.0,"gate_out=self.get_min_select_exit(model,(self.combine(similarity_by_age,similarity_by_age)))",0.5774144933312271,0.5779357553441504,78479.88300085068,1.0,1.0,0.0,0.0,0.0,1.0,0.0,0.0,2.0,0.0,0.0
2,8.0,"gate_out=self.randomly_select_exit(model,(self.combine(neighbourhood_count_exits,self.subtract(self.combine(neighbourhood_count_exits,compare_width),self.combine(compare_width,compare_width)))))",0.5285775787458925,0.5285775787458925,78479.88300085068,1.0,3.0,0.0,3.0,0.0,0.0,2.0,1.0,0.0,0.0,1.0
2,8.0,"gate_out=self.randomly_select_exit(model,(self.combine(neighbourhood_count_exits,compare_distance)))",0.18402643758529685,0.4530363658616401,78479.88300085068,1.0,1.0,1.0,0.0,0.0,0.0,1.0,1.0,0.0,0.0,0.0
2,8.0,"gate_out=self.randomly_select_exit(model,(self.combine(neighbourhood_count_exits,compare_distance)))",0.18402643758529685,0.23951419593921225,78479.88300085068,1.0,1.0,1.0,0.0,0.0,0.0,1.0,1.0,0.0,0.0,0.0
2,8.0,"gate_out=self.randomly_select_exit(model,(self.combine(neighbourhood_count_exits,compare_distance)))",0.18402643758529685,0.2519698855813133,78479.88300085068,1.0,1.0,1.0,0.0,0.0,0.0,1.0,1.0,0.0,0.0,0.0
2,8.0,"gate_out=self.randomly_select_exit(model,(self.combine(neighbourhood_count_exits,compare_distance)))",0.18402643758529685,0.3007792851643344,78479.88300085068,1.0,1.0,1.0,0.0,0.0,0.0,1.0,1.0,0.0,0.0,0.0
2,8.0,"gate_out=self.randomly_select_exit(model,(self.combine(neighbourhood_count_exits,compare_distance)))",0.18402643758529685,0.3395038114407489,78479.88300085068,1.0,1.0,1.0,0.0,0.0,0.0,1.0,1.0,0.0,0.0,0.0
2,8.0,"gate_out=self.randomly_select_exit(model,(self.combine(neighbourhood_count_exits,compare_distance)))",0.18402643758529685,0.26874015994306844,78479.88300085068,1.0,1.0,1.0,0.0,0.0,0.0,1.0,1.0,0.0,0.0,0.0
2,8.0,"gate_out=self.randomly_select_exit(model,(self.combine(neighbourhood_count_exits,compare_distance)))",0.18402643758529685,0.3653598114460197,78479.88300085068,1.0,1.0,1.0,0.0,0.0,0.0,1.0,1.0,0.0,0.0,0.0
2,8.0,"gate_out=self.randomly_select_exit(model,(self.combine(neighbourhood_count_exits,compare_distance)))",0.18402643758529685,0.2859047340066457,78479.88300085068,1.0,1.0,1.0,0.0,0.0,0.0,1.0,1.0,0.0,0.0,0.0
2,8.0,"gate_out=self.randomly_select_exit(model,(self.combine(self.subtract(compare_width,similarity_by_gender),self.combine(compare_width,neighbourhood_count_exits))))",0.5511065424112547,0.5511065424112547,78479.88300085068,1.0,2.0,0.0,2.0,0.0,0.0,1.0,1.0,0.0,1.0,1.0
2,8.0,"gate_out=self.randomly_select_exit(model,(self.combine(neighbourhood_count_exits,compare_distance)))",0.18402643758529685,0.2724041114917891,78479.88300085068,1.0,1.0,1.0,0.0,0.0,0.0,1.0,1.0,0.0,0.0,0.0
2,8.0,"gate_out=self.randomly_select_exit(model,(self.combine(neighbourhood_count_exits,compare_distance)))",0.18402643758529685,0.29478382655876545,78479.88300085068,1.0,1.0,1.0,0.0,0.0,0.0,1.0,1.0,0.0,0.0,0.0
2,8.0,"gate_out=self.randomly_select_exit(model,(self.combine(neighbourhood_count_exits,compare_distance)))",0.18402643758529685,0.3192989008186445,78479.88300085068,1.0,1.0,1.0,0.0,0.0,0.0,1.0,1.0,0.0,0.0,0.0
2,8.0,"gate_out=self.randomly_select_exit(model,(self.combine(neighbourhood_count_exits,compare_distance)))",0.18402643758529685,0.2952834972918365,78479.88300085068,1.0,1.0,1.0,0.0,0.0,0.0,1.0,1.0,0.0,0.0,0.0
2,8.0,"gate_out=self.randomly_select_exit(model,(self.combine(neighbourhood_count_exits,compare_distance)))",0.18402643758529685,0.3153342232156806,78479.88300085068,1.0,1.0,1.0,0.0,0.0,0.0,1.0,1.0,0.0,0.0,0.0
2,8.0,"gate_out=self.randomly_select_exit(model,(self.combine(neighbourhood_count_exits,compare_distance)))",0.18402643758529685,0.35548902656387643,78479.88300085068,1.0,1.0,1.0,0.0,0.0,0.0,1.0,1.0,0.0,0.0,0.0
2,8.0,"gate_out=self.randomly_select_exit(model,(self.combine(neighbourhood_count_exits,compare_distance)))",0.18402643758529685,0.2296453914944993,78479.88300085068,1.0,1.0,1.0,0.0,0.0,0.0,1.0,1.0,0.0,0.0,0.0
2,8.0,"gate_out=self.randomly_select_exit(model,(self.combine(neighbourhood_count_exits,compare_distance)))",0.18402643758529685,0.24554044348323445,78479.88300085068,1.0,1.0,1.0,0.0,0.0,0.0,1.0,1.0,0.0,0.0,0.0
2,8.0,"gate_out=self.randomly_select_exit(model,(self.combine(neighbourhood_count_exits,compare_distance)))",0.18402643758529685,0.3709716112059167,78479.88300085068,1.0,1.0,1.0,0.0,0.0,0.0,1.0,1.0,0.0,0.0,0.0
2,8.0,"gate_out=self.randomly_select_exit(model,(self.combine(neighbourhood_count_exits,compare_distance)))",0.18402643758529685,0.2800213730218982,78479.88300085068,1.0,1.0,1.0,0.0,0.0,0.0,1.0,1.0,0.0,0.0,0.0
2,8.0,"gate_out=self.randomly_select_exit(model,(self.combine(neighbourhood_count_exits,compare_distance)))",0.18402643758529685,0.3175664525775333,78479.88300085068,1.0,1.0,1.0,0.0,0.0,0.0,1.0,1.0,0.0,0.0,0.0
2,9.0,"gate_out=self.randomly_select_exit(model,(self.combine(neighbourhood_count_exits,compare_distance)))",0.18402643758529685,0.34017750822867343,81281.74444532393,1.0,1.0,1.0,0.0,0.0,0.0,1.0,1.0,0.0,0.0,0.0
2,9.0,"gate_out=self.randomly_select_exit(model,(self.combine(neighbourhood_count_exits,compare_distance)))",0.18402643758529685,0.376945888990218,81281.74444532393,1.0,1.0,1.0,0.0,0.0,0.0,1.0,1.0,0.0,0.0,0.0
2,9.0,"gate_out=self.randomly_select_exit(model,(self.combine(neighbourhood_count_exits,compare_distance)))",0.18402643758529685,0.30875870857428644,81281.74444532393,1.0,1.0,1.0,0.0,0.0,0.0,1.0,1.0,0.0,0.0,0.0
2,9.0,"gate_out=self.randomly_select_exit(model,(self.combine(neighbourhood_count_exits,compare_distance)))",0.18402643758529685,0.3067104668690754,81281.74444532393,1.0,1.0,1.0,0.0,0.0,0.0,1.0,1.0,0.0,0.0,0.0
2,9.0,"gate_out=self.randomly_select_exit(model,(self.combine(self.subtract(self.combine(similarity_by_gender,neighbourhood_count_exits),self.subtract(similarity_by_age,similarity_by_gender)),compare_distance)))",0.4257783454836625,0.4257783454836625,81281.74444532393,1.0,2.0,1.0,0.0,0.0,0.0,1.0,1.0,1.0,2.0,2.0
2,9.0,"gate_out=self.get_max_select_exit(model,(self.subtract(self.subtract(compare_distance,neighbourhood_count_exits),similarity_by_gender)))",0.576697404459631,0.576697404459631,81281.74444532393,1.0,0.0,1.0,0.0,1.0,0.0,1.0,0.0,0.0,1.0,2.0
2,9.0,"gate_out=self.randomly_select_exit(model,(self.combine(neighbourhood_count_exits,compare_distance)))",0.18402643758529685,0.1994384898391096,81281.74444532393,1.0,1.0,1.0,0.0,0.0,0.0,1.0,1.0,0.0,0.0,0.0
2,9.0,"gate_out=self.get_min_select_exit(model,(self.subtract(compare_distance,compare_width)))",0.5756473038694021,0.5757532093362959,81281.74444532393,1.0,0.0,1.0,1.0,0.0,1.0,0.0,0.0,0.0,0.0,1.0
2,9.0,"gate_out=self.randomly_select_exit(model,(self.combine(neighbourhood_count_exits,compare_distance)))",0.18402643758529685,0.3087134452834418,81281.74444532393,1.0,1.0,1.0,0.0,0.0,0.0,1.0,1.0,0.0,0.0,0.0
2,9.0,"gate_out=self.randomly_select_exit(model,(self.combine(neighbourhood_count_exits,compare_distance)))",0.18402643758529685,0.26681773510561424,81281.74444532393,1.0,1.0,1.0,0.0,0.0,0.0,1.0,1.0,0.0,0.0,0.0
2,9.0,"gate_out=self.randomly_select_exit(model,(self.combine(neighbourhood_count_exits,compare_distance)))",0.18402643758529685,0.2211121045253712,81281.74444532393,1.0,1.0,1.0,0.0,0.0,0.0,1.0,1.0,0.0,0.0,0.0
2,9.0,"gate_out=self.randomly_select_exit(model,(self.combine(neighbourhood_count_exits,compare_distance)))",0.18402643758529685,0.3572305091010058,81281.74444532393,1.0,1.0,1.0,0.0,0.0,0.0,1.0,1.0,0.0,0.0,0.0
2,9.0,"gate_out=self.randomly_select_exit(model,(self.combine(neighbourhood_count_exits,compare_distance)))",0.18402643758529685,0.2968144469534675,81281.74444532393,1.0,1.0,1.0,0.0,0.0,0.0,1.0,1.0,0.0,0.0,0.0
2,9.0,"gate_out=self.randomly_select_exit(model,(self.combine(neighbourhood_count_exits,compare_distance)))",0.18402643758529685,0.3690013231933997,81281.74444532393,1.0,1.0,1.0,0.0,0.0,0.0,1.0,1.0,0.0,0.0,0.0
2,9.0,"gate_out=self.randomly_select_exit(model,(self.combine(neighbourhood_count_exits,compare_distance)))",0.18402643758529685,0.2824792462216189,81281.74444532393,1.0,1.0,1.0,0.0,0.0,0.0,1.0,1.0,0.0,0.0,0.0
2,9.0,"gate_out=self.randomly_select_exit(model,(self.combine(neighbourhood_count_exits,compare_distance)))",0.18402643758529685,0.2421502167042401,81281.74444532393,1.0,1.0,1.0,0.0,0.0,0.0,1.0,1.0,0.0,0.0,0.0
2,9.0,"gate_out=self.randomly_select_exit(model,(self.combine(self.subtract(neighbourhood_count_exits,compare_distance),self.combine(neighbourhood_count_exits,compare_width))))",0.4808063830685228,0.4808063830685228,81281.74444532393,1.0,2.0,1.0,1.0,0.0,0.0,2.0,1.0,0.0,0.0,1.0
2,9.0,"gate_out=self.randomly_select_exit(model,(self.combine(neighbourhood_count_exits,compare_distance)))",0.18402643758529685,0.29085586560369625,81281.74444532393,1.0,1.0,1.0,0.0,0.0,0.0,1.0,1.0,0.0,0.0,0.0
2,9.0,"gate_out=self.randomly_select_exit(model,(compare_distance))",0.2269006185925318,0.4567460118392705,81281.74444532393,1.0,0.0,1.0,0.0,0.0,0.0,0.0,1.0,0.0,0.0,0.0
2,9.0,"gate_out=self.randomly_select_exit(model,(self.combine(neighbourhood_count_exits,self.combine(neighbourhood_count_exits,compare_distance))))",0.18670994296312712,0.2972603993338323,81281.74444532393,1.0,2.0,1.0,0.0,0.0,0.0,2.0,1.0,0.0,0.0,0.0
2,9.0,"gate_out=self.randomly_select_exit(model,(self.combine(neighbourhood_count_exits,compare_distance)))",0.18402643758529685,0.2907936234239003,81281.74444532393,1.0,1.0,1.0,0.0,0.0,0.0,1.0,1.0,0.0,0.0,0.0
2,9.0,"gate_out=self.randomly_select_exit(model,(self.combine(neighbourhood_count_exits,compare_distance)))",0.18402643758529685,0.3485039278249665,81281.74444532393,1.0,1.0,1.0,0.0,0.0,0.0,1.0,1.0,0.0,0.0,0.0
2,9.0,"gate_out=self.randomly_select_exit(model,(self.combine(neighbourhood_count_exits,compare_distance)))",0.18402643758529685,0.3334642958683983,81281.74444532393,1.0,1.0,1.0,0.0,0.0,0.0,1.0,1.0,0.0,0.0,0.0
2,9.0,"gate_out=self.randomly_select_exit(model,(self.combine(neighbourhood_count_exits,compare_distance)))",0.18402643758529685,0.29096155968907306,81281.74444532393,1.0,1.0,1.0,0.0,0.0,0.0,1.0,1.0,0.0,0.0,0.0
2,9.0,"gate_out=self.randomly_select_exit(model,(self.combine(neighbourhood_count_exits,compare_distance)))",0.18402643758529685,0.30419183455113796,81281.74444532393,1.0,1.0,1.0,0.0,0.0,0.0,1.0,1.0,0.0,0.0,0.0
2,9.0,"gate_out=self.randomly_select_exit(model,(self.combine(neighbourhood_count_exits,compare_distance)))",0.18402643758529685,0.3849253731817278,81281.74444532393,1.0,1.0,1.0,0.0,0.0,0.0,1.0,1.0,0.0,0.0,0.0
2,9.0,"gate_out=self.randomly_select_exit(model,(self.combine(neighbourhood_count_exits,compare_distance)))",0.18402643758529685,0.364591839401805,81281.74444532393,1.0,1.0,1.0,0.0,0.0,0.0,1.0,1.0,0.0,0.0,0.0
2,9.0,"gate_out=self.randomly_select_exit(model,(self.combine(neighbourhood_count_exits,compare_distance)))",0.18402643758529685,0.2279122946275156,81281.74444532393,1.0,1.0,1.0,0.0,0.0,0.0,1.0,1.0,0.0,0.0,0.0
2,9.0,"gate_out=self.randomly_select_exit(model,(self.combine(neighbourhood_count_exits,compare_distance)))",0.18402643758529685,0.29017177405600303,81281.74444532393,1.0,1.0,1.0,0.0,0.0,0.0,1.0,1.0,0.0,0.0,0.0
2,9.0,"gate_out=self.randomly_select_exit(model,(self.combine(neighbourhood_count_exits,compare_distance)))",0.18402643758529685,0.39369710585101336,81281.74444532393,1.0,1.0,1.0,0.0,0.0,0.0,1.0,1.0,0.0,0.0,0.0
2,9.0,"gate_out=self.randomly_select_exit(model,(self.combine(neighbourhood_count_exits,compare_distance)))",0.18402643758529685,0.2160223999479116,81281.74444532393,1.0,1.0,1.0,0.0,0.0,0.0,1.0,1.0,0.0,0.0,0.0
2,9.0,"gate_out=self.randomly_select_exit(model,(self.combine(neighbourhood_count_exits,compare_distance)))",0.18402643758529685,0.29366149819949977,81281.74444532393,1.0,1.0,1.0,0.0,0.0,0.0,1.0,1.0,0.0,0.0,0.0
2,9.0,"gate_out=self.randomly_select_exit(model,(self.combine(neighbourhood_count_exits,compare_distance)))",0.18402643758529685,0.29576297227176673,81281.74444532393,1.0,1.0,1.0,0.0,0.0,0.0,1.0,1.0,0.0,0.0,0.0
2,9.0,"gate_out=self.randomly_select_exit(model,(self.combine(neighbourhood_count_exits,compare_distance)))",0.18402643758529685,0.38950565932584136,81281.74444532393,1.0,1.0,1.0,0.0,0.0,0.0,1.0,1.0,0.0,0.0,0.0
2,9.0,"gate_out=self.randomly_select_exit(model,(self.combine(self.combine(self.subtract(self.subtract(compare_width,neighbourhood_count_exits),compare_distance),self.combine(self.subtract(similarity_by_age,compare_width),similarity_by_gender)),compare_distance)))",0.5509452846694695,0.5509452846694695,81281.74444532393,1.0,3.0,2.0,2.0,0.0,0.0,1.0,1.0,1.0,1.0,3.0
2,10.0,"gate_out=self.randomly_select_exit(model,(neighbourhood_count_exits))",0.20686718869768506,0.3102453706787557,83895.41481113434,1.0,0.0,0.0,0.0,0.0,0.0,1.0,1.0,0.0,0.0,0.0
2,10.0,"gate_out=self.randomly_select_exit(model,(self.combine(neighbourhood_count_exits,compare_distance)))",0.18402643758529685,0.26712539415365266,83895.41481113434,1.0,1.0,1.0,0.0,0.0,0.0,1.0,1.0,0.0,0.0,0.0
2,10.0,"gate_out=self.randomly_select_exit(model,(self.combine(neighbourhood_count_exits,compare_distance)))",0.18402643758529685,0.2533046461881208,83895.41481113434,1.0,1.0,1.0,0.0,0.0,0.0,1.0,1.0,0.0,0.0,0.0
2,10.0,"gate_out=self.randomly_select_exit(model,(self.combine(neighbourhood_count_exits,compare_distance)))",0.18402643758529685,0.2894641875696313,83895.41481113434,1.0,1.0,1.0,0.0,0.0,0.0,1.0,1.0,0.0,0.0,0.0
2,10.0,"gate_out=self.randomly_select_exit(model,(self.combine(neighbourhood_count_exits,compare_distance)))",0.18402643758529685,0.25967868242657577,83895.41481113434,1.0,1.0,1.0,0.0,0.0,0.0,1.0,1.0,0.0,0.0,0.0
2,10.0,"gate_out=self.randomly_select_exit(model,(self.combine(neighbourhood_count_exits,compare_distance)))",0.18402643758529685,0.3094741331181388,83895.41481113434,1.0,1.0,1.0,0.0,0.0,0.0,1.0,1.0,0.0,0.0,0.0
2,10.0,"gate_out=self.randomly_select_exit(model,(self.combine(neighbourhood_count_exits,compare_distance)))",0.18402643758529685,0.3111018198647262,83895.41481113434,1.0,1.0,1.0,0.0,0.0,0.0,1.0,1.0,0.0,0.0,0.0
2,10.0,"gate_out=self.randomly_select_exit(model,(self.combine(neighbourhood_count_exits,compare_distance)))",0.18402643758529685,0.38543533193804136,83895.41481113434,1.0,1.0,1.0,0.0,0.0,0.0,1.0,1.0,0.0,0.0,0.0
2,10.0,"gate_out=self.randomly_select_exit(model,(self.combine(neighbourhood_count_exits,compare_distance)))",0.18402643758529685,0.4264013297823187,83895.41481113434,1.0,1.0,1.0,0.0,0.0,0.0,1.0,1.0,0.0,0.0,0.0
2,10.0,"gate_out=self.randomly_select_exit(model,(self.combine(neighbourhood_count_exits,compare_distance)))",0.18402643758529685,0.2621859395038121,83895.41481113434,1.0,1.0,1.0,0.0,0.0,0.0,1.0,1.0,0.0,0.0,0.0
2,10.0,"gate_out=self.randomly_select_exit(model,(self.combine(neighbourhood_count_exits,compare_distance)))",0.18402643758529685,0.2953851609799311,83895.41481113434,1.0,1.0,1.0,0.0,0.0,0.0,1.0,1.0,0.0,0.0,0.0
2,10.0,"gate_out=self.randomly_select_exit(model,(self.combine(self.combine(self.combine(similarity_by_age,similarity_by_age),self.combine(neighbourhood_count_exits,neighbourhood_count_exits)),compare_distance)))",0.3471240572050599,0.3471240572050599,83895.41481113434,1.0,4.0,1.0,0.0,0.0,0.0,2.0,1.0,2.0,0.0,0.0
2,10.0,"gate_out=self.randomly_select_exit(model,(self.combine(neighbourhood_count_exits,compare_distance)))",0.18402643758529685,0.3257853275657148,83895.41481113434,1.0,1.0,1.0,0.0,0.0,0.0,1.0,1.0,0.0,0.0,0.0
2,10.0,"gate_out=self.randomly_select_exit(model,(self.combine(neighbourhood_count_exits,compare_distance)))",0.18402643758529685,0.23887303937955495,83895.41481113434,1.0,1.0,1.0,0.0,0.0,0.0,1.0,1.0,0.0,0.0,0.0
2,10.0,"gate_out=self.randomly_select_exit(model,(self.combine(neighbourhood_count_exits,compare_distance)))",0.18402643758529685,0.2697830027433944,83895.41481113434,1.0,1.0,1.0,0.0,0.0,0.0,1.0,1.0,0.0,0.0,0.0
2,10.0,"gate_out=self.get_min_select_exit(model,(similarity_by_age))",0.5744514154637148,0.5747450897478432,83895.41481113434,1.0,0.0,0.0,0.0,0.0,1.0,0.0,0.0,1.0,0.0,0.0
2,10.0,"gate_out=self.get_max_select_exit(model,(neighbourhood_count_exits))",0.5756115923268796,0.5769869401780998,83895.41481113434,1.0,0.0,0.0,0.0,1.0,0.0,1.0,0.0,0.0,0.0,0.0
2,10.0,"gate_out=self.randomly_select_exit(model,(self.combine(neighbourhood_count_exits,compare_distance)))",0.18402643758529685,0.3125757713447913,83895.41481113434,1.0,1.0,1.0,0.0,0.0,0.0,1.0,1.0,0.0,0.0,0.0
2,10.0,"gate_out=self.randomly_select_exit(model,(self.combine(neighbourhood_count_exits,compare_distance)))",0.18402643758529685,0.26498734075379204,83895.41481113434,1.0,1.0,1.0,0.0,0.0,0.0,1.0,1.0,0.0,0.0,0.0
2,10.0,"gate_out=self.randomly_select_exit(model,(self.combine(neighbourhood_count_exits,compare_distance)))",0.18402643758529685,0.31965058882299485,83895.41481113434,1.0,1.0,1.0,0.0,0.0,0.0,1.0,1.0,0.0,0.0,0.0
2,10.0,"gate_out=self.get_max_select_exit(model,(self.combine(similarity_by_gender,similarity_by_age)))",0.5714102773967652,0.5716690187646251,83895.41481113434,1.0,1.0,0.0,0.0,1.0,0.0,0.0,0.0,1.0,1.0,0.0
2,10.0,"gate_out=self.get_max_select_exit(model,(self.subtract(compare_distance,similarity_by_gender)))",0.5656026335562435,0.5656026335562435,83895.41481113434,1.0,0.0,1.0,0.0,1.0,0.0,0.0,0.0,0.0,1.0,1.0
2,10.0,"gate_out=self.randomly_select_exit(model,(self.combine(neighbourhood_count_exits,compare_distance)))",0.18402643758529685,0.4279890475577647,83895.41481113434,1.0,1.0,1.0,0.0,0.0,0.0,1.0,1.0,0.0,0.0,0.0
2,10.0,"gate_out=self.randomly_select_exit(model,(self.combine(neighbourhood_count_exits,compare_distance)))",0.18402643758529685,0.2953398295590263,83895.41481113434,1.0,1.0,1.0,0.0,0.0,0.0,1.0,1.0,0.0,0.0,0.0
2,10.0,"gate_out=self.get_min_select_exit(model,(self.subtract(compare_distance,self.combine(compare_width,neighbourhood_count_exits))))",0.5764310463861296,0.5764310463861296,83895.41481113434,1.0,1.0,1.0,1.0,0.0,1.0,1.0,0.0,0.0,0.0,1.0
2,10.0,"gate_out=self.randomly_select_exit(model,(self.combine(neighbourhood_count_exits,compare_distance)))",0.18402643758529685,0.2918934291528956,83895.41481113434,1.0,1.0,1.0,0.0,0.0,0.0,1.0,1.0,0.0,0.0,0.0
2,10.0,"gate_out=self.randomly_select_exit(model,(self.combine(neighbourhood_count_exits,compare_distance)))",0.18402643758529685,0.30967161974673385,83895.41481113434,1.0,1.0,1.0,0.0,0.0,0.0,1.0,1.0,0.0,0.0,0.0
2,10.0,"gate_out=self.randomly_select_exit(model,(self.combine(neighbourhood_count_exits,compare_distance)))",0.18402643758529685,0.2588575979110844,83895.41481113434,1.0,1.0,1.0,0.0,0.0,0.0,1.0,1.0,0.0,0.0,0.0
2,10.0,"gate_out=self.randomly_select_exit(model,(self.combine(neighbourhood_count_exits,compare_distance)))",0.18402643758529685,0.34900279781926685,83895.41481113434,1.0,1.0,1.0,0.0,0.0,0.0,1.0,1.0,0.0,0.0,0.0
2,10.0,"gate_out=self.randomly_select_exit(model,(self.combine(neighbourhood_count_exits,compare_distance)))",0.18402643758529685,0.25749164032038085,83895.41481113434,1.0,1.0,1.0,0.0,0.0,0.0,1.0,1.0,0.0,0.0,0.0
2,10.0,"gate_out=self.randomly_select_exit(model,(self.combine(neighbourhood_count_exits,neighbourhood_count_exits)))",0.19064362103578392,0.3260679828622908,83895.41481113434,1.0,1.0,0.0,0.0,0.0,0.0,2.0,1.0,0.0,0.0,0.0
2,10.0,"gate_out=self.randomly_select_exit(model,(self.combine(compare_distance,compare_distance)))",0.23606362572221165,0.5484261163546275,83895.41481113434,1.0,1.0,2.0,0.0,0.0,0.0,0.0,1.0,0.0,0.0,0.0
2,10.0,"gate_out=self.randomly_select_exit(model,(self.combine(neighbourhood_count_exits,compare_distance)))",0.18402643758529685,0.2849421665768929,83895.41481113434,1.0,1.0,1.0,0.0,0.0,0.0,1.0,1.0,0.0,0.0,0.0
2,10.0,"gate_out=self.randomly_select_exit(model,(self.combine(neighbourhood_count_exits,compare_distance)))",0.18402643758529685,0.3069353935736914,83895.41481113434,1.0,1.0,1.0,0.0,0.0,0.0,1.0,1.0,0.0,0.0,0.0
2,10.0,"gate_out=self.randomly_select_exit(model,(self.combine(neighbourhood_count_exits,compare_distance)))",0.18402643758529685,0.35589303600979383,83895.41481113434,1.0,1.0,1.0,0.0,0.0,0.0,1.0,1.0,0.0,0.0,0.0
3,0.0,"gate_out=self.randomly_select_exit(model,(self.combine(neighbourhood_count_exits,compare_distance)))",0.18402643758529685,0.3160592601292101,85304.42279338838,1.0,1.0,1.0,0.0,0.0,0.0,1.0,1.0,0.0,0.0,0.0
3,0.0,"gate_out=self.randomly_select_exit(model,(self.combine(neighbourhood_count_exits,self.combine(neighbourhood_count_exits,compare_distance))))",0.18670994296312712,0.2938900306256972,85304.42279338838,1.0,2.0,1.0,0.0,0.0,0.0,2.0,1.0,0.0,0.0,0.0
3,0.0,"gate_out=self.randomly_select_exit(model,(self.combine(neighbourhood_count_exits,neighbourhood_count_exits)))",0.19064362103578392,0.32673157940256925,85304.42279338838,1.0,1.0,0.0,0.0,0.0,0.0,2.0,1.0,0.0,0.0,0.0
3,0.0,"gate_out=self.randomly_select_exit(model,(self.combine(compare_distance,neighbourhood_count_exits)))",0.20300899329471248,0.2641779928541762,85304.42279338838,1.0,1.0,1.0,0.0,0.0,0.0,1.0,1.0,0.0,0.0,0.0
3,0.0,"gate_out=self.randomly_select_exit(model,(neighbourhood_count_exits))",0.20686718869768506,0.2196170832873543,85304.42279338838,1.0,0.0,0.0,0.0,0.0,0.0,1.0,1.0,0.0,0.0,0.0
3,0.0,"gate_out=self.randomly_select_exit(model,(self.combine(compare_distance,compare_distance)))",0.23606362572221165,0.531399822766141,85304.42279338838,1.0,1.0,2.0,0.0,0.0,0.0,0.0,1.0,0.0,0.0,0.0
3,0.0,"gate_out=self.randomly_select_exit(model,(compare_width))",0.5511249100917128,0.5524210266554451,85304.42279338838,1.0,0.0,0.0,1.0,0.0,0.0,0.0,1.0,0.0,0.0,0.0
3,0.0,"gate_out=self.get_min_select_exit(model,(similarity_by_gender))",0.5752921912763618,0.5770768144523086,85304.42279338838,1.0,0.0,0.0,0.0,0.0,1.0,0.0,0.0,0.0,1.0,0.0
3,0.0,"gate_out=self.get_max_select_exit(model,(compare_width))",0.5717347242836932,0.5733436631588418,85304.42279338838,1.0,0.0,0.0,1.0,1.0,0.0,0.0,0.0,0.0,0.0,0.0
3,0.0,"gate_out=self.get_min_select_exit(model,(self.subtract(self.combine(similarity_by_age,compare_width),similarity_by_age)))",0.5723497457967162,0.5723497457967162,85304.42279338838,1.0,1.0,0.0,1.0,0.0,1.0,0.0,0.0,2.0,0.0,1.0
3,0.0,"gate_out=self.get_max_select_exit(model,(self.subtract(neighbourhood_count_exits,compare_width)))",0.5753926561871205,0.5760967666775255,85304.42279338838,1.0,0.0,0.0,1.0,1.0,0.0,1.0,0.0,0.0,0.0,1.0
3,0.0,"gate_out=self.get_max_select_exit(model,(neighbourhood_count_exits))",0.5756115923268796,0.5773614292760832,85304.42279338838,1.0,0.0,0.0,0.0,1.0,0.0,1.0,0.0,0.0,0.0,0.0
3,0.0,"gate_out=self.randomly_select_exit(model,(self.combine(neighbourhood_count_exits,neighbourhood_count_exits)))",0.19064362103578392,0.2678051319966199,85304.42279338838,1.0,1.0,0.0,0.0,0.0,0.0,2.0,1.0,0.0,0.0,0.0
3,0.0,"gate_out=self.get_min_select_exit(model,(similarity_by_gender))",0.5752921912763618,0.5758666642294449,85304.42279338838,1.0,0.0,0.0,0.0,0.0,1.0,0.0,0.0,0.0,1.0,0.0
3,0.0,"gate_out=self.get_min_select_exit(model,(similarity_by_age))",0.5744514154637148,0.5769878671477853,85304.42279338838,1.0,0.0,0.0,0.0,0.0,1.0,0.0,0.0,1.0,0.0,0.0
3,0.0,"gate_out=self.get_max_select_exit(model,(self.combine(compare_distance,neighbourhood_count_exits)))",0.5757584197252974,0.5757584197252974,85304.42279338838,1.0,1.0,1.0,0.0,1.0,0.0,1.0,0.0,0.0,0.0,0.0
3,0.0,"gate_out=self.randomly_select_exit(model,(neighbourhood_count_exits))",0.20686718869768506,0.3127522654194482,85304.42279338838,1.0,0.0,0.0,0.0,0.0,0.0,1.0,1.0,0.0,0.0,0.0
3,0.0,"gate_out=self.randomly_select_exit(model,(self.subtract(compare_width,self.combine(similarity_by_gender,self.combine(similarity_by_age,similarity_by_age)))))",0.4686560886561639,0.4686560886561639,85304.42279338838,1.0,2.0,0.0,1.0,0.0,0.0,0.0,1.0,2.0,1.0,1.0
3,0.0,"gate_out=self.randomly_select_exit(model,(compare_distance))",0.2269006185925318,0.423377349643029,85304.42279338838,1.0,0.0,1.0,0.0,0.0,0.0,0.0,1.0,0.0,0.0,0.0
3,0.0,"gate_out=self.get_max_select_exit(model,(similarity_by_gender))",0.5719944145172732,0.5723037683087628,85304.42279338838,1.0,0.0,0.0,0.0,1.0,0.0,0.0,0.0,0.0,1.0,0.0
3,0.0,"gate_out=self.get_max_select_exit(model,(neighbourhood_count_exits))",0.5756115923268796,0.5762446268944953,85304.42279338838,1.0,0.0,0.0,0.0,1.0,0.0,1.0,0.0,0.0,0.0,0.0
3,0.0,"gate_out=self.get_max_select_exit(model,(similarity_by_gender))",0.5719944145172732,0.5729506323606722,85304.42279338838,1.0,0.0,0.0,0.0,1.0,0.0,0.0,0.0,0.0,1.0,0.0
3,0.0,"gate_out=self.get_min_select_exit(model,(compare_width))",0.5725040746282833,0.5733019687804706,85304.42279338838,1.0,0.0,0.0,1.0,0.0,1.0,0.0,0.0,0.0,0.0,0.0
3,0.0,"gate_out=self.randomly_select_exit(model,(self.combine(compare_distance,compare_distance)))",0.23606362572221165,0.4788988529904576,85304.42279338838,1.0,1.0,2.0,0.0,0.0,0.0,0.0,1.0,0.0,0.0,0.0
3,0.0,"gate_out=self.get_max_select_exit(model,(neighbourhood_count_exits))",0.5756115923268796,0.5771423551136433,85304.42279338838,1.0,0.0,0.0,0.0,1.0,0.0,1.0,0.0,0.0,0.0,0.0
3,0.0,"gate_out=self.get_min_select_exit(model,(compare_width))",0.5725040746282833,0.573972975807968,85304.42279338838,1.0,0.0,0.0,1.0,0.0,1.0,0.0,0.0,0.0,0.0,0.0
3,0.0,"gate_out=self.get_max_select_exit(model,(neighbourhood_count_exits))",0.5756115923268796,0.5761313332460516,85304.42279338838,1.0,0.0,0.0,0.0,1.0,0.0,1.0,0.0,0.0,0.0,0.0
3,0.0,"gate_out=self.get_max_select_exit(model,(compare_distance))",0.5759584208109285,0.5765174212430383,85304.42279338838,1.0,0.0,1.0,0.0,1.0,0.0,0.0,0.0,0.0,0.0,0.0
3,0.0,"gate_out=self.get_min_select_exit(model,(self.combine(self.subtract(neighbourhood_count_exits,similarity_by_gender),neighbourhood_count_exits)))",0.5732708738204272,0.5732708738204272,85304.42279338838,1.0,1.0,0.0,0.0,0.0,1.0,2.0,0.0,0.0,1.0,1.0
3,0.0,"gate_out=self.randomly_select_exit(model,(similarity_by_age))",0.5488333438784322,0.5498971987903125,85304.42279338838,1.0,0.0,0.0,0.0,0.0,0.0,0.0,1.0,1.0,0.0,0.0
3,0.0,"gate_out=self.get_min_select_exit(model,(compare_width))",0.5725040746282833,0.5738908268061053,85304.42279338838,1.0,0.0,0.0,1.0,0.0,1.0,0.0,0.0,0.0,0.0,0.0
3,0.0,"gate_out=self.get_min_select_exit(model,(self.subtract(self.subtract(neighbourhood_count_exits,compare_distance),self.combine(self.combine(similarity_by_gender,similarity_by_age),self.combine(compare_distance,similarity_by_gender)))))",0.5770171344460351,0.5770171344460351,85304.42279338838,1.0,3.0,2.0,0.0,0.0,1.0,1.0,0.0,1.0,2.0,2.0
3,0.0,"gate_out=self.randomly_select_exit(model,(neighbourhood_count_exits))",0.20686718869768506,0.30021035215760355,85304.42279338838,1.0,0.0,0.0,0.0,0.0,0.0,1.0,1.0,0.0,0.0,0.0
3,0.0,"gate_out=self.get_max_select_exit(model,(self.combine(compare_width,compare_distance)))",0.5743177547256912,0.5743177547256912,85304.42279338838,1.0,1.0,1.0,1.0,1.0,0.0,0.0,0.0,0.0,0.0,0.0
3,0.0,"gate_out=self.randomly_select_exit(model,(compare_width))",0.5511249100917128,0.5518608688630081,85304.42279338838,1.0,0.0,0.0,1.0,0.0,0.0,0.0,1.0,0.0,0.0,0.0
3,1.0,"gate_out=self.randomly_select_exit(model,(neighbourhood_count_exits))",0.20686718869768506,0.22103228072997,87632.94900465013,1.0,0.0,0.0,0.0,0.0,0.0,1.0,1.0,0.0,0.0,0.0
3,1.0,"gate_out=self.get_min_select_exit(model,(self.combine(self.subtract(neighbourhood_count_exits,similarity_by_gender),neighbourhood_count_exits)))",0.5732708738204272,0.5735504349752115,87632.94900465013,1.0,1.0,0.0,0.0,0.0,1.0,2.0,0.0,0.0,1.0,1.0
3,1.0,"gate_out=self.randomly_select_exit(model,(self.combine(compare_distance,compare_distance)))",0.23606362572221165,0.3798621050430467,87632.94900465013,1.0,1.0,2.0,0.0,0.0,0.0,0.0,1.0,0.0,0.0,0.0
3,1.0,"gate_out=self.randomly_select_exit(model,(self.combine(neighbourhood_count_exits,compare_distance)))",0.18402643758529685,0.34249026248008685,87632.94900465013,1.0,1.0,1.0,0.0,0.0,0.0,1.0,1.0,0.0,0.0,0.0
3,1.0,"gate_out=self.get_max_select_exit(model,(neighbourhood_count_exits))",0.5756115923268796,0.5776863192207818,87632.94900465013,1.0,0.0,0.0,0.0,1.0,0.0,1.0,0.0,0.0,0.0,0.0
3,1.0,"gate_out=self.randomly_select_exit(model,(compare_width))",0.5511249100917128,0.5522184123542825,87632.94900465013,1.0,0.0,0.0,1.0,0.0,0.0,0.0,1.0,0.0,0.0,0.0
3,1.0,"gate_out=self.randomly_select_exit(model,(self.combine(neighbourhood_count_exits,compare_distance)))",0.18402643758529685,0.31230467173051063,87632.94900465013,1.0,1.0,1.0,0.0,0.0,0.0,1.0,1.0,0.0,0.0,0.0
3,1.0,"gate_out=self.randomly_select_exit(model,(similarity_by_age))",0.5486261226115953,0.5505279482076759,87632.94900465013,1.0,0.0,0.0,0.0,0.0,0.0,0.0,1.0,1.0,0.0,0.0
3,1.0,"gate_out=self.randomly_select_exit(model,(self.combine(neighbourhood_count_exits,neighbourhood_count_exits)))",0.19064362103578392,0.3206605637819963,87632.94900465013,1.0,1.0,0.0,0.0,0.0,0.0,2.0,1.0,0.0,0.0,0.0
3,1.0,"gate_out=self.randomly_select_exit(model,(self.combine(neighbourhood_count_exits,neighbourhood_count_exits)))",0.19064362103578392,0.3438732427703736,87632.94900465013,1.0,1.0,0.0,0.0,0.0,0.0,2.0,1.0,0.0,0.0,0.0
3,1.0,"gate_out=self.randomly_select_exit(model,(self.combine(neighbourhood_count_exits,neighbourhood_count_exits)))",0.19064362103578392,0.2536280159576049,87632.94900465013,1.0,1.0,0.0,0.0,0.0,0.0,2.0,1.0,0.0,0.0,0.0
3,1.0,"gate_out=self.randomly_select_exit(model,(self.combine(neighbourhood_count_exits,compare_distance)))",0.18402643758529685,0.29994746042904136,87632.94900465013,1.0,1.0,1.0,0.0,0.0,0.0,1.0,1.0,0.0,0.0,0.0
3,1.0,"gate_out=self.get_max_select_exit(model,(similarity_by_gender))",0.5719756068146744,0.5719756068146744,87632.94900465013,1.0,0.0,0.0,0.0,1.0,0.0,0.0,0.0,0.0,1.0,0.0
3,1.0,"gate_out=self.randomly_select_exit(model,(neighbourhood_count_exits))",0.20686718869768506,0.3026274443192231,87632.94900465013,1.0,0.0,0.0,0.0,0.0,0.0,1.0,1.0,0.0,0.0,0.0
3,1.0,"gate_out=self.randomly_select_exit(model,(compare_width))",0.5511249100917128,0.5518610200745164,87632.94900465013,1.0,0.0,0.0,1.0,0.0,0.0,0.0,1.0,0.0,0.0,0.0
3,1.0,"gate_out=self.randomly_select_exit(model,(self.combine(compare_distance,compare_distance)))",0.23606362572221165,0.5501531710222073,87632.94900465013,1.0,1.0,2.0,0.0,0.0,0.0,0.0,1.0,0.0,0.0,0.0
3,1.0,"gate_out=self.randomly_select_exit(model,(self.combine(similarity_by_age,compare_width)))",0.5504122828128557,0.5504122828128557,87632.94900465013,1.0,1.0,0.0,1.0,0.0,0.0,0.0,1.0,1.0,0.0,0.0
3,1.0,"gate_out=self.get_min_select_exit(model,(self.subtract(compare_width,similarity_by_age)))",0.5739925875620429,0.5739925875620429,87632.94900465013,1.0,0.0,0.0,1.0,0.0,1.0,0.0,0.0,1.0,0.0,1.0
3,1.0,"gate_out=self.randomly_select_exit(model,(compare_width))",0.5511249100917128,0.5522386106323349,87632.94900465013,1.0,0.0,0.0,1.0,0.0,0.0,0.0,1.0,0.0,0.0,0.0
3,1.0,"gate_out=self.randomly_select_exit(model,(similarity_by_age))",0.5486261226115953,0.5486261226115953,87632.94900465013,1.0,0.0,0.0,0.0,0.0,0.0,0.0,1.0,1.0,0.0,0.0
3,1.0,"gate_out=self.get_max_select_exit(model,(compare_width))",0.5717347242836932,0.5731668714051088,87632.94900465013,1.0,0.0,0.0,1.0,1.0,0.0,0.0,0.0,0.0,0.0,0.0
3,1.0,"gate_out=self.get_max_select_exit(model,(compare_width))",0.5717347242836932,0.572853160378235,87632.94900465013,1.0,0.0,0.0,1.0,1.0,0.0,0.0,0.0,0.0,0.0,0.0
3,1.0,"gate_out=self.randomly_select_exit(model,(similarity_by_age))",0.5486261226115953,0.550931155296086,87632.94900465013,1.0,0.0,0.0,0.0,0.0,0.0,0.0,1.0,1.0,0.0,0.0
3,1.0,"gate_out=self.randomly_select_exit(model,(self.combine(neighbourhood_count_exits,neighbourhood_count_exits)))",0.19064362103578392,0.26205683523260953,87632.94900465013,1.0,1.0,0.0,0.0,0.0,0.0,2.0,1.0,0.0,0.0,0.0
3,1.0,"gate_out=self.get_max_select_exit(model,(neighbourhood_count_exits))",0.5756115923268796,0.5764455887561393,87632.94900465013,1.0,0.0,0.0,0.0,1.0,0.0,1.0,0.0,0.0,0.0,0.0
3,1.0,"gate_out=self.randomly_select_exit(model,(compare_distance))",0.2269006185925318,0.4832844985675461,87632.94900465013,1.0,0.0,1.0,0.0,0.0,0.0,0.0,1.0,0.0,0.0,0.0
3,1.0,"gate_out=self.randomly_select_exit(model,(neighbourhood_count_exits))",0.20686718869768506,0.3159845546706425,87632.94900465013,1.0,0.0,0.0,0.0,0.0,0.0,1.0,1.0,0.0,0.0,0.0
3,1.0,"gate_out=self.randomly_select_exit(model,(self.combine(neighbourhood_count_exits,compare_width)))",0.5492080378378095,0.5492080378378095,87632.94900465013,1.0,1.0,0.0,1.0,0.0,0.0,1.0,1.0,0.0,0.0,0.0
3,1.0,"gate_out=self.randomly_select_exit(model,(compare_distance))",0.2269006185925318,0.2699972043647844,87632.94900465013,1.0,0.0,1.0,0.0,0.0,0.0,0.0,1.0,0.0,0.0,0.0
3,1.0,"gate_out=self.randomly_select_exit(model,(self.combine(neighbourhood_count_exits,compare_distance)))",0.18402643758529685,0.3079089593446505,87632.94900465013,1.0,1.0,1.0,0.0,0.0,0.0,1.0,1.0,0.0,0.0,0.0
3,1.0,"gate_out=self.randomly_select_exit(model,(self.combine(neighbourhood_count_exits,self.combine(neighbourhood_count_exits,compare_distance))))",0.18670994296312712,0.2578583284701097,87632.94900465013,1.0,2.0,1.0,0.0,0.0,0.0,2.0,1.0,0.0,0.0,0.0
3,1.0,"gate_out=self.randomly_select_exit(model,(self.combine(neighbourhood_count_exits,neighbourhood_count_exits)))",0.19064362103578392,0.2283444644761071,87632.94900465013,1.0,1.0,0.0,0.0,0.0,0.0,2.0,1.0,0.0,0.0,0.0
3,1.0,"gate_out=self.get_min_select_exit(model,(neighbourhood_count_exits))",0.5713131604685936,0.5746324155104743,87632.94900465013,1.0,0.0,0.0,0.0,0.0,1.0,1.0,0.0,0.0,0.0,0.0
3,1.0,"gate_out=self.randomly_select_exit(model,(self.combine(self.combine(similarity_by_age,similarity_by_age),self.subtract(similarity_by_gender,self.subtract(neighbourhood_count_exits,similarity_by_gender)))))",0.5505291801898253,0.5505291801898253,87632.94900465013,1.0,2.0,0.0,0.0,0.0,0.0,1.0,1.0,2.0,2.0,2.0
3,1.0,"gate_out=self.randomly_select_exit(model,(self.combine(neighbourhood_count_exits,neighbourhood_count_exits)))",0.19064362103578392,0.3503683496914208,87632.94900465013,1.0,1.0,0.0,0.0,0.0,0.0,2.0,1.0,0.0,0.0,0.0
3,2.0,"gate_out=self.randomly_select_exit(model,(self.subtract(self.combine(similarity_by_gender,compare_width),self.combine(neighbourhood_count_exits,neighbourhood_count_exits))))",0.5544469156610292,0.5544469156610292,90300.88519573213,1.0,2.0,0.0,1.0,0.0,0.0,2.0,1.0,0.0,1.0,1.0
3,2.0,"gate_out=self.randomly_select_exit(model,(self.combine(self.combine(neighbourhood_count_exits,compare_distance),compare_width)))",0.5505691277781021,0.5505691277781021,90300.88519573213,1.0,2.0,1.0,1.0,0.0,0.0,1.0,1.0,0.0,0.0,0.0
3,2.0,"gate_out=self.randomly_select_exit(model,(self.combine(neighbourhood_count_exits,compare_distance)))",0.18402643758529685,0.2914844957625169,90300.88519573213,1.0,1.0,1.0,0.0,0.0,0.0,1.0,1.0,0.0,0.0,0.0
3,2.0,"gate_out=self.randomly_select_exit(model,(similarity_by_age))",0.5486261226115953,0.5498145918562151,90300.88519573213,1.0,0.0,0.0,0.0,0.0,0.0,0.0,1.0,1.0,0.0,0.0
3,2.0,"gate_out=self.randomly_select_exit(model,(neighbourhood_count_exits))",0.20686718869768506,0.31179681625523703,90300.88519573213,1.0,0.0,0.0,0.0,0.0,0.0,1.0,1.0,0.0,0.0,0.0
3,2.0,"gate_out=self.randomly_select_exit(model,(self.combine(self.combine(similarity_by_age,compare_width),compare_distance)))",0.551115542756615,0.551115542756615,90300.88519573213,1.0,2.0,1.0,1.0,0.0,0.0,0.0,1.0,1.0,0.0,0.0
3,2.0,"gate_out=self.randomly_select_exit(model,(self.combine(neighbourhood_count_exits,compare_distance)))",0.18402643758529685,0.2640700577009022,90300.88519573213,1.0,1.0,1.0,0.0,0.0,0.0,1.0,1.0,0.0,0.0,0.0
3,2.0,"gate_out=self.randomly_select_exit(model,(self.combine(neighbourhood_count_exits,neighbourhood_count_exits)))",0.19064362103578392,0.2664396461840527,90300.88519573213,1.0,1.0,0.0,0.0,0.0,0.0,2.0,1.0,0.0,0.0,0.0
3,2.0,"gate_out=self.randomly_select_exit(model,(self.combine(neighbourhood_count_exits,compare_distance)))",0.18402643758529685,0.2377818452485248,90300.88519573213,1.0,1.0,1.0,0.0,0.0,0.0,1.0,1.0,0.0,0.0,0.0
3,2.0,"gate_out=self.randomly_select_exit(model,(self.combine(neighbourhood_count_exits,compare_distance)))",0.18402643758529685,0.2535463140850988,90300.88519573213,1.0,1.0,1.0,0.0,0.0,0.0,1.0,1.0,0.0,0.0,0.0
3,2.0,"gate_out=self.randomly_select_exit(model,(self.combine(similarity_by_age,compare_width)))",0.5504122828128557,0.551169932482076,90300.88519573213,1.0,1.0,0.0,1.0,0.0,0.0,0.0,1.0,1.0,0.0,0.0
3,2.0,"gate_out=self.randomly_select_exit(model,(self.combine(self.combine(self.combine(similarity_by_age,compare_width),self.subtract(neighbourhood_count_exits,neighbourhood_count_exits)),self.combine(neighbourhood_count_exits,compare_distance))))",0.5487896317664903,0.5487896317664903,90300.88519573213,1.0,4.0,1.0,1.0,0.0,0.0,3.0,1.0,1.0,0.0,1.0
3,2.0,"gate_out=self.randomly_select_exit(model,(neighbourhood_count_exits))",0.20686718869768506,0.27204388167808496,90300.88519573213,1.0,0.0,0.0,0.0,0.0,0.0,1.0,1.0,0.0,0.0,0.0
3,2.0,"gate_out=self.randomly_select_exit(model,(self.combine(neighbourhood_count_exits,compare_distance)))",0.18402643758529685,0.2469154088547153,90300.88519573213,1.0,1.0,1.0,0.0,0.0,0.0,1.0,1.0,0.0,0.0,0.0
3,2.0,"gate_out=self.randomly_select_exit(model,(self.combine(neighbourhood_count_exits,neighbourhood_count_exits)))",0.19064362103578392,0.29915482781679953,90300.88519573213,1.0,1.0,0.0,0.0,0.0,0.0,2.0,1.0,0.0,0.0,0.0
3,2.0,"gate_out=self.randomly_select_exit(model,(self.combine(neighbourhood_count_exits,neighbourhood_count_exits)))",0.19064362103578392,0.2351160965032333,90300.88519573213,1.0,1.0,0.0,0.0,0.0,0.0,2.0,1.0,0.0,0.0,0.0
3,2.0,"gate_out=self.randomly_select_exit(model,(self.combine(neighbourhood_count_exits,compare_distance)))",0.18402643758529685,0.2607013104565116,90300.88519573213,1.0,1.0,1.0,0.0,0.0,0.0,1.0,1.0,0.0,0.0,0.0
3,2.0,"gate_out=self.randomly_select_exit(model,(self.combine(neighbourhood_count_exits,self.combine(neighbourhood_count_exits,compare_distance))))",0.18670994296312712,0.3273566207294055,90300.88519573213,1.0,2.0,1.0,0.0,0.0,0.0,2.0,1.0,0.0,0.0,0.0
3,2.0,"gate_out=self.randomly_select_exit(model,(self.combine(neighbourhood_count_exits,self.combine(compare_distance,compare_distance))))",0.2731577090013397,0.285453430881472,90300.88519573213,1.0,2.0,2.0,0.0,0.0,0.0,1.0,1.0,0.0,0.0,0.0
3,2.0,"gate_out=self.randomly_select_exit(model,(compare_width))",0.5511249100917128,0.5513364917941471,90300.88519573213,1.0,0.0,0.0,1.0,0.0,0.0,0.0,1.0,0.0,0.0,0.0
3,2.0,"gate_out=self.randomly_select_exit(model,(neighbourhood_count_exits))",0.20686718869768506,0.2274903521275988,90300.88519573213,1.0,0.0,0.0,0.0,0.0,0.0,1.0,1.0,0.0,0.0,0.0
3,2.0,"gate_out=self.get_min_select_exit(model,(self.combine(self.combine(compare_distance,neighbourhood_count_exits),self.subtract(compare_width,compare_distance))))",0.5734570469321723,0.5734570469321723,90300.88519573213,1.0,2.0,2.0,1.0,0.0,1.0,1.0,0.0,0.0,0.0,1.0
3,2.0,"gate_out=self.randomly_select_exit(model,(self.combine(neighbourhood_count_exits,compare_distance)))",0.18402643758529685,0.2813522233847437,90300.88519573213,1.0,1.0,1.0,0.0,0.0,0.0,1.0,1.0,0.0,0.0,0.0
3,2.0,"gate_out=self.get_min_select_exit(model,(self.combine(self.subtract(compare_width,neighbourhood_count_exits),similarity_by_age)))",0.576004896146646,0.576004896146646,90300.88519573213,1.0,1.0,0.0,1.0,0.0,1.0,1.0,0.0,1.0,0.0,1.0
3,2.0,"gate_out=self.randomly_select_exit(model,(self.combine(neighbourhood_count_exits,compare_distance)))",0.18402643758529685,0.4116937089656164,90300.88519573213,1.0,1.0,1.0,0.0,0.0,0.0,1.0,1.0,0.0,0.0,0.0
3,2.0,"gate_out=self.randomly_select_exit(model,(self.combine(neighbourhood_count_exits,compare_distance)))",0.18402643758529685,0.29541782189900684,90300.88519573213,1.0,1.0,1.0,0.0,0.0,0.0,1.0,1.0,0.0,0.0,0.0
3,2.0,"gate_out=self.randomly_select_exit(model,(self.combine(neighbourhood_count_exits,neighbourhood_count_exits)))",0.19064362103578392,0.3736239221313148,90300.88519573213,1.0,1.0,0.0,0.0,0.0,0.0,2.0,1.0,0.0,0.0,0.0
3,2.0,"gate_out=self.randomly_select_exit(model,(self.subtract(compare_width,compare_width)))",0.2956999204723599,0.2956999204723599,90300.88519573213,1.0,0.0,0.0,2.0,0.0,0.0,0.0,1.0,0.0,0.0,1.0
3,2.0,"gate_out=self.randomly_select_exit(model,(neighbourhood_count_exits))",0.20686718869768506,0.2784672146128281,90300.88519573213,1.0,0.0,0.0,0.0,0.0,0.0,1.0,1.0,0.0,0.0,0.0
3,2.0,"gate_out=self.get_min_select_exit(model,(self.combine(similarity_by_gender,self.combine(compare_width,similarity_by_age))))",0.5761499393451189,0.5761499393451189,90300.88519573213,1.0,2.0,0.0,1.0,0.0,1.0,0.0,0.0,1.0,1.0,0.0
3,2.0,"gate_out=self.randomly_select_exit(model,(self.combine(compare_distance,compare_distance)))",0.19031742096021745,0.19031742096021745,90300.88519573213,1.0,1.0,2.0,0.0,0.0,0.0,0.0,1.0,0.0,0.0,0.0
3,2.0,"gate_out=self.randomly_select_exit(model,(self.combine(neighbourhood_count_exits,compare_distance)))",0.18402643758529685,0.22703488865482144,90300.88519573213,1.0,1.0,1.0,0.0,0.0,0.0,1.0,1.0,0.0,0.0,0.0
3,2.0,"gate_out=self.randomly_select_exit(model,(neighbourhood_count_exits))",0.20686718869768506,0.2769312344315264,90300.88519573213,1.0,0.0,0.0,0.0,0.0,0.0,1.0,1.0,0.0,0.0,0.0
3,2.0,"gate_out=self.get_min_select_exit(model,(self.subtract(self.subtract(compare_width,neighbourhood_count_exits),neighbourhood_count_exits)))",0.5746449931598593,0.5746449931598593,90300.88519573213,1.0,0.0,0.0,1.0,0.0,1.0,2.0,0.0,0.0,0.0,2.0
3,2.0,"gate_out=self.randomly_select_exit(model,(self.combine(neighbourhood_count_exits,neighbourhood_count_exits)))",0.19064362103578392,0.4196866270237429,90300.88519573213,1.0,1.0,0.0,0.0,0.0,0.0,2.0,1.0,0.0,0.0,0.0
3,3.0,"gate_out=self.randomly_select_exit(model,(self.combine(neighbourhood_count_exits,compare_distance)))",0.18402643758529685,0.25248481137439616,93208.20356965065,1.0,1.0,1.0,0.0,0.0,0.0,1.0,1.0,0.0,0.0,0.0
3,3.0,"gate_out=self.randomly_select_exit(model,(self.combine(neighbourhood_count_exits,self.subtract(self.subtract(self.subtract(compare_distance,neighbourhood_count_exits),similarity_by_gender),self.subtract(self.subtract(similarity_by_gender,similarity_by_gender),compare_width)))))",0.5506600758298674,0.5506600758298674,93208.20356965065,1.0,1.0,1.0,1.0,0.0,0.0,2.0,1.0,0.0,3.0,5.0
3,3.0,"gate_out=self.randomly_select_exit(model,(self.subtract(self.combine(neighbourhood_count_exits,neighbourhood_count_exits),compare_distance)))",0.3071269227586772,0.3071269227586772,93208.20356965065,1.0,1.0,1.0,0.0,0.0,0.0,2.0,1.0,0.0,0.0,1.0
3,3.0,"gate_out=self.randomly_select_exit(model,(self.combine(neighbourhood_count_exits,neighbourhood_count_exits)))",0.19064362103578392,0.2237963982890555,93208.20356965065,1.0,1.0,0.0,0.0,0.0,0.0,2.0,1.0,0.0,0.0,0.0
3,3.0,"gate_out=self.randomly_select_exit(model,(self.combine(self.combine(self.combine(similarity_by_age,compare_width),self.subtract(neighbourhood_count_exits,neighbourhood_count_exits)),self.combine(neighbourhood_count_exits,compare_distance))))",0.5487896317664903,0.5499475235677183,93208.20356965065,1.0,4.0,1.0,1.0,0.0,0.0,3.0,1.0,1.0,0.0,1.0
3,3.0,"gate_out=self.get_max_select_exit(model,(neighbourhood_count_exits))",0.5756115923268796,0.5768701312622855,93208.20356965065,1.0,0.0,0.0,0.0,1.0,0.0,1.0,0.0,0.0,0.0,0.0
3,3.0,"gate_out=self.randomly_select_exit(model,(self.combine(neighbourhood_count_exits,compare_distance)))",0.18402643758529685,0.3226556786314786,93208.20356965065,1.0,1.0,1.0,0.0,0.0,0.0,1.0,1.0,0.0,0.0,0.0
3,3.0,"gate_out=self.randomly_select_exit(model,(self.combine(neighbourhood_count_exits,compare_distance)))",0.18402643758529685,0.3387500228109666,93208.20356965065,1.0,1.0,1.0,0.0,0.0,0.0,1.0,1.0,0.0,0.0,0.0
3,3.0,"gate_out=self.randomly_select_exit(model,(self.combine(neighbourhood_count_exits,compare_distance)))",0.18402643758529685,0.245733850420268,93208.20356965065,1.0,1.0,1.0,0.0,0.0,0.0,1.0,1.0,0.0,0.0,0.0
3,3.0,"gate_out=self.randomly_select_exit(model,(self.combine(neighbourhood_count_exits,self.combine(neighbourhood_count_exits,compare_distance))))",0.18670994296312712,0.33059986564782984,93208.20356965065,1.0,2.0,1.0,0.0,0.0,0.0,2.0,1.0,0.0,0.0,0.0
3,3.0,"gate_out=self.randomly_select_exit(model,(self.combine(neighbourhood_count_exits,compare_distance)))",0.18402643758529685,0.3032364059177533,93208.20356965065,1.0,1.0,1.0,0.0,0.0,0.0,1.0,1.0,0.0,0.0,0.0
3,3.0,"gate_out=self.randomly_select_exit(model,(self.combine(neighbourhood_count_exits,neighbourhood_count_exits)))",0.19064362103578392,0.2829732037677455,93208.20356965065,1.0,1.0,0.0,0.0,0.0,0.0,2.0,1.0,0.0,0.0,0.0
3,3.0,"gate_out=self.randomly_select_exit(model,(self.combine(compare_distance,compare_distance)))",0.19031742096021745,0.4695251811437142,93208.20356965065,1.0,1.0,2.0,0.0,0.0,0.0,0.0,1.0,0.0,0.0,0.0
3,3.0,"gate_out=self.randomly_select_exit(model,(self.combine(neighbourhood_count_exits,neighbourhood_count_exits)))",0.19064362103578392,0.275786262424657,93208.20356965065,1.0,1.0,0.0,0.0,0.0,0.0,2.0,1.0,0.0,0.0,0.0
3,3.0,"gate_out=self.randomly_select_exit(model,(self.combine(neighbourhood_count_exits,compare_distance)))",0.18402643758529685,0.2496451094562926,93208.20356965065,1.0,1.0,1.0,0.0,0.0,0.0,1.0,1.0,0.0,0.0,0.0
3,3.0,"gate_out=self.randomly_select_exit(model,(neighbourhood_count_exits))",0.1864509689526269,0.1864509689526269,93208.20356965065,1.0,0.0,0.0,0.0,0.0,0.0,1.0,1.0,0.0,0.0,0.0
3,3.0,"gate_out=self.randomly_select_exit(model,(self.combine(neighbourhood_count_exits,neighbourhood_count_exits)))",0.19064362103578392,0.27381868855934915,93208.20356965065,1.0,1.0,0.0,0.0,0.0,0.0,2.0,1.0,0.0,0.0,0.0
3,3.0,"gate_out=self.randomly_select_exit(model,(similarity_by_age))",0.5486261226115953,0.5500743059884678,93208.20356965065,1.0,0.0,0.0,0.0,0.0,0.0,0.0,1.0,1.0,0.0,0.0
3,3.0,"gate_out=self.randomly_select_exit(model,(self.combine(neighbourhood_count_exits,compare_distance)))",0.18402643758529685,0.21942586669508035,93208.20356965065,1.0,1.0,1.0,0.0,0.0,0.0,1.0,1.0,0.0,0.0,0.0
3,3.0,"gate_out=self.randomly_select_exit(model,(self.combine(neighbourhood_count_exits,compare_distance)))",0.18402643758529685,0.18930610496311373,93208.20356965065,1.0,1.0,1.0,0.0,0.0,0.0,1.0,1.0,0.0,0.0,0.0
3,3.0,"gate_out=self.randomly_select_exit(model,(self.combine(neighbourhood_count_exits,compare_distance)))",0.18402643758529685,0.2677694646578225,93208.20356965065,1.0,1.0,1.0,0.0,0.0,0.0,1.0,1.0,0.0,0.0,0.0
3,3.0,"gate_out=self.randomly_select_exit(model,(self.combine(neighbourhood_count_exits,compare_distance)))",0.18402643758529685,0.2446003408827221,93208.20356965065,1.0,1.0,1.0,0.0,0.0,0.0,1.0,1.0,0.0,0.0,0.0
3,3.0,"gate_out=self.randomly_select_exit(model,(self.combine(neighbourhood_count_exits,self.combine(neighbourhood_count_exits,self.combine(neighbourhood_count_exits,compare_distance)))))",0.2382865877336625,0.40367660397344973,93208.20356965065,1.0,3.0,1.0,0.0,0.0,0.0,3.0,1.0,0.0,0.0,0.0
3,3.0,"gate_out=self.randomly_select_exit(model,(compare_distance))",0.2269006185925318,0.33616458809567296,93208.20356965065,1.0,0.0,1.0,0.0,0.0,0.0,0.0,1.0,0.0,0.0,0.0
3,3.0,"gate_out=self.randomly_select_exit(model,(self.combine(neighbourhood_count_exits,neighbourhood_count_exits)))",0.19064362103578392,0.2871260617885021,93208.20356965065,1.0,1.0,0.0,0.0,0.0,0.0,2.0,1.0,0.0,0.0,0.0
3,3.0,"gate_out=self.randomly_select_exit(model,(self.combine(neighbourhood_count_exits,compare_distance)))",0.18402643758529685,0.3808116239669516,93208.20356965065,1.0,1.0,1.0,0.0,0.0,0.0,1.0,1.0,0.0,0.0,0.0
3,3.0,"gate_out=self.randomly_select_exit(model,(self.combine(neighbourhood_count_exits,neighbourhood_count_exits)))",0.19064362103578392,0.28127340335929274,93208.20356965065,1.0,1.0,0.0,0.0,0.0,0.0,2.0,1.0,0.0,0.0,0.0
3,3.0,"gate_out=self.randomly_select_exit(model,(self.combine(neighbourhood_count_exits,self.combine(neighbourhood_count_exits,compare_distance))))",0.18670994296312712,0.3135037245740872,93208.20356965065,1.0,2.0,1.0,0.0,0.0,0.0,2.0,1.0,0.0,0.0,0.0
3,3.0,"gate_out=self.randomly_select_exit(model,(neighbourhood_count_exits))",0.1864509689526269,0.2568176432858676,93208.20356965065,1.0,0.0,0.0,0.0,0.0,0.0,1.0,1.0,0.0,0.0,0.0
3,3.0,"gate_out=self.randomly_select_exit(model,(self.combine(neighbourhood_count_exits,compare_distance)))",0.18402643758529685,0.3102607878151073,93208.20356965065,1.0,1.0,1.0,0.0,0.0,0.0,1.0,1.0,0.0,0.0,0.0
3,3.0,"gate_out=self.randomly_select_exit(model,(self.combine(neighbourhood_count_exits,compare_distance)))",0.18402643758529685,0.2482843717824577,93208.20356965065,1.0,1.0,1.0,0.0,0.0,0.0,1.0,1.0,0.0,0.0,0.0
3,3.0,"gate_out=self.randomly_select_exit(model,(self.combine(self.subtract(similarity_by_gender,similarity_by_gender),self.subtract(similarity_by_gender,similarity_by_gender))))",0.3448853853045292,0.3448853853045292,93208.20356965065,1.0,1.0,0.0,0.0,0.0,0.0,0.0,1.0,0.0,4.0,2.0
3,3.0,"gate_out=self.randomly_select_exit(model,(self.combine(neighbourhood_count_exits,neighbourhood_count_exits)))",0.19064362103578392,0.3537517868429535,93208.20356965065,1.0,1.0,0.0,0.0,0.0,0.0,2.0,1.0,0.0,0.0,0.0
3,3.0,"gate_out=self.randomly_select_exit(model,(self.combine(neighbourhood_count_exits,compare_distance)))",0.18402643758529685,0.3444356741573182,93208.20356965065,1.0,1.0,1.0,0.0,0.0,0.0,1.0,1.0,0.0,0.0,0.0
3,3.0,"gate_out=self.randomly_select_exit(model,(self.combine(neighbourhood_count_exits,compare_distance)))",0.18402643758529685,0.43965542914068795,93208.20356965065,1.0,1.0,1.0,0.0,0.0,0.0,1.0,1.0,0.0,0.0,0.0
3,4.0,"gate_out=self.randomly_select_exit(model,(self.combine(neighbourhood_count_exits,neighbourhood_count_exits)))",0.19064362103578392,0.2718081892829904,96000.69347906113,1.0,1.0,0.0,0.0,0.0,0.0,2.0,1.0,0.0,0.0,0.0
3,4.0,"gate_out=self.randomly_select_exit(model,(self.combine(neighbourhood_count_exits,neighbourhood_count_exits)))",0.19064362103578392,0.2919675222894645,96000.69347906113,1.0,1.0,0.0,0.0,0.0,0.0,2.0,1.0,0.0,0.0,0.0
3,4.0,"gate_out=self.randomly_select_exit(model,(self.combine(neighbourhood_count_exits,compare_distance)))",0.18402643758529685,0.28062096616806764,96000.69347906113,1.0,1.0,1.0,0.0,0.0,0.0,1.0,1.0,0.0,0.0,0.0
3,4.0,"gate_out=self.randomly_select_exit(model,(self.combine(neighbourhood_count_exits,compare_distance)))",0.18402643758529685,0.32521916980995985,96000.69347906113,1.0,1.0,1.0,0.0,0.0,0.0,1.0,1.0,0.0,0.0,0.0
3,4.0,"gate_out=self.randomly_select_exit(model,(self.combine(neighbourhood_count_exits,compare_distance)))",0.18402643758529685,0.3064855043340136,96000.69347906113,1.0,1.0,1.0,0.0,0.0,0.0,1.0,1.0,0.0,0.0,0.0
3,4.0,"gate_out=self.randomly_select_exit(model,(self.combine(neighbourhood_count_exits,neighbourhood_count_exits)))",0.19064362103578392,0.3600970388647718,96000.69347906113,1.0,1.0,0.0,0.0,0.0,0.0,2.0,1.0,0.0,0.0,0.0
3,4.0,"gate_out=self.randomly_select_exit(model,(self.combine(neighbourhood_count_exits,self.combine(neighbourhood_count_exits,compare_distance))))",0.18670994296312712,0.2518849707354865,96000.69347906113,1.0,2.0,1.0,0.0,0.0,0.0,2.0,1.0,0.0,0.0,0.0
3,4.0,"gate_out=self.randomly_select_exit(model,(self.combine(neighbourhood_count_exits,self.combine(self.subtract(neighbourhood_count_exits,similarity_by_gender),self.combine(compare_width,similarity_by_gender)))))",0.5176146875494457,0.5176146875494457,96000.69347906113,1.0,3.0,0.0,1.0,0.0,0.0,2.0,1.0,0.0,2.0,1.0
3,4.0,"gate_out=self.randomly_select_exit(model,(neighbourhood_count_exits))",0.1864509689526269,0.4273289353424337,96000.69347906113,1.0,0.0,0.0,0.0,0.0,0.0,1.0,1.0,0.0,0.0,0.0
3,4.0,"gate_out=self.randomly_select_exit(model,(self.combine(neighbourhood_count_exits,neighbourhood_count_exits)))",0.19064362103578392,0.3581127779420061,96000.69347906113,1.0,1.0,0.0,0.0,0.0,0.0,2.0,1.0,0.0,0.0,0.0
3,4.0,"gate_out=self.randomly_select_exit(model,(self.combine(neighbourhood_count_exits,compare_distance)))",0.18402643758529685,0.34879477922659496,96000.69347906113,1.0,1.0,1.0,0.0,0.0,0.0,1.0,1.0,0.0,0.0,0.0
3,4.0,"gate_out=self.randomly_select_exit(model,(self.combine(neighbourhood_count_exits,compare_distance)))",0.18402643758529685,0.2939454204283549,96000.69347906113,1.0,1.0,1.0,0.0,0.0,0.0,1.0,1.0,0.0,0.0,0.0
3,4.0,"gate_out=self.randomly_select_exit(model,(self.combine(compare_distance,compare_distance)))",0.19031742096021745,0.5280548664491226,96000.69347906113,1.0,1.0,2.0,0.0,0.0,0.0,0.0,1.0,0.0,0.0,0.0
3,4.0,"gate_out=self.randomly_select_exit(model,(self.combine(neighbourhood_count_exits,compare_distance)))",0.18402643758529685,0.2838863905952978,96000.69347906113,1.0,1.0,1.0,0.0,0.0,0.0,1.0,1.0,0.0,0.0,0.0
3,4.0,"gate_out=self.get_min_select_exit(model,(self.subtract(self.combine(similarity_by_gender,similarity_by_gender),self.subtract(neighbourhood_count_exits,neighbourhood_count_exits))))",0.5760010076085008,0.5760010076085008,96000.69347906113,1.0,1.0,0.0,0.0,0.0,1.0,2.0,0.0,0.0,2.0,2.0
3,4.0,"gate_out=self.randomly_select_exit(model,(self.combine(neighbourhood_count_exits,neighbourhood_count_exits)))",0.19064362103578392,0.2657874525084939,96000.69347906113,1.0,1.0,0.0,0.0,0.0,0.0,2.0,1.0,0.0,0.0,0.0
3,4.0,"gate_out=self.randomly_select_exit(model,(self.combine(neighbourhood_count_exits,compare_distance)))",0.18402643758529685,0.3435144251503059,96000.69347906113,1.0,1.0,1.0,0.0,0.0,0.0,1.0,1.0,0.0,0.0,0.0
3,4.0,"gate_out=self.randomly_select_exit(model,(self.combine(neighbourhood_count_exits,compare_distance)))",0.18402643758529685,0.2821825754215996,96000.69347906113,1.0,1.0,1.0,0.0,0.0,0.0,1.0,1.0,0.0,0.0,0.0
3,4.0,"gate_out=self.randomly_select_exit(model,(self.subtract(compare_width,neighbourhood_count_exits)))",0.5537505404823073,0.5537505404823073,96000.69347906113,1.0,0.0,0.0,1.0,0.0,0.0,1.0,1.0,0.0,0.0,1.0
3,4.0,"gate_out=self.randomly_select_exit(model,(self.combine(self.subtract(self.subtract(compare_width,compare_width),self.combine(similarity_by_age,compare_width)),compare_distance)))",0.4799079705413352,0.4799079705413352,96000.69347906113,1.0,2.0,1.0,3.0,0.0,0.0,0.0,1.0,1.0,0.0,2.0
3,4.0,"gate_out=self.randomly_select_exit(model,(compare_distance))",0.2269006185925318,0.2737298577037833,96000.69347906113,1.0,0.0,1.0,0.0,0.0,0.0,0.0,1.0,0.0,0.0,0.0
3,4.0,"gate_out=self.randomly_select_exit(model,(self.combine(neighbourhood_count_exits,self.combine(neighbourhood_count_exits,compare_distance))))",0.18670994296312712,0.31337459367988396,96000.69347906113,1.0,2.0,1.0,0.0,0.0,0.0,2.0,1.0,0.0,0.0,0.0
3,4.0,"gate_out=self.get_min_select_exit(model,(self.subtract(self.subtract(compare_width,compare_distance),self.subtract(similarity_by_age,similarity_by_age))))",0.5741001369008284,0.5741001369008284,96000.69347906113,1.0,0.0,1.0,1.0,0.0,1.0,0.0,0.0,2.0,0.0,3.0
3,4.0,"gate_out=self.randomly_select_exit(model,(self.combine(neighbourhood_count_exits,compare_distance)))",0.18402643758529685,0.2947248121147842,96000.69347906113,1.0,1.0,1.0,0.0,0.0,0.0,1.0,1.0,0.0,0.0,0.0
3,4.0,"gate_out=self.randomly_select_exit(model,(self.combine(compare_distance,compare_distance)))",0.19031742096021745,0.377609434278268,96000.69347906113,1.0,1.0,2.0,0.0,0.0,0.0,0.0,1.0,0.0,0.0,0.0
3,4.0,"gate_out=self.randomly_select_exit(model,(self.combine(neighbourhood_count_exits,neighbourhood_count_exits)))",0.19064362103578392,0.3468266028334273,96000.69347906113,1.0,1.0,0.0,0.0,0.0,0.0,2.0,1.0,0.0,0.0,0.0
3,4.0,"gate_out=self.randomly_select_exit(model,(self.combine(neighbourhood_count_exits,compare_distance)))",0.18402643758529685,0.2572853898101635,96000.69347906113,1.0,1.0,1.0,0.0,0.0,0.0,1.0,1.0,0.0,0.0,0.0
3,4.0,"gate_out=self.randomly_select_exit(model,(self.combine(neighbourhood_count_exits,compare_distance)))",0.18402643758529685,0.2875593373629812,96000.69347906113,1.0,1.0,1.0,0.0,0.0,0.0,1.0,1.0,0.0,0.0,0.0
3,4.0,"gate_out=self.randomly_select_exit(model,(neighbourhood_count_exits))",0.1864509689526269,0.19757362562320854,96000.69347906113,1.0,0.0,0.0,0.0,0.0,0.0,1.0,1.0,0.0,0.0,0.0
3,4.0,"gate_out=self.randomly_select_exit(model,(self.combine(self.combine(neighbourhood_count_exits,compare_distance),compare_distance)))",0.2345941267127693,0.3669428378629903,96000.69347906113,1.0,2.0,2.0,0.0,0.0,0.0,1.0,1.0,0.0,0.0,0.0
3,4.0,"gate_out=self.randomly_select_exit(model,(compare_distance))",0.2269006185925318,0.4890236769262385,96000.69347906113,1.0,0.0,1.0,0.0,0.0,0.0,0.0,1.0,0.0,0.0,0.0
3,4.0,"gate_out=self.randomly_select_exit(model,(self.combine(self.combine(compare_distance,compare_width),self.subtract(compare_distance,neighbourhood_count_exits))))",0.5553351512611011,0.5553351512611011,96000.69347906113,1.0,2.0,2.0,1.0,0.0,0.0,1.0,1.0,0.0,0.0,1.0
3,4.0,"gate_out=self.randomly_select_exit(model,(self.combine(neighbourhood_count_exits,compare_distance)))",0.18402643758529685,0.2475224509744191,96000.69347906113,1.0,1.0,1.0,0.0,0.0,0.0,1.0,1.0,0.0,0.0,0.0
3,4.0,"gate_out=self.randomly_select_exit(model,(self.combine(neighbourhood_count_exits,compare_distance)))",0.18402643758529685,0.2608532807520515,96000.69347906113,1.0,1.0,1.0,0.0,0.0,0.0,1.0,1.0,0.0,0.0,0.0
3,4.0,"gate_out=self.randomly_select_exit(model,(self.combine(neighbourhood_count_exits,self.combine(neighbourhood_count_exits,compare_distance))))",0.18670994296312712,0.22222357089510336,96000.69347906113,1.0,2.0,1.0,0.0,0.0,0.0,2.0,1.0,0.0,0.0,0.0
3,5.0,"gate_out=self.randomly_select_exit(model,(self.combine(neighbourhood_count_exits,compare_distance)))",0.18402643758529685,0.21307671823771052,98674.89589881897,1.0,1.0,1.0,0.0,0.0,0.0,1.0,1.0,0.0,0.0,0.0
3,5.0,"gate_out=self.randomly_select_exit(model,(self.combine(neighbourhood_count_exits,self.combine(self.subtract(neighbourhood_count_exits,self.subtract(similarity_by_age,neighbourhood_count_exits)),self.combine(self.subtract(similarity_by_age,compare_distance),similarity_by_age)))))",0.2649074667291225,0.2649074667291225,98674.89589881897,1.0,3.0,1.0,0.0,0.0,0.0,3.0,1.0,3.0,0.0,3.0
3,5.0,"gate_out=self.randomly_select_exit(model,(neighbourhood_count_exits))",0.1864509689526269,0.2370523213438981,98674.89589881897,1.0,0.0,0.0,0.0,0.0,0.0,1.0,1.0,0.0,0.0,0.0
3,5.0,"gate_out=self.get_min_select_exit(model,(self.subtract(self.combine(similarity_by_gender,compare_width),compare_distance)))",0.5756197854402791,0.5756197854402791,98674.89589881897,1.0,1.0,1.0,1.0,0.0,1.0,0.0,0.0,0.0,1.0,1.0
3,5.0,"gate_out=self.randomly_select_exit(model,(self.combine(neighbourhood_count_exits,compare_distance)))",0.18402643758529685,0.3314346104328197,98674.89589881897,1.0,1.0,1.0,0.0,0.0,0.0,1.0,1.0,0.0,0.0,0.0
3,5.0,"gate_out=self.randomly_select_exit(model,(self.combine(neighbourhood_count_exits,compare_distance)))",0.18402643758529685,0.3528634519056164,98674.89589881897,1.0,1.0,1.0,0.0,0.0,0.0,1.0,1.0,0.0,0.0,0.0
3,5.0,"gate_out=self.randomly_select_exit(model,(neighbourhood_count_exits))",0.1864509689526269,0.2315099805072366,98674.89589881897,1.0,0.0,0.0,0.0,0.0,0.0,1.0,1.0,0.0,0.0,0.0
3,5.0,"gate_out=self.randomly_select_exit(model,(self.combine(neighbourhood_count_exits,compare_distance)))",0.18402643758529685,0.408252720452604,98674.89589881897,1.0,1.0,1.0,0.0,0.0,0.0,1.0,1.0,0.0,0.0,0.0
3,5.0,"gate_out=self.randomly_select_exit(model,(self.combine(neighbourhood_count_exits,self.combine(neighbourhood_count_exits,compare_distance))))",0.18670994296312712,0.3244897782413415,98674.89589881897,1.0,2.0,1.0,0.0,0.0,0.0,2.0,1.0,0.0,0.0,0.0
3,5.0,"gate_out=self.randomly_select_exit(model,(self.subtract(similarity_by_gender,neighbourhood_count_exits)))",0.5496359331740127,0.5496359331740127,98674.89589881897,1.0,0.0,0.0,0.0,0.0,0.0,1.0,1.0,0.0,1.0,1.0
3,5.0,"gate_out=self.randomly_select_exit(model,(compare_distance))",0.2269006185925318,0.4977409920513474,98674.89589881897,1.0,0.0,1.0,0.0,0.0,0.0,0.0,1.0,0.0,0.0,0.0
3,5.0,"gate_out=self.randomly_select_exit(model,(self.combine(neighbourhood_count_exits,self.combine(neighbourhood_count_exits,compare_distance))))",0.18670994296312712,0.3270982998995691,98674.89589881897,1.0,2.0,1.0,0.0,0.0,0.0,2.0,1.0,0.0,0.0,0.0
3,5.0,"gate_out=self.get_min_select_exit(model,(self.subtract(similarity_by_age,compare_width)))",0.5753564659341737,0.5753564659341737,98674.89589881897,1.0,0.0,0.0,1.0,0.0,1.0,0.0,0.0,1.0,0.0,1.0
3,5.0,"gate_out=self.randomly_select_exit(model,(self.combine(neighbourhood_count_exits,self.combine(neighbourhood_count_exits,compare_distance))))",0.18670994296312712,0.3003046461549906,98674.89589881897,1.0,2.0,1.0,0.0,0.0,0.0,2.0,1.0,0.0,0.0,0.0
3,5.0,"gate_out=self.randomly_select_exit(model,(self.combine(neighbourhood_count_exits,compare_distance)))",0.18402643758529685,0.22971091883940326,98674.89589881897,1.0,1.0,1.0,0.0,0.0,0.0,1.0,1.0,0.0,0.0,0.0
3,5.0,"gate_out=self.randomly_select_exit(model,(self.combine(neighbourhood_count_exits,compare_distance)))",0.18402643758529685,0.35810946161308804,98674.89589881897,1.0,1.0,1.0,0.0,0.0,0.0,1.0,1.0,0.0,0.0,0.0
3,5.0,"gate_out=self.randomly_select_exit(model,(self.combine(neighbourhood_count_exits,compare_distance)))",0.18402643758529685,0.2593279407299209,98674.89589881897,1.0,1.0,1.0,0.0,0.0,0.0,1.0,1.0,0.0,0.0,0.0
3,5.0,"gate_out=self.randomly_select_exit(model,(self.combine(neighbourhood_count_exits,compare_distance)))",0.18402643758529685,0.1969967940588305,98674.89589881897,1.0,1.0,1.0,0.0,0.0,0.0,1.0,1.0,0.0,0.0,0.0
3,5.0,"gate_out=self.randomly_select_exit(model,(self.combine(neighbourhood_count_exits,neighbourhood_count_exits)))",0.19064362103578392,0.25550188428911746,98674.89589881897,1.0,1.0,0.0,0.0,0.0,0.0,2.0,1.0,0.0,0.0,0.0
3,5.0,"gate_out=self.randomly_select_exit(model,(compare_distance))",0.2269006185925318,0.2603116840805583,98674.89589881897,1.0,0.0,1.0,0.0,0.0,0.0,0.0,1.0,0.0,0.0,0.0
3,5.0,"gate_out=self.randomly_select_exit(model,(self.combine(neighbourhood_count_exits,compare_distance)))",0.18402643758529685,0.2866817049723055,98674.89589881897,1.0,1.0,1.0,0.0,0.0,0.0,1.0,1.0,0.0,0.0,0.0
3,5.0,"gate_out=self.randomly_select_exit(model,(self.combine(neighbourhood_count_exits,compare_distance)))",0.18402643758529685,0.365877817829955,98674.89589881897,1.0,1.0,1.0,0.0,0.0,0.0,1.0,1.0,0.0,0.0,0.0
3,5.0,"gate_out=self.randomly_select_exit(model,(self.combine(neighbourhood_count_exits,compare_distance)))",0.18402643758529685,0.2584498573055421,98674.89589881897,1.0,1.0,1.0,0.0,0.0,0.0,1.0,1.0,0.0,0.0,0.0
3,5.0,"gate_out=self.randomly_select_exit(model,(self.combine(neighbourhood_count_exits,compare_distance)))",0.18402643758529685,0.3112657065245833,98674.89589881897,1.0,1.0,1.0,0.0,0.0,0.0,1.0,1.0,0.0,0.0,0.0
3,5.0,"gate_out=self.randomly_select_exit(model,(self.combine(self.combine(neighbourhood_count_exits,compare_distance),compare_distance)))",0.2345941267127693,0.38893674056039296,98674.89589881897,1.0,2.0,2.0,0.0,0.0,0.0,1.0,1.0,0.0,0.0,0.0
3,5.0,"gate_out=self.randomly_select_exit(model,(self.combine(neighbourhood_count_exits,compare_distance)))",0.18402643758529685,0.3091321720094824,98674.89589881897,1.0,1.0,1.0,0.0,0.0,0.0,1.0,1.0,0.0,0.0,0.0
3,5.0,"gate_out=self.randomly_select_exit(model,(self.combine(neighbourhood_count_exits,compare_distance)))",0.18402643758529685,0.35399714409990796,98674.89589881897,1.0,1.0,1.0,0.0,0.0,0.0,1.0,1.0,0.0,0.0,0.0
3,5.0,"gate_out=self.randomly_select_exit(model,(self.combine(neighbourhood_count_exits,compare_distance)))",0.18402643758529685,0.3267161551042236,98674.89589881897,1.0,1.0,1.0,0.0,0.0,0.0,1.0,1.0,0.0,0.0,0.0
3,5.0,"gate_out=self.randomly_select_exit(model,(self.combine(neighbourhood_count_exits,neighbourhood_count_exits)))",0.19064362103578392,0.3133632786636713,98674.89589881897,1.0,1.0,0.0,0.0,0.0,0.0,2.0,1.0,0.0,0.0,0.0
3,5.0,"gate_out=self.get_max_select_exit(model,(self.subtract(neighbourhood_count_exits,similarity_by_age)))",0.5770106330343366,0.5770106330343366,98674.89589881897,1.0,0.0,0.0,0.0,1.0,0.0,1.0,0.0,1.0,0.0,1.0
3,5.0,"gate_out=self.randomly_select_exit(model,(neighbourhood_count_exits))",0.1864509689526269,0.3262913617720227,98674.89589881897,1.0,0.0,0.0,0.0,0.0,0.0,1.0,1.0,0.0,0.0,0.0
3,5.0,"gate_out=self.get_max_select_exit(model,(self.subtract(compare_width,self.subtract(compare_distance,compare_width))))",0.5749281170053636,0.5749281170053636,98674.89589881897,1.0,0.0,1.0,2.0,1.0,0.0,0.0,0.0,0.0,0.0,2.0
3,5.0,"gate_out=self.randomly_select_exit(model,(self.combine(neighbourhood_count_exits,compare_distance)))",0.18402643758529685,0.24782099155305226,98674.89589881897,1.0,1.0,1.0,0.0,0.0,0.0,1.0,1.0,0.0,0.0,0.0
3,5.0,"gate_out=self.randomly_select_exit(model,(self.combine(neighbourhood_count_exits,compare_distance)))",0.18402643758529685,0.2650484619425747,98674.89589881897,1.0,1.0,1.0,0.0,0.0,0.0,1.0,1.0,0.0,0.0,0.0
3,5.0,"gate_out=self.randomly_select_exit(model,(self.combine(neighbourhood_count_exits,compare_distance)))",0.18402643758529685,0.3701192015279525,98674.89589881897,1.0,1.0,1.0,0.0,0.0,0.0,1.0,1.0,0.0,0.0,0.0
3,6.0,"gate_out=self.randomly_select_exit(model,(self.combine(compare_distance,compare_width)))",0.5513748326587848,0.5513748326587848,101580.37791872023,1.0,1.0,1.0,1.0,0.0,0.0,0.0,1.0,0.0,0.0,0.0
3,6.0,"gate_out=self.randomly_select_exit(model,(self.combine(neighbourhood_count_exits,compare_distance)))",0.18402643758529685,0.2747401918262803,101580.37791872023,1.0,1.0,1.0,0.0,0.0,0.0,1.0,1.0,0.0,0.0,0.0
3,6.0,"gate_out=self.randomly_select_exit(model,(self.combine(neighbourhood_count_exits,compare_distance)))",0.18402643758529685,0.33979483827420803,101580.37791872023,1.0,1.0,1.0,0.0,0.0,0.0,1.0,1.0,0.0,0.0,0.0
3,6.0,"gate_out=self.randomly_select_exit(model,(similarity_by_age))",0.2975115523237419,0.2975115523237419,101580.37791872023,1.0,0.0,0.0,0.0,0.0,0.0,0.0,1.0,1.0,0.0,0.0
3,6.0,"gate_out=self.randomly_select_exit(model,(self.combine(neighbourhood_count_exits,self.combine(neighbourhood_count_exits,compare_distance))))",0.18670994296312712,0.21341944592625892,101580.37791872023,1.0,2.0,1.0,0.0,0.0,0.0,2.0,1.0,0.0,0.0,0.0
3,6.0,"gate_out=self.randomly_select_exit(model,(self.combine(neighbourhood_count_exits,compare_distance)))",0.18402643758529685,0.27389895602404624,101580.37791872023,1.0,1.0,1.0,0.0,0.0,0.0,1.0,1.0,0.0,0.0,0.0
3,6.0,"gate_out=self.randomly_select_exit(model,(self.combine(neighbourhood_count_exits,compare_distance)))",0.18402643758529685,0.3410505627323064,101580.37791872023,1.0,1.0,1.0,0.0,0.0,0.0,1.0,1.0,0.0,0.0,0.0
3,6.0,"gate_out=self.randomly_select_exit(model,(self.combine(neighbourhood_count_exits,compare_distance)))",0.18402643758529685,0.2560823948694489,101580.37791872023,1.0,1.0,1.0,0.0,0.0,0.0,1.0,1.0,0.0,0.0,0.0
3,6.0,"gate_out=self.randomly_select_exit(model,(self.combine(neighbourhood_count_exits,compare_distance)))",0.18402643758529685,0.2860794383550054,101580.37791872023,1.0,1.0,1.0,0.0,0.0,0.0,1.0,1.0,0.0,0.0,0.0
3,6.0,"gate_out=self.randomly_select_exit(model,(self.combine(neighbourhood_count_exits,self.subtract(self.combine(compare_width,neighbourhood_count_exits),self.subtract(neighbourhood_count_exits,similarity_by_gender)))))",0.5493052652900563,0.5493052652900563,101580.37791872023,1.0,2.0,0.0,1.0,0.0,0.0,3.0,1.0,0.0,1.0,2.0
3,6.0,"gate_out=self.randomly_select_exit(model,(self.combine(neighbourhood_count_exits,compare_distance)))",0.18402643758529685,0.19896442717291052,101580.37791872023,1.0,1.0,1.0,0.0,0.0,0.0,1.0,1.0,0.0,0.0,0.0
3,6.0,"gate_out=self.randomly_select_exit(model,(self.combine(neighbourhood_count_exits,compare_distance)))",0.18402643758529685,0.29647734648601043,101580.37791872023,1.0,1.0,1.0,0.0,0.0,0.0,1.0,1.0,0.0,0.0,0.0
3,6.0,"gate_out=self.randomly_select_exit(model,(self.combine(neighbourhood_count_exits,compare_distance)))",0.18402643758529685,0.2938472718971634,101580.37791872023,1.0,1.0,1.0,0.0,0.0,0.0,1.0,1.0,0.0,0.0,0.0
3,6.0,"gate_out=self.randomly_select_exit(model,(self.combine(neighbourhood_count_exits,compare_distance)))",0.18402643758529685,0.2669151372149383,101580.37791872023,1.0,1.0,1.0,0.0,0.0,0.0,1.0,1.0,0.0,0.0,0.0
3,6.0,"gate_out=self.randomly_select_exit(model,(self.combine(neighbourhood_count_exits,compare_distance)))",0.18402643758529685,0.3299799021172862,101580.37791872023,1.0,1.0,1.0,0.0,0.0,0.0,1.0,1.0,0.0,0.0,0.0
3,6.0,"gate_out=self.randomly_select_exit(model,(self.combine(neighbourhood_count_exits,compare_distance)))",0.18402643758529685,0.2950535491094311,101580.37791872023,1.0,1.0,1.0,0.0,0.0,0.0,1.0,1.0,0.0,0.0,0.0
3,6.0,"gate_out=self.randomly_select_exit(model,(self.combine(neighbourhood_count_exits,compare_distance)))",0.18402643758529685,0.3711110829370077,101580.37791872023,1.0,1.0,1.0,0.0,0.0,0.0,1.0,1.0,0.0,0.0,0.0
3,6.0,"gate_out=self.randomly_select_exit(model,(self.combine(neighbourhood_count_exits,compare_distance)))",0.18402643758529685,0.34721569445875355,101580.37791872023,1.0,1.0,1.0,0.0,0.0,0.0,1.0,1.0,0.0,0.0,0.0
3,6.0,"gate_out=self.randomly_select_exit(model,(neighbourhood_count_exits))",0.1864509689526269,0.2603254786308216,101580.37791872023,1.0,0.0,0.0,0.0,0.0,0.0,1.0,1.0,0.0,0.0,0.0
3,6.0,"gate_out=self.randomly_select_exit(model,(self.combine(self.combine(neighbourhood_count_exits,compare_distance),compare_distance)))",0.2345941267127693,0.2687324183975365,101580.37791872023,1.0,2.0,2.0,0.0,0.0,0.0,1.0,1.0,0.0,0.0,0.0
3,6.0,"gate_out=self.randomly_select_exit(model,(self.combine(neighbourhood_count_exits,compare_distance)))",0.18402643758529685,0.2798704488124406,101580.37791872023,1.0,1.0,1.0,0.0,0.0,0.0,1.0,1.0,0.0,0.0,0.0
3,6.0,"gate_out=self.randomly_select_exit(model,(self.combine(neighbourhood_count_exits,compare_distance)))",0.18402643758529685,0.34593148194967915,101580.37791872023,1.0,1.0,1.0,0.0,0.0,0.0,1.0,1.0,0.0,0.0,0.0
3,6.0,"gate_out=self.randomly_select_exit(model,(self.combine(neighbourhood_count_exits,compare_distance)))",0.18402643758529685,0.2554208593616057,101580.37791872023,1.0,1.0,1.0,0.0,0.0,0.0,1.0,1.0,0.0,0.0,0.0
3,6.0,"gate_out=self.randomly_select_exit(model,(self.combine(neighbourhood_count_exits,self.combine(self.subtract(compare_width,compare_width),self.combine(similarity_by_age,similarity_by_age)))))",0.29558295892907216,0.29558295892907216,101580.37791872023,1.0,3.0,0.0,2.0,0.0,0.0,1.0,1.0,2.0,0.0,1.0
3,6.0,"gate_out=self.randomly_select_exit(model,(self.combine(neighbourhood_count_exits,compare_distance)))",0.18402643758529685,0.3293716631233754,101580.37791872023,1.0,1.0,1.0,0.0,0.0,0.0,1.0,1.0,0.0,0.0,0.0
3,6.0,"gate_out=self.randomly_select_exit(model,(self.combine(neighbourhood_count_exits,compare_distance)))",0.18402643758529685,0.2134495328652033,101580.37791872023,1.0,1.0,1.0,0.0,0.0,0.0,1.0,1.0,0.0,0.0,0.0
3,6.0,"gate_out=self.randomly_select_exit(model,(self.combine(neighbourhood_count_exits,compare_distance)))",0.18402643758529685,0.2292799442573075,101580.37791872023,1.0,1.0,1.0,0.0,0.0,0.0,1.0,1.0,0.0,0.0,0.0
3,6.0,"gate_out=self.randomly_select_exit(model,(self.combine(neighbourhood_count_exits,compare_distance)))",0.18402643758529685,0.2858984026367259,101580.37791872023,1.0,1.0,1.0,0.0,0.0,0.0,1.0,1.0,0.0,0.0,0.0
3,6.0,"gate_out=self.randomly_select_exit(model,(compare_distance))",0.2269006185925318,0.4434552988725463,101580.37791872023,1.0,0.0,1.0,0.0,0.0,0.0,0.0,1.0,0.0,0.0,0.0
3,6.0,"gate_out=self.randomly_select_exit(model,(self.combine(neighbourhood_count_exits,compare_distance)))",0.18402643758529685,0.34439117536598224,101580.37791872023,1.0,1.0,1.0,0.0,0.0,0.0,1.0,1.0,0.0,0.0,0.0
3,6.0,"gate_out=self.get_max_select_exit(model,(similarity_by_age))",0.5734930537629999,0.5737636455154977,101580.37791872023,1.0,0.0,0.0,0.0,1.0,0.0,0.0,0.0,1.0,0.0,0.0
3,6.0,"gate_out=self.randomly_select_exit(model,(self.combine(neighbourhood_count_exits,compare_distance)))",0.18402643758529685,0.2972031934349953,101580.37791872023,1.0,1.0,1.0,0.0,0.0,0.0,1.0,1.0,0.0,0.0,0.0
3,6.0,"gate_out=self.randomly_select_exit(model,(self.combine(neighbourhood_count_exits,compare_distance)))",0.18402643758529685,0.3473831293919154,101580.37791872023,1.0,1.0,1.0,0.0,0.0,0.0,1.0,1.0,0.0,0.0,0.0
3,6.0,"gate_out=self.randomly_select_exit(model,(self.combine(neighbourhood_count_exits,compare_distance)))",0.18402643758529685,0.39315573737797016,101580.37791872023,1.0,1.0,1.0,0.0,0.0,0.0,1.0,1.0,0.0,0.0,0.0
3,6.0,"gate_out=self.randomly_select_exit(model,(self.combine(neighbourhood_count_exits,compare_distance)))",0.18402643758529685,0.2891840627482226,101580.37791872023,1.0,1.0,1.0,0.0,0.0,0.0,1.0,1.0,0.0,0.0,0.0
3,7.0,"gate_out=self.randomly_select_exit(model,(self.combine(neighbourhood_count_exits,compare_distance)))",0.18402643758529685,0.36473231349109103,104449.76714992523,1.0,1.0,1.0,0.0,0.0,0.0,1.0,1.0,0.0,0.0,0.0
3,7.0,"gate_out=self.randomly_select_exit(model,(self.combine(neighbourhood_count_exits,compare_distance)))",0.18402643758529685,0.27146855992294744,104449.76714992523,1.0,1.0,1.0,0.0,0.0,0.0,1.0,1.0,0.0,0.0,0.0
3,7.0,"gate_out=self.randomly_select_exit(model,(self.combine(neighbourhood_count_exits,compare_distance)))",0.18402643758529685,0.2924595235337786,104449.76714992523,1.0,1.0,1.0,0.0,0.0,0.0,1.0,1.0,0.0,0.0,0.0
3,7.0,"gate_out=self.randomly_select_exit(model,(self.combine(neighbourhood_count_exits,compare_distance)))",0.18402643758529685,0.4134038805829959,104449.76714992523,1.0,1.0,1.0,0.0,0.0,0.0,1.0,1.0,0.0,0.0,0.0
3,7.0,"gate_out=self.randomly_select_exit(model,(self.combine(self.subtract(neighbourhood_count_exits,neighbourhood_count_exits),self.subtract(similarity_by_age,compare_width))))",0.5535735828874814,0.5535735828874814,104449.76714992523,1.0,1.0,0.0,1.0,0.0,0.0,2.0,1.0,1.0,0.0,2.0
3,7.0,"gate_out=self.randomly_select_exit(model,(self.combine(neighbourhood_count_exits,compare_distance)))",0.18402643758529685,0.2549627893566225,104449.76714992523,1.0,1.0,1.0,0.0,0.0,0.0,1.0,1.0,0.0,0.0,0.0
3,7.0,"gate_out=self.randomly_select_exit(model,(self.combine(neighbourhood_count_exits,compare_distance)))",0.18402643758529685,0.27908828213127623,104449.76714992523,1.0,1.0,1.0,0.0,0.0,0.0,1.0,1.0,0.0,0.0,0.0
3,7.0,"gate_out=self.randomly_select_exit(model,(self.combine(neighbourhood_count_exits,compare_distance)))",0.18402643758529685,0.3377162769895701,104449.76714992523,1.0,1.0,1.0,0.0,0.0,0.0,1.0,1.0,0.0,0.0,0.0
3,7.0,"gate_out=self.randomly_select_exit(model,(self.combine(neighbourhood_count_exits,compare_distance)))",0.18402643758529685,0.3573495451918094,104449.76714992523,1.0,1.0,1.0,0.0,0.0,0.0,1.0,1.0,0.0,0.0,0.0
3,7.0,"gate_out=self.randomly_select_exit(model,(self.subtract(compare_distance,compare_distance)))",0.2937390720920659,0.3288077941058695,104449.76714992523,1.0,0.0,2.0,0.0,0.0,0.0,0.0,1.0,0.0,0.0,1.0
3,7.0,"gate_out=self.randomly_select_exit(model,(self.combine(neighbourhood_count_exits,compare_distance)))",0.18402643758529685,0.23079389122033084,104449.76714992523,1.0,1.0,1.0,0.0,0.0,0.0,1.0,1.0,0.0,0.0,0.0
3,7.0,"gate_out=self.randomly_select_exit(model,(self.combine(neighbourhood_count_exits,compare_distance)))",0.18402643758529685,0.31797023629536425,104449.76714992523,1.0,1.0,1.0,0.0,0.0,0.0,1.0,1.0,0.0,0.0,0.0
3,7.0,"gate_out=self.randomly_select_exit(model,(self.combine(self.combine(self.subtract(compare_distance,self.combine(similarity_by_gender,neighbourhood_count_exits)),self.subtract(compare_distance,self.subtract(neighbourhood_count_exits,compare_distance))),compare_distance)))",0.5507348912606561,0.5507348912606561,104449.76714992523,1.0,3.0,4.0,0.0,0.0,0.0,2.0,1.0,0.0,1.0,3.0
3,7.0,"gate_out=self.randomly_select_exit(model,(self.combine(neighbourhood_count_exits,compare_distance)))",0.18402643758529685,0.34202899469181425,104449.76714992523,1.0,1.0,1.0,0.0,0.0,0.0,1.0,1.0,0.0,0.0,0.0
3,7.0,"gate_out=self.randomly_select_exit(model,(self.combine(neighbourhood_count_exits,compare_distance)))",0.18402643758529685,0.32095150207422724,104449.76714992523,1.0,1.0,1.0,0.0,0.0,0.0,1.0,1.0,0.0,0.0,0.0
3,7.0,"gate_out=self.randomly_select_exit(model,(self.combine(neighbourhood_count_exits,compare_distance)))",0.18402643758529685,0.22683750664236485,104449.76714992523,1.0,1.0,1.0,0.0,0.0,0.0,1.0,1.0,0.0,0.0,0.0
3,7.0,"gate_out=self.randomly_select_exit(model,(self.combine(neighbourhood_count_exits,compare_distance)))",0.18402643758529685,0.27889425206387336,104449.76714992523,1.0,1.0,1.0,0.0,0.0,0.0,1.0,1.0,0.0,0.0,0.0
3,7.0,"gate_out=self.randomly_select_exit(model,(self.combine(neighbourhood_count_exits,self.combine(neighbourhood_count_exits,compare_distance))))",0.18670994296312712,0.23525187076910525,104449.76714992523,1.0,2.0,1.0,0.0,0.0,0.0,2.0,1.0,0.0,0.0,0.0
3,7.0,"gate_out=self.randomly_select_exit(model,(self.combine(neighbourhood_count_exits,compare_distance)))",0.18402643758529685,0.27144757530942176,104449.76714992523,1.0,1.0,1.0,0.0,0.0,0.0,1.0,1.0,0.0,0.0,0.0
3,7.0,"gate_out=self.randomly_select_exit(model,(self.combine(neighbourhood_count_exits,compare_distance)))",0.18402643758529685,0.2830690874545499,104449.76714992523,1.0,1.0,1.0,0.0,0.0,0.0,1.0,1.0,0.0,0.0,0.0
3,7.0,"gate_out=self.randomly_select_exit(model,(self.combine(neighbourhood_count_exits,compare_distance)))",0.18402643758529685,0.22418632500344726,104449.76714992523,1.0,1.0,1.0,0.0,0.0,0.0,1.0,1.0,0.0,0.0,0.0
3,7.0,"gate_out=self.randomly_select_exit(model,(self.combine(neighbourhood_count_exits,compare_distance)))",0.18402643758529685,0.34284749975823875,104449.76714992523,1.0,1.0,1.0,0.0,0.0,0.0,1.0,1.0,0.0,0.0,0.0
3,7.0,"gate_out=self.randomly_select_exit(model,(self.combine(neighbourhood_count_exits,neighbourhood_count_exits)))",0.19064362103578392,0.3196840510420866,104449.76714992523,1.0,1.0,0.0,0.0,0.0,0.0,2.0,1.0,0.0,0.0,0.0
3,7.0,"gate_out=self.randomly_select_exit(model,(self.combine(compare_distance,compare_distance)))",0.19031742096021745,0.5064483553770939,104449.76714992523,1.0,1.0,2.0,0.0,0.0,0.0,0.0,1.0,0.0,0.0,0.0
3,7.0,"gate_out=self.randomly_select_exit(model,(self.combine(neighbourhood_count_exits,compare_distance)))",0.18402643758529685,0.3758358573802692,104449.76714992523,1.0,1.0,1.0,0.0,0.0,0.0,1.0,1.0,0.0,0.0,0.0
3,7.0,"gate_out=self.randomly_select_exit(model,(self.combine(neighbourhood_count_exits,compare_distance)))",0.18402643758529685,0.212822090446558,104449.76714992523,1.0,1.0,1.0,0.0,0.0,0.0,1.0,1.0,0.0,0.0,0.0
3,7.0,"gate_out=self.randomly_select_exit(model,(self.combine(self.combine(neighbourhood_count_exits,compare_distance),self.combine(self.combine(compare_distance,neighbourhood_count_exits),self.subtract(neighbourhood_count_exits,neighbourhood_count_exits)))))",0.2048738635026807,0.2048738635026807,104449.76714992523,1.0,4.0,2.0,0.0,0.0,0.0,4.0,1.0,0.0,0.0,1.0
3,7.0,"gate_out=self.randomly_select_exit(model,(neighbourhood_count_exits))",0.1864509689526269,0.34900084626294303,104449.76714992523,1.0,0.0,0.0,0.0,0.0,0.0,1.0,1.0,0.0,0.0,0.0
3,7.0,"gate_out=self.randomly_select_exit(model,(self.combine(neighbourhood_count_exits,compare_distance)))",0.18402643758529685,0.3685495792725041,104449.76714992523,1.0,1.0,1.0,0.0,0.0,0.0,1.0,1.0,0.0,0.0,0.0
3,7.0,"gate_out=self.randomly_select_exit(model,(self.combine(neighbourhood_count_exits,compare_distance)))",0.18402643758529685,0.3545867127430273,104449.76714992523,1.0,1.0,1.0,0.0,0.0,0.0,1.0,1.0,0.0,0.0,0.0
3,7.0,"gate_out=self.get_max_select_exit(model,(compare_width))",0.5717347242836932,0.5737738085628173,104449.76714992523,1.0,0.0,0.0,1.0,1.0,0.0,0.0,0.0,0.0,0.0,0.0
3,7.0,"gate_out=self.randomly_select_exit(model,(self.combine(neighbourhood_count_exits,neighbourhood_count_exits)))",0.19064362103578392,0.3098175174226362,104449.76714992523,1.0,1.0,0.0,0.0,0.0,0.0,2.0,1.0,0.0,0.0,0.0
3,7.0,"gate_out=self.randomly_select_exit(model,(compare_distance))",0.2269006185925318,0.4047674111620228,104449.76714992523,1.0,0.0,1.0,0.0,0.0,0.0,0.0,1.0,0.0,0.0,0.0
3,7.0,"gate_out=self.randomly_select_exit(model,(self.combine(neighbourhood_count_exits,self.combine(neighbourhood_count_exits,compare_distance))))",0.18670994296312712,0.2979029037508081,104449.76714992523,1.0,2.0,1.0,0.0,0.0,0.0,2.0,1.0,0.0,0.0,0.0
3,7.0,"gate_out=self.randomly_select_exit(model,(self.combine(neighbourhood_count_exits,compare_distance)))",0.18402643758529685,0.2148157741761808,104449.76714992523,1.0,1.0,1.0,0.0,0.0,0.0,1.0,1.0,0.0,0.0,0.0
3,8.0,"gate_out=self.randomly_select_exit(model,(self.combine(self.combine(neighbourhood_count_exits,compare_distance),compare_distance)))",0.2345941267127693,0.3252688287791892,107389.58669376373,1.0,2.0,2.0,0.0,0.0,0.0,1.0,1.0,0.0,0.0,0.0
3,8.0,"gate_out=self.randomly_select_exit(model,(neighbourhood_count_exits))",0.1864509689526269,0.30671724369056025,107389.58669376373,1.0,0.0,0.0,0.0,0.0,0.0,1.0,1.0,0.0,0.0,0.0
3,8.0,"gate_out=self.randomly_select_exit(model,(self.combine(neighbourhood_count_exits,compare_distance)))",0.18402643758529685,0.2861863634254983,107389.58669376373,1.0,1.0,1.0,0.0,0.0,0.0,1.0,1.0,0.0,0.0,0.0
3,8.0,"gate_out=self.randomly_select_exit(model,(self.combine(neighbourhood_count_exits,compare_distance)))",0.18402643758529685,0.26305560254579297,107389.58669376373,1.0,1.0,1.0,0.0,0.0,0.0,1.0,1.0,0.0,0.0,0.0
3,8.0,"gate_out=self.randomly_select_exit(model,(self.combine(neighbourhood_count_exits,compare_distance)))",0.18402643758529685,0.2948578981428589,107389.58669376373,1.0,1.0,1.0,0.0,0.0,0.0,1.0,1.0,0.0,0.0,0.0
3,8.0,"gate_out=self.randomly_select_exit(model,(self.combine(neighbourhood_count_exits,compare_distance)))",0.18402643758529685,0.4068277312562558,107389.58669376373,1.0,1.0,1.0,0.0,0.0,0.0,1.0,1.0,0.0,0.0,0.0
3,8.0,"gate_out=self.randomly_select_exit(model,(self.combine(neighbourhood_count_exits,compare_distance)))",0.18402643758529685,0.4110033612750338,107389.58669376373,1.0,1.0,1.0,0.0,0.0,0.0,1.0,1.0,0.0,0.0,0.0
3,8.0,"gate_out=self.randomly_select_exit(model,(self.combine(neighbourhood_count_exits,compare_distance)))",0.18402643758529685,0.22039182534071527,107389.58669376373,1.0,1.0,1.0,0.0,0.0,0.0,1.0,1.0,0.0,0.0,0.0
3,8.0,"gate_out=self.randomly_select_exit(model,(self.combine(neighbourhood_count_exits,compare_distance)))",0.18402643758529685,0.25840865181792816,107389.58669376373,1.0,1.0,1.0,0.0,0.0,0.0,1.0,1.0,0.0,0.0,0.0
3,8.0,"gate_out=self.randomly_select_exit(model,(self.combine(neighbourhood_count_exits,compare_distance)))",0.18402643758529685,0.3603288769140175,107389.58669376373,1.0,1.0,1.0,0.0,0.0,0.0,1.0,1.0,0.0,0.0,0.0
3,8.0,"gate_out=self.randomly_select_exit(model,(self.combine(neighbourhood_count_exits,compare_distance)))",0.18402643758529685,0.2423623405771747,107389.58669376373,1.0,1.0,1.0,0.0,0.0,0.0,1.0,1.0,0.0,0.0,0.0
3,8.0,"gate_out=self.randomly_select_exit(model,(self.combine(neighbourhood_count_exits,compare_distance)))",0.18402643758529685,0.3423343217593585,107389.58669376373,1.0,1.0,1.0,0.0,0.0,0.0,1.0,1.0,0.0,0.0,0.0
3,8.0,"gate_out=self.randomly_select_exit(model,(compare_width))",0.5511249100917128,0.5513605707800341,107389.58669376373,1.0,0.0,0.0,1.0,0.0,0.0,0.0,1.0,0.0,0.0,0.0
3,8.0,"gate_out=self.randomly_select_exit(model,(self.combine(neighbourhood_count_exits,self.combine(neighbourhood_count_exits,compare_distance))))",0.18670994296312712,0.26328500521882986,107389.58669376373,1.0,2.0,1.0,0.0,0.0,0.0,2.0,1.0,0.0,0.0,0.0
3,8.0,"gate_out=self.randomly_select_exit(model,(self.subtract(self.combine(self.subtract(similarity_by_gender,similarity_by_gender),compare_width),self.combine(self.subtract(neighbourhood_count_exits,similarity_by_gender),neighbourhood_count_exits))))",0.5541958859857368,0.5541958859857368,107389.58669376373,1.0,2.0,0.0,1.0,0.0,0.0,2.0,1.0,0.0,3.0,3.0
3,8.0,"gate_out=self.randomly_select_exit(model,(self.combine(neighbourhood_count_exits,compare_distance)))",0.18402643758529685,0.3901779698887855,107389.58669376373,1.0,1.0,1.0,0.0,0.0,0.0,1.0,1.0,0.0,0.0,0.0
3,8.0,"gate_out=self.randomly_select_exit(model,(self.combine(neighbourhood_count_exits,compare_distance)))",0.18402643758529685,0.4134273667693293,107389.58669376373,1.0,1.0,1.0,0.0,0.0,0.0,1.0,1.0,0.0,0.0,0.0
3,8.0,"gate_out=self.randomly_select_exit(model,(self.combine(neighbourhood_count_exits,compare_distance)))",0.18402643758529685,0.2515144821950309,107389.58669376373,1.0,1.0,1.0,0.0,0.0,0.0,1.0,1.0,0.0,0.0,0.0
3,8.0,"gate_out=self.randomly_select_exit(model,(self.combine(self.combine(neighbourhood_count_exits,compare_distance),compare_distance)))",0.2345941267127693,0.2432450665490483,107389.58669376373,1.0,2.0,2.0,0.0,0.0,0.0,1.0,1.0,0.0,0.0,0.0
3,8.0,"gate_out=self.randomly_select_exit(model,(neighbourhood_count_exits))",0.1864509689526269,0.2611560792542462,107389.58669376373,1.0,0.0,0.0,0.0,0.0,0.0,1.0,1.0,0.0,0.0,0.0
3,8.0,"gate_out=self.randomly_select_exit(model,(self.combine(neighbourhood_count_exits,self.combine(self.combine(similarity_by_gender,similarity_by_gender),self.combine(compare_distance,neighbourhood_count_exits)))))",0.26111890832635803,0.26111890832635803,107389.58669376373,1.0,4.0,1.0,0.0,0.0,0.0,2.0,1.0,0.0,2.0,0.0
3,8.0,"gate_out=self.randomly_select_exit(model,(self.combine(neighbourhood_count_exits,compare_distance)))",0.18402643758529685,0.35952594966187473,107389.58669376373,1.0,1.0,1.0,0.0,0.0,0.0,1.0,1.0,0.0,0.0,0.0
3,8.0,"gate_out=self.randomly_select_exit(model,(self.combine(neighbourhood_count_exits,compare_distance)))",0.18402643758529685,0.2516807190737901,107389.58669376373,1.0,1.0,1.0,0.0,0.0,0.0,1.0,1.0,0.0,0.0,0.0
3,8.0,"gate_out=self.randomly_select_exit(model,(self.combine(neighbourhood_count_exits,compare_distance)))",0.18402643758529685,0.2659824651834375,107389.58669376373,1.0,1.0,1.0,0.0,0.0,0.0,1.0,1.0,0.0,0.0,0.0
3,8.0,"gate_out=self.randomly_select_exit(model,(self.combine(neighbourhood_count_exits,compare_distance)))",0.18402643758529685,0.3004334129707268,107389.58669376373,1.0,1.0,1.0,0.0,0.0,0.0,1.0,1.0,0.0,0.0,0.0
3,8.0,"gate_out=self.randomly_select_exit(model,(self.combine(neighbourhood_count_exits,self.combine(neighbourhood_count_exits,compare_distance))))",0.18670994296312712,0.33362996081493984,107389.58669376373,1.0,2.0,1.0,0.0,0.0,0.0,2.0,1.0,0.0,0.0,0.0
3,8.0,"gate_out=self.randomly_select_exit(model,(self.combine(neighbourhood_count_exits,compare_distance)))",0.18402643758529685,0.3434476605222346,107389.58669376373,1.0,1.0,1.0,0.0,0.0,0.0,1.0,1.0,0.0,0.0,0.0
3,8.0,"gate_out=self.randomly_select_exit(model,(self.subtract(self.subtract(compare_width,self.subtract(compare_distance,neighbourhood_count_exits)),self.subtract(self.subtract(compare_distance,similarity_by_gender),similarity_by_age))))",0.5495053911215371,0.5495053911215371,107389.58669376373,1.0,0.0,2.0,1.0,0.0,0.0,1.0,1.0,1.0,1.0,5.0
3,8.0,"gate_out=self.randomly_select_exit(model,(self.combine(neighbourhood_count_exits,compare_distance)))",0.18402643758529685,0.37064847082184943,107389.58669376373,1.0,1.0,1.0,0.0,0.0,0.0,1.0,1.0,0.0,0.0,0.0
3,8.0,"gate_out=self.randomly_select_exit(model,(self.combine(neighbourhood_count_exits,compare_distance)))",0.18402643758529685,0.3444025309860453,107389.58669376373,1.0,1.0,1.0,0.0,0.0,0.0,1.0,1.0,0.0,0.0,0.0
3,8.0,"gate_out=self.randomly_select_exit(model,(self.combine(neighbourhood_count_exits,compare_distance)))",0.18402643758529685,0.2709913555620745,107389.58669376373,1.0,1.0,1.0,0.0,0.0,0.0,1.0,1.0,0.0,0.0,0.0
3,8.0,"gate_out=self.randomly_select_exit(model,(self.combine(neighbourhood_count_exits,compare_distance)))",0.18402643758529685,0.3319343568744094,107389.58669376373,1.0,1.0,1.0,0.0,0.0,0.0,1.0,1.0,0.0,0.0,0.0
3,8.0,"gate_out=self.randomly_select_exit(model,(self.combine(neighbourhood_count_exits,compare_distance)))",0.18402643758529685,0.3844045006740291,107389.58669376373,1.0,1.0,1.0,0.0,0.0,0.0,1.0,1.0,0.0,0.0,0.0
3,8.0,"gate_out=self.randomly_select_exit(model,(self.combine(neighbourhood_count_exits,compare_distance)))",0.18402643758529685,0.2438856267921,107389.58669376373,1.0,1.0,1.0,0.0,0.0,0.0,1.0,1.0,0.0,0.0,0.0
3,8.0,"gate_out=self.randomly_select_exit(model,(self.combine(neighbourhood_count_exits,compare_distance)))",0.18402643758529685,0.28870428995268005,107389.58669376373,1.0,1.0,1.0,0.0,0.0,0.0,1.0,1.0,0.0,0.0,0.0
3,9.0,"gate_out=self.randomly_select_exit(model,(self.subtract(self.subtract(neighbourhood_count_exits,similarity_by_gender),self.subtract(similarity_by_age,neighbourhood_count_exits))))",0.3671859601937312,0.3671859601937312,110253.68659925461,1.0,0.0,0.0,0.0,0.0,0.0,2.0,1.0,1.0,1.0,3.0
3,9.0,"gate_out=self.randomly_select_exit(model,(self.combine(neighbourhood_count_exits,compare_distance)))",0.18402643758529685,0.23707833276472146,110253.68659925461,1.0,1.0,1.0,0.0,0.0,0.0,1.0,1.0,0.0,0.0,0.0
3,9.0,"gate_out=self.randomly_select_exit(model,(self.combine(neighbourhood_count_exits,compare_distance)))",0.18402643758529685,0.29609442818763765,110253.68659925461,1.0,1.0,1.0,0.0,0.0,0.0,1.0,1.0,0.0,0.0,0.0
3,9.0,"gate_out=self.randomly_select_exit(model,(self.combine(neighbourhood_count_exits,compare_distance)))",0.18402643758529685,0.36589783704349066,110253.68659925461,1.0,1.0,1.0,0.0,0.0,0.0,1.0,1.0,0.0,0.0,0.0
3,9.0,"gate_out=self.randomly_select_exit(model,(self.combine(neighbourhood_count_exits,compare_distance)))",0.18402643758529685,0.2409794500171727,110253.68659925461,1.0,1.0,1.0,0.0,0.0,0.0,1.0,1.0,0.0,0.0,0.0
3,9.0,"gate_out=self.randomly_select_exit(model,(self.combine(neighbourhood_count_exits,compare_distance)))",0.18402643758529685,0.370097700204929,110253.68659925461,1.0,1.0,1.0,0.0,0.0,0.0,1.0,1.0,0.0,0.0,0.0
3,9.0,"gate_out=self.randomly_select_exit(model,(self.combine(neighbourhood_count_exits,compare_distance)))",0.18402643758529685,0.43638025799999536,110253.68659925461,1.0,1.0,1.0,0.0,0.0,0.0,1.0,1.0,0.0,0.0,0.0
3,9.0,"gate_out=self.randomly_select_exit(model,(self.combine(neighbourhood_count_exits,compare_distance)))",0.18402643758529685,0.22398044775022424,110253.68659925461,1.0,1.0,1.0,0.0,0.0,0.0,1.0,1.0,0.0,0.0,0.0
3,9.0,"gate_out=self.randomly_select_exit(model,(self.combine(neighbourhood_count_exits,compare_distance)))",0.18402643758529685,0.28689947470529803,110253.68659925461,1.0,1.0,1.0,0.0,0.0,0.0,1.0,1.0,0.0,0.0,0.0
3,9.0,"gate_out=self.randomly_select_exit(model,(self.combine(neighbourhood_count_exits,compare_distance)))",0.18402643758529685,0.30656684239366466,110253.68659925461,1.0,1.0,1.0,0.0,0.0,0.0,1.0,1.0,0.0,0.0,0.0
3,9.0,"gate_out=self.randomly_select_exit(model,(self.subtract(compare_distance,similarity_by_gender)))",0.3292504175685929,0.3292504175685929,110253.68659925461,1.0,0.0,1.0,0.0,0.0,0.0,0.0,1.0,0.0,1.0,1.0
3,9.0,"gate_out=self.randomly_select_exit(model,(self.combine(neighbourhood_count_exits,compare_distance)))",0.18402643758529685,0.2406443689313993,110253.68659925461,1.0,1.0,1.0,0.0,0.0,0.0,1.0,1.0,0.0,0.0,0.0
3,9.0,"gate_out=self.get_max_select_exit(model,(self.subtract(neighbourhood_count_exits,similarity_by_gender)))",0.5774322418760376,0.5774322418760376,110253.68659925461,1.0,0.0,0.0,0.0,1.0,0.0,1.0,0.0,0.0,1.0,1.0
3,9.0,"gate_out=self.randomly_select_exit(model,(self.combine(neighbourhood_count_exits,compare_distance)))",0.18402643758529685,0.4765709690592354,110253.68659925461,1.0,1.0,1.0,0.0,0.0,0.0,1.0,1.0,0.0,0.0,0.0
3,9.0,"gate_out=self.randomly_select_exit(model,(self.combine(neighbourhood_count_exits,compare_distance)))",0.18402643758529685,0.3440715565556189,110253.68659925461,1.0,1.0,1.0,0.0,0.0,0.0,1.0,1.0,0.0,0.0,0.0
3,9.0,"gate_out=self.randomly_select_exit(model,(self.combine(neighbourhood_count_exits,similarity_by_age)))",0.2374298909565507,0.2374298909565507,110253.68659925461,1.0,1.0,0.0,0.0,0.0,0.0,1.0,1.0,1.0,0.0,0.0
3,9.0,"gate_out=self.randomly_select_exit(model,(self.combine(neighbourhood_count_exits,compare_distance)))",0.18402643758529685,0.2476055717519455,110253.68659925461,1.0,1.0,1.0,0.0,0.0,0.0,1.0,1.0,0.0,0.0,0.0
3,9.0,"gate_out=self.randomly_select_exit(model,(neighbourhood_count_exits))",0.1864509689526269,0.2321233911481812,110253.68659925461,1.0,0.0,0.0,0.0,0.0,0.0,1.0,1.0,0.0,0.0,0.0
3,9.0,"gate_out=self.randomly_select_exit(model,(self.combine(neighbourhood_count_exits,compare_distance)))",0.18402643758529685,0.33632475559074104,110253.68659925461,1.0,1.0,1.0,0.0,0.0,0.0,1.0,1.0,0.0,0.0,0.0
3,9.0,"gate_out=self.randomly_select_exit(model,(self.subtract(similarity_by_age,compare_width)))",0.5536888560881229,0.5536888560881229,110253.68659925461,1.0,0.0,0.0,1.0,0.0,0.0,0.0,1.0,1.0,0.0,1.0
3,9.0,"gate_out=self.randomly_select_exit(model,(self.combine(neighbourhood_count_exits,compare_distance)))",0.18402643758529685,0.3916179314591755,110253.68659925461,1.0,1.0,1.0,0.0,0.0,0.0,1.0,1.0,0.0,0.0,0.0
3,9.0,"gate_out=self.randomly_select_exit(model,(self.combine(neighbourhood_count_exits,compare_distance)))",0.18402643758529685,0.2752917230988695,110253.68659925461,1.0,1.0,1.0,0.0,0.0,0.0,1.0,1.0,0.0,0.0,0.0
3,9.0,"gate_out=self.randomly_select_exit(model,(self.combine(neighbourhood_count_exits,self.combine(self.subtract(compare_distance,self.subtract(neighbourhood_count_exits,neighbourhood_count_exits)),self.combine(self.combine(compare_distance,neighbourhood_count_exits),self.combine(similarity_by_gender,neighbourhood_count_exits))))))",0.2451273127069444,0.2451273127069444,110253.68659925461,1.0,5.0,2.0,0.0,0.0,0.0,5.0,1.0,0.0,1.0,2.0
3,9.0,"gate_out=self.randomly_select_exit(model,(self.subtract(similarity_by_gender,similarity_by_gender)))",0.3059221685918912,0.3059221685918912,110253.68659925461,1.0,0.0,0.0,0.0,0.0,0.0,0.0,1.0,0.0,2.0,1.0
3,9.0,"gate_out=self.randomly_select_exit(model,(self.combine(neighbourhood_count_exits,compare_distance)))",0.18402643758529685,0.3157187739834935,110253.68659925461,1.0,1.0,1.0,0.0,0.0,0.0,1.0,1.0,0.0,0.0,0.0
3,9.0,"gate_out=self.randomly_select_exit(model,(self.combine(neighbourhood_count_exits,compare_distance)))",0.18402643758529685,0.30595051100986115,110253.68659925461,1.0,1.0,1.0,0.0,0.0,0.0,1.0,1.0,0.0,0.0,0.0
3,9.0,"gate_out=self.randomly_select_exit(model,(self.combine(neighbourhood_count_exits,compare_distance)))",0.18402643758529685,0.2188235975697108,110253.68659925461,1.0,1.0,1.0,0.0,0.0,0.0,1.0,1.0,0.0,0.0,0.0
3,9.0,"gate_out=self.randomly_select_exit(model,(self.combine(self.subtract(self.combine(similarity_by_gender,similarity_by_gender),self.combine(compare_width,similarity_by_age)),compare_distance)))",0.5536179921708252,0.5536179921708252,110253.68659925461,1.0,3.0,1.0,1.0,0.0,0.0,0.0,1.0,1.0,2.0,1.0
3,9.0,"gate_out=self.randomly_select_exit(model,(self.combine(neighbourhood_count_exits,compare_distance)))",0.18402643758529685,0.3413442024122971,110253.68659925461,1.0,1.0,1.0,0.0,0.0,0.0,1.0,1.0,0.0,0.0,0.0
3,9.0,"gate_out=self.randomly_select_exit(model,(self.combine(neighbourhood_count_exits,compare_distance)))",0.18402643758529685,0.23966427651412026,110253.68659925461,1.0,1.0,1.0,0.0,0.0,0.0,1.0,1.0,0.0,0.0,0.0
3,9.0,"gate_out=self.randomly_select_exit(model,(self.combine(neighbourhood_count_exits,compare_distance)))",0.18402643758529685,0.2298120595203913,110253.68659925461,1.0,1.0,1.0,0.0,0.0,0.0,1.0,1.0,0.0,0.0,0.0
3,9.0,"gate_out=self.randomly_select_exit(model,(self.combine(neighbourhood_count_exits,compare_distance)))",0.18402643758529685,0.31766811382586635,110253.68659925461,1.0,1.0,1.0,0.0,0.0,0.0,1.0,1.0,0.0,0.0,0.0
3,9.0,"gate_out=self.randomly_select_exit(model,(self.combine(neighbourhood_count_exits,compare_distance)))",0.18402643758529685,0.2510148677116213,110253.68659925461,1.0,1.0,1.0,0.0,0.0,0.0,1.0,1.0,0.0,0.0,0.0
3,9.0,"gate_out=self.randomly_select_exit(model,(self.combine(neighbourhood_count_exits,compare_distance)))",0.18402643758529685,0.27872924012170464,110253.68659925461,1.0,1.0,1.0,0.0,0.0,0.0,1.0,1.0,0.0,0.0,0.0
3,9.0,"gate_out=self.randomly_select_exit(model,(self.combine(neighbourhood_count_exits,compare_distance)))",0.18402643758529685,0.3612029423184853,110253.68659925461,1.0,1.0,1.0,0.0,0.0,0.0,1.0,1.0,0.0,0.0,0.0
3,10.0,"gate_out=self.randomly_select_exit(model,(self.combine(neighbourhood_count_exits,compare_distance)))",0.18402643758529685,0.2892690081575606,113159.76999163628,1.0,1.0,1.0,0.0,0.0,0.0,1.0,1.0,0.0,0.0,0.0
3,10.0,"gate_out=self.randomly_select_exit(model,(self.combine(self.subtract(self.subtract(similarity_by_gender,neighbourhood_count_exits),self.subtract(similarity_by_gender,similarity_by_gender)),compare_distance)))",0.5489350160896223,0.5489350160896223,113159.76999163628,1.0,1.0,1.0,0.0,0.0,0.0,1.0,1.0,0.0,3.0,3.0
3,10.0,"gate_out=self.randomly_select_exit(model,(self.combine(self.combine(neighbourhood_count_exits,compare_distance),compare_distance)))",0.2254685841018032,0.2254685841018032,113159.76999163628,1.0,2.0,2.0,0.0,0.0,0.0,1.0,1.0,0.0,0.0,0.0
3,10.0,"gate_out=self.randomly_select_exit(model,(neighbourhood_count_exits))",0.1864509689526269,0.2752858847849921,113159.76999163628,1.0,0.0,0.0,0.0,0.0,0.0,1.0,1.0,0.0,0.0,0.0
3,10.0,"gate_out=self.randomly_select_exit(model,(self.combine(neighbourhood_count_exits,compare_distance)))",0.18402643758529685,0.3678778430128981,113159.76999163628,1.0,1.0,1.0,0.0,0.0,0.0,1.0,1.0,0.0,0.0,0.0
3,10.0,"gate_out=self.randomly_select_exit(model,(self.combine(neighbourhood_count_exits,compare_distance)))",0.18402643758529685,0.29777669732755085,113159.76999163628,1.0,1.0,1.0,0.0,0.0,0.0,1.0,1.0,0.0,0.0,0.0
3,10.0,"gate_out=self.randomly_select_exit(model,(self.combine(neighbourhood_count_exits,self.combine(self.subtract(self.subtract(compare_distance,neighbourhood_count_exits),similarity_by_age),self.subtract(similarity_by_age,similarity_by_gender)))))",0.2795915713011523,0.2795915713011523,113159.76999163628,1.0,2.0,1.0,0.0,0.0,0.0,2.0,1.0,2.0,1.0,3.0
3,10.0,"gate_out=self.randomly_select_exit(model,(self.combine(neighbourhood_count_exits,compare_distance)))",0.18402643758529685,0.34751143791242955,113159.76999163628,1.0,1.0,1.0,0.0,0.0,0.0,1.0,1.0,0.0,0.0,0.0
3,10.0,"gate_out=self.randomly_select_exit(model,(self.combine(compare_distance,compare_distance)))",0.19031742096021745,0.5489772462945375,113159.76999163628,1.0,1.0,2.0,0.0,0.0,0.0,0.0,1.0,0.0,0.0,0.0
3,10.0,"gate_out=self.randomly_select_exit(model,(self.combine(neighbourhood_count_exits,neighbourhood_count_exits)))",0.19064362103578392,0.24888289527103105,113159.76999163628,1.0,1.0,0.0,0.0,0.0,0.0,2.0,1.0,0.0,0.0,0.0
3,10.0,"gate_out=self.randomly_select_exit(model,(self.combine(neighbourhood_count_exits,compare_distance)))",0.18402643758529685,0.29105604779687666,113159.76999163628,1.0,1.0,1.0,0.0,0.0,0.0,1.0,1.0,0.0,0.0,0.0
3,10.0,"gate_out=self.randomly_select_exit(model,(self.combine(neighbourhood_count_exits,compare_distance)))",0.18402643758529685,0.3504659361042277,113159.76999163628,1.0,1.0,1.0,0.0,0.0,0.0,1.0,1.0,0.0,0.0,0.0
3,10.0,"gate_out=self.randomly_select_exit(model,(self.subtract(self.combine(compare_distance,self.subtract(compare_distance,similarity_by_age)),self.subtract(self.combine(similarity_by_age,similarity_by_age),self.combine(compare_width,similarity_by_age)))))",0.5505668185109707,0.5505668185109707,113159.76999163628,1.0,3.0,2.0,1.0,0.0,0.0,0.0,1.0,4.0,0.0,3.0
3,10.0,"gate_out=self.randomly_select_exit(model,(self.combine(neighbourhood_count_exits,self.subtract(self.subtract(self.combine(compare_width,neighbourhood_count_exits),similarity_by_gender),self.subtract(self.combine(similarity_by_gender,compare_distance),self.combine(compare_distance,neighbourhood_count_exits))))))",0.4023848089123682,0.4023848089123682,113159.76999163628,1.0,4.0,2.0,1.0,0.0,0.0,3.0,1.0,0.0,2.0,3.0
3,10.0,"gate_out=self.randomly_select_exit(model,(self.combine(neighbourhood_count_exits,compare_distance)))",0.18402643758529685,0.33311729510324073,113159.76999163628,1.0,1.0,1.0,0.0,0.0,0.0,1.0,1.0,0.0,0.0,0.0
3,10.0,"gate_out=self.randomly_select_exit(model,(self.combine(neighbourhood_count_exits,compare_distance)))",0.18402643758529685,0.2264704395660025,113159.76999163628,1.0,1.0,1.0,0.0,0.0,0.0,1.0,1.0,0.0,0.0,0.0
3,10.0,"gate_out=self.randomly_select_exit(model,(self.combine(neighbourhood_count_exits,compare_distance)))",0.18402643758529685,0.3117682095961377,113159.76999163628,1.0,1.0,1.0,0.0,0.0,0.0,1.0,1.0,0.0,0.0,0.0
3,10.0,"gate_out=self.randomly_select_exit(model,(self.combine(neighbourhood_count_exits,compare_distance)))",0.18402643758529685,0.2749173963222318,113159.76999163628,1.0,1.0,1.0,0.0,0.0,0.0,1.0,1.0,0.0,0.0,0.0
3,10.0,"gate_out=self.randomly_select_exit(model,(self.combine(neighbourhood_count_exits,neighbourhood_count_exits)))",0.19064362103578392,0.2861811394401706,113159.76999163628,1.0,1.0,0.0,0.0,0.0,0.0,2.0,1.0,0.0,0.0,0.0
3,10.0,"gate_out=self.randomly_select_exit(model,(self.combine(neighbourhood_count_exits,compare_distance)))",0.18402643758529685,0.4302721379448207,113159.76999163628,1.0,1.0,1.0,0.0,0.0,0.0,1.0,1.0,0.0,0.0,0.0
3,10.0,"gate_out=self.randomly_select_exit(model,(self.combine(neighbourhood_count_exits,compare_distance)))",0.18402643758529685,0.29713398914983713,113159.76999163628,1.0,1.0,1.0,0.0,0.0,0.0,1.0,1.0,0.0,0.0,0.0
3,10.0,"gate_out=self.randomly_select_exit(model,(self.combine(neighbourhood_count_exits,compare_distance)))",0.18402643758529685,0.32539087713225234,113159.76999163628,1.0,1.0,1.0,0.0,0.0,0.0,1.0,1.0,0.0,0.0,0.0
3,10.0,"gate_out=self.randomly_select_exit(model,(self.combine(neighbourhood_count_exits,compare_distance)))",0.18402643758529685,0.30502972760062563,113159.76999163628,1.0,1.0,1.0,0.0,0.0,0.0,1.0,1.0,0.0,0.0,0.0
3,10.0,"gate_out=self.randomly_select_exit(model,(self.combine(neighbourhood_count_exits,compare_distance)))",0.18402643758529685,0.27814211088733004,113159.76999163628,1.0,1.0,1.0,0.0,0.0,0.0,1.0,1.0,0.0,0.0,0.0
3,10.0,"gate_out=self.randomly_select_exit(model,(self.combine(neighbourhood_count_exits,compare_distance)))",0.18402643758529685,0.23928536278605564,113159.76999163628,1.0,1.0,1.0,0.0,0.0,0.0,1.0,1.0,0.0,0.0,0.0
3,10.0,"gate_out=self.randomly_select_exit(model,(self.combine(neighbourhood_count_exits,compare_distance)))",0.18402643758529685,0.4188797422773796,113159.76999163628,1.0,1.0,1.0,0.0,0.0,0.0,1.0,1.0,0.0,0.0,0.0
3,10.0,"gate_out=self.randomly_select_exit(model,(self.combine(neighbourhood_count_exits,compare_distance)))",0.18402643758529685,0.2627452912698887,113159.76999163628,1.0,1.0,1.0,0.0,0.0,0.0,1.0,1.0,0.0,0.0,0.0
3,10.0,"gate_out=self.randomly_select_exit(model,(self.combine(neighbourhood_count_exits,compare_distance)))",0.18402643758529685,0.2300557697836277,113159.76999163628,1.0,1.0,1.0,0.0,0.0,0.0,1.0,1.0,0.0,0.0,0.0
3,10.0,"gate_out=self.randomly_select_exit(model,(self.combine(self.combine(neighbourhood_count_exits,compare_distance),compare_distance)))",0.2254685841018032,0.3775356762846971,113159.76999163628,1.0,2.0,2.0,0.0,0.0,0.0,1.0,1.0,0.0,0.0,0.0
3,10.0,"gate_out=self.randomly_select_exit(model,(neighbourhood_count_exits))",0.1864509689526269,0.2899570842707124,113159.76999163628,1.0,0.0,0.0,0.0,0.0,0.0,1.0,1.0,0.0,0.0,0.0
3,10.0,"gate_out=self.randomly_select_exit(model,(self.combine(self.subtract(compare_distance,neighbourhood_count_exits),self.combine(compare_width,similarity_by_gender))))",0.5535330826654137,0.5535330826654137,113159.76999163628,1.0,2.0,1.0,1.0,0.0,0.0,1.0,1.0,0.0,1.0,1.0
3,10.0,"gate_out=self.randomly_select_exit(model,(self.combine(self.subtract(self.combine(similarity_by_age,self.subtract(similarity_by_gender,neighbourhood_count_exits)),self.subtract(self.subtract(similarity_by_gender,similarity_by_gender),self.subtract(compare_distance,compare_distance))),compare_distance)))",0.5493435968610433,0.5493435968610433,113159.76999163628,1.0,2.0,3.0,0.0,0.0,0.0,1.0,1.0,1.0,3.0,5.0
3,10.0,"gate_out=self.randomly_select_exit(model,(self.combine(neighbourhood_count_exits,compare_distance)))",0.18402643758529685,0.452754585455071,113159.76999163628,1.0,1.0,1.0,0.0,0.0,0.0,1.0,1.0,0.0,0.0,0.0
3,10.0,"gate_out=self.randomly_select_exit(model,(self.combine(compare_width,compare_width)))",0.5509379485342737,0.5509379485342737,113159.76999163628,1.0,1.0,0.0,2.0,0.0,0.0,0.0,1.0,0.0,0.0,0.0
3,10.0,"gate_out=self.randomly_select_exit(model,(self.combine(neighbourhood_count_exits,compare_distance)))",0.18402643758529685,0.34149580536751417,113159.76999163628,1.0,1.0,1.0,0.0,0.0,0.0,1.0,1.0,0.0,0.0,0.0
4,0.0,"gate_out=self.randomly_select_exit(model,(self.combine(neighbourhood_count_exits,compare_distance)))",0.18402643758529685,0.23800978624766816,114776.20022773743,1.0,1.0,1.0,0.0,0.0,0.0,1.0,1.0,0.0,0.0,0.0
4,0.0,"gate_out=self.randomly_select_exit(model,(neighbourhood_count_exits))",0.18645096895262686,0.23891011102885018,114776.20022773743,1.0,0.0,0.0,0.0,0.0,0.0,1.0,1.0,0.0,0.0,0.0
4,0.0,"gate_out=self.randomly_select_exit(model,(self.combine(neighbourhood_count_exits,self.combine(neighbourhood_count_exits,compare_distance))))",0.18670994296312712,0.31739565890562826,114776.20022773743,1.0,2.0,1.0,0.0,0.0,0.0,2.0,1.0,0.0,0.0,0.0
4,0.0,"gate_out=self.randomly_select_exit(model,(self.combine(compare_distance,compare_distance)))",0.19031742096021742,0.5221287317922436,114776.20022773743,1.0,1.0,2.0,0.0,0.0,0.0,0.0,1.0,0.0,0.0,0.0
4,0.0,"gate_out=self.randomly_select_exit(model,(self.combine(neighbourhood_count_exits,neighbourhood_count_exits)))",0.19064362103578392,0.273956017652378,114776.20022773743,1.0,1.0,0.0,0.0,0.0,0.0,2.0,1.0,0.0,0.0,0.0
4,0.0,"gate_out=self.get_min_select_exit(model,(self.combine(similarity_by_age,similarity_by_age)))",0.576985998912089,0.576985998912089,114776.20022773743,1.0,1.0,0.0,0.0,0.0,1.0,0.0,0.0,2.0,0.0,0.0
4,0.0,"gate_out=self.randomly_select_exit(model,(self.combine(compare_width,self.combine(self.combine(compare_width,compare_width),self.combine(neighbourhood_count_exits,compare_width)))))",0.5509464150349251,0.5509464150349251,114776.20022773743,1.0,4.0,0.0,4.0,0.0,0.0,1.0,1.0,0.0,0.0,0.0
4,0.0,"gate_out=self.get_max_select_exit(model,(self.combine(self.combine(neighbourhood_count_exits,self.subtract(similarity_by_gender,compare_distance)),similarity_by_age)))",0.5782993015279809,0.5782993015279809,114776.20022773743,1.0,2.0,1.0,0.0,1.0,0.0,1.0,0.0,1.0,1.0,1.0
4,0.0,"gate_out=self.get_max_select_exit(model,(neighbourhood_count_exits))",0.575425290371328,0.575425290371328,114776.20022773743,1.0,0.0,0.0,0.0,1.0,0.0,1.0,0.0,0.0,0.0,0.0
4,0.0,"gate_out=self.randomly_select_exit(model,(compare_width))",0.5511249100917128,0.5522351855625186,114776.20022773743,1.0,0.0,0.0,1.0,0.0,0.0,0.0,1.0,0.0,0.0,0.0
4,0.0,"gate_out=self.get_min_select_exit(model,(compare_distance))",0.5742741846730666,0.5755260932832916,114776.20022773743,1.0,0.0,1.0,0.0,0.0,1.0,0.0,0.0,0.0,0.0,0.0
4,0.0,"gate_out=self.randomly_select_exit(model,(similarity_by_gender))",0.5487134075261925,0.5497901947247251,114776.20022773743,1.0,0.0,0.0,0.0,0.0,0.0,0.0,1.0,0.0,1.0,0.0
4,0.0,"gate_out=self.randomly_select_exit(model,(compare_distance))",0.2269006185925318,0.4503603530841921,114776.20022773743,1.0,0.0,1.0,0.0,0.0,0.0,0.0,1.0,0.0,0.0,0.0
4,0.0,"gate_out=self.get_min_select_exit(model,(neighbourhood_count_exits))",0.5713131604685936,0.5734920508761915,114776.20022773743,1.0,0.0,0.0,0.0,0.0,1.0,1.0,0.0,0.0,0.0,0.0
4,0.0,"gate_out=self.get_min_select_exit(model,(self.subtract(self.combine(self.subtract(self.subtract(neighbourhood_count_exits,similarity_by_age),self.subtract(compare_distance,compare_width)),neighbourhood_count_exits),neighbourhood_count_exits)))",0.5726868899821503,0.5726868899821503,114776.20022773743,1.0,1.0,1.0,1.0,0.0,1.0,3.0,0.0,1.0,0.0,4.0
4,0.0,"gate_out=self.get_max_select_exit(model,(self.subtract(compare_width,self.subtract(compare_distance,similarity_by_gender))))",0.574869453604715,0.574869453604715,114776.20022773743,1.0,0.0,1.0,1.0,1.0,0.0,0.0,0.0,0.0,1.0,2.0
4,0.0,"gate_out=self.get_max_select_exit(model,(self.combine(self.subtract(similarity_by_age,compare_width),similarity_by_gender)))",0.5753590661066568,0.5753590661066568,114776.20022773743,1.0,1.0,0.0,1.0,1.0,0.0,0.0,0.0,1.0,1.0,1.0
4,0.0,"gate_out=self.randomly_select_exit(model,(similarity_by_gender))",0.5487134075261925,0.5499731224608784,114776.20022773743,1.0,0.0,0.0,0.0,0.0,0.0,0.0,1.0,0.0,1.0,0.0
4,0.0,"gate_out=self.get_max_select_exit(model,(compare_width))",0.5717347242836932,0.5730152086905073,114776.20022773743,1.0,0.0,0.0,1.0,1.0,0.0,0.0,0.0,0.0,0.0,0.0
4,0.0,"gate_out=self.get_min_select_exit(model,(similarity_by_age))",0.5744514154637148,0.5769433671445785,114776.20022773743,1.0,0.0,0.0,0.0,0.0,1.0,0.0,0.0,1.0,0.0,0.0
4,0.0,"gate_out=self.get_min_select_exit(model,(self.subtract(self.combine(neighbourhood_count_exits,compare_distance),self.subtract(similarity_by_gender,neighbourhood_count_exits))))",0.5755960265808715,0.5755960265808715,114776.20022773743,1.0,1.0,1.0,0.0,0.0,1.0,2.0,0.0,0.0,1.0,2.0
4,0.0,"gate_out=self.get_min_select_exit(model,(compare_width))",0.5725040746282833,0.5728807587817788,114776.20022773743,1.0,0.0,0.0,1.0,0.0,1.0,0.0,0.0,0.0,0.0,0.0
4,0.0,"gate_out=self.randomly_select_exit(model,(self.combine(self.subtract(similarity_by_gender,compare_width),compare_width)))",0.5499626600018732,0.5499626600018732,114776.20022773743,1.0,1.0,0.0,2.0,0.0,0.0,0.0,1.0,0.0,1.0,1.0
4,0.0,"gate_out=self.randomly_select_exit(model,(similarity_by_age))",0.2975115523237419,0.5493862445869546,114776.20022773743,1.0,0.0,0.0,0.0,0.0,0.0,0.0,1.0,1.0,0.0,0.0
4,0.0,"gate_out=self.get_max_select_exit(model,(self.combine(self.combine(compare_distance,compare_width),compare_distance)))",0.5738915750462845,0.5738915750462845,114776.20022773743,1.0,2.0,2.0,1.0,1.0,0.0,0.0,0.0,0.0,0.0,0.0
4,0.0,"gate_out=self.get_max_select_exit(model,(self.combine(self.subtract(self.subtract(compare_distance,similarity_by_age),compare_width),self.subtract(self.subtract(compare_distance,compare_distance),self.combine(neighbourhood_count_exits,similarity_by_age)))))",0.5748504361707281,0.5748504361707281,114776.20022773743,1.0,2.0,3.0,1.0,1.0,0.0,1.0,0.0,2.0,0.0,4.0
4,0.0,"gate_out=self.randomly_select_exit(model,(self.combine(similarity_by_gender,compare_distance)))",0.5503378872221099,0.5504225294575144,114776.20022773743,1.0,1.0,1.0,0.0,0.0,0.0,0.0,1.0,0.0,1.0,0.0
4,0.0,"gate_out=self.randomly_select_exit(model,(self.subtract(self.subtract(neighbourhood_count_exits,compare_width),similarity_by_age)))",0.5494357798155675,0.5494357798155675,114776.20022773743,1.0,0.0,0.0,1.0,0.0,0.0,1.0,1.0,1.0,0.0,2.0
4,0.0,"gate_out=self.randomly_select_exit(model,(similarity_by_age))",0.2975115523237419,0.5502897517714416,114776.20022773743,1.0,0.0,0.0,0.0,0.0,0.0,0.0,1.0,1.0,0.0,0.0
4,0.0,"gate_out=self.get_max_select_exit(model,(similarity_by_age))",0.5734930537629999,0.5742874901024075,114776.20022773743,1.0,0.0,0.0,0.0,1.0,0.0,0.0,0.0,1.0,0.0,0.0
4,0.0,"gate_out=self.randomly_select_exit(model,(compare_distance))",0.2269006185925318,0.34360865823691567,114776.20022773743,1.0,0.0,1.0,0.0,0.0,0.0,0.0,1.0,0.0,0.0,0.0
4,0.0,"gate_out=self.randomly_select_exit(model,(similarity_by_gender))",0.5487134075261925,0.5488725878572793,114776.20022773743,1.0,0.0,0.0,0.0,0.0,0.0,0.0,1.0,0.0,1.0,0.0
4,0.0,"gate_out=self.randomly_select_exit(model,(self.combine(compare_width,neighbourhood_count_exits)))",0.549675823482272,0.549675823482272,114776.20022773743,1.0,1.0,0.0,1.0,0.0,0.0,1.0,1.0,0.0,0.0,0.0
4,0.0,"gate_out=self.get_min_select_exit(model,(similarity_by_age))",0.5744514154637148,0.5761072561673573,114776.20022773743,1.0,0.0,0.0,0.0,0.0,1.0,0.0,0.0,1.0,0.0,0.0
4,0.0,"gate_out=self.get_min_select_exit(model,(self.subtract(similarity_by_age,similarity_by_age)))",0.5734116832530288,0.5734116832530288,114776.20022773743,1.0,0.0,0.0,0.0,0.0,1.0,0.0,0.0,2.0,0.0,1.0
4,1.0,"gate_out=self.randomly_select_exit(model,(self.subtract(self.subtract(neighbourhood_count_exits,compare_width),similarity_by_age)))",0.5491882809408128,0.5491882809408128,117059.32911372185,1.0,0.0,0.0,1.0,0.0,0.0,1.0,1.0,1.0,0.0,2.0
4,1.0,"gate_out=self.randomly_select_exit(model,(similarity_by_age))",0.2975115523237419,0.5493285051149494,117059.32911372185,1.0,0.0,0.0,0.0,0.0,0.0,0.0,1.0,1.0,0.0,0.0
4,1.0,"gate_out=self.randomly_select_exit(model,(compare_width))",0.5509280454945509,0.5527732317495755,117059.32911372185,1.0,0.0,0.0,1.0,0.0,0.0,0.0,1.0,0.0,0.0,0.0
4,1.0,"gate_out=self.get_min_select_exit(model,(neighbourhood_count_exits))",0.5713131604685936,0.5726121130891965,117059.32911372185,1.0,0.0,0.0,0.0,0.0,1.0,1.0,0.0,0.0,0.0,0.0
4,1.0,"gate_out=self.randomly_select_exit(model,(neighbourhood_count_exits))",0.18645096895262686,0.26110411705657816,117059.32911372185,1.0,0.0,0.0,0.0,0.0,0.0,1.0,1.0,0.0,0.0,0.0
4,1.0,"gate_out=self.randomly_select_exit(model,(compare_distance))",0.2269006185925318,0.35404902054437043,117059.32911372185,1.0,0.0,1.0,0.0,0.0,0.0,0.0,1.0,0.0,0.0,0.0
4,1.0,"gate_out=self.randomly_select_exit(model,(compare_width))",0.5509280454945509,0.5519326432506972,117059.32911372185,1.0,0.0,0.0,1.0,0.0,0.0,0.0,1.0,0.0,0.0,0.0
4,1.0,"gate_out=self.get_min_select_exit(model,(similarity_by_gender))",0.5752921912763618,0.5756136056644313,117059.32911372185,1.0,0.0,0.0,0.0,0.0,1.0,0.0,0.0,0.0,1.0,0.0
4,1.0,"gate_out=self.randomly_select_exit(model,(similarity_by_gender))",0.5487134075261925,0.5490527627718164,117059.32911372185,1.0,0.0,0.0,0.0,0.0,0.0,0.0,1.0,0.0,1.0,0.0
4,1.0,"gate_out=self.randomly_select_exit(model,(similarity_by_age))",0.2975115523237419,0.5490559135216183,117059.32911372185,1.0,0.0,0.0,0.0,0.0,0.0,0.0,1.0,1.0,0.0,0.0
4,1.0,"gate_out=self.randomly_select_exit(model,(self.combine(neighbourhood_count_exits,compare_distance)))",0.18402643758529685,0.25960940619640005,117059.32911372185,1.0,1.0,1.0,0.0,0.0,0.0,1.0,1.0,0.0,0.0,0.0
4,1.0,"gate_out=self.randomly_select_exit(model,(self.combine(neighbourhood_count_exits,self.combine(neighbourhood_count_exits,compare_distance))))",0.18670994296312712,0.22063328246395564,117059.32911372185,1.0,2.0,1.0,0.0,0.0,0.0,2.0,1.0,0.0,0.0,0.0
4,1.0,"gate_out=self.get_min_select_exit(model,(compare_width))",0.5725040746282833,0.5746132789543071,117059.32911372185,1.0,0.0,0.0,1.0,0.0,1.0,0.0,0.0,0.0,0.0,0.0
4,1.0,"gate_out=self.randomly_select_exit(model,(compare_width))",0.5509280454945509,0.5509280454945509,117059.32911372185,1.0,0.0,0.0,1.0,0.0,0.0,0.0,1.0,0.0,0.0,0.0
4,1.0,"gate_out=self.get_min_select_exit(model,(self.combine(self.subtract(similarity_by_gender,compare_width),similarity_by_gender)))",0.5766583889787344,0.5766583889787344,117059.32911372185,1.0,1.0,0.0,1.0,0.0,1.0,0.0,0.0,0.0,2.0,1.0
4,1.0,"gate_out=self.get_min_select_exit(model,(self.subtract(self.combine(self.subtract(self.subtract(neighbourhood_count_exits,similarity_by_age),self.subtract(compare_distance,compare_width)),neighbourhood_count_exits),neighbourhood_count_exits)))",0.5725336526581388,0.5725336526581388,117059.32911372185,1.0,1.0,1.0,1.0,0.0,1.0,3.0,0.0,1.0,0.0,4.0
4,1.0,"gate_out=self.get_max_select_exit(model,(similarity_by_age))",0.5734930537629999,0.574474358126782,117059.32911372185,1.0,0.0,0.0,0.0,1.0,0.0,0.0,0.0,1.0,0.0,0.0
4,1.0,"gate_out=self.randomly_select_exit(model,(self.combine(self.subtract(similarity_by_age,compare_distance),similarity_by_age)))",0.5483740271031268,0.5483740271031268,117059.32911372185,1.0,1.0,1.0,0.0,0.0,0.0,0.0,1.0,2.0,0.0,1.0
4,1.0,"gate_out=self.randomly_select_exit(model,(compare_distance))",0.2269006185925318,0.38729892466075305,117059.32911372185,1.0,0.0,1.0,0.0,0.0,0.0,0.0,1.0,0.0,0.0,0.0
4,1.0,"gate_out=self.randomly_select_exit(model,(similarity_by_age))",0.2975115523237419,0.5494717009863047,117059.32911372185,1.0,0.0,0.0,0.0,0.0,0.0,0.0,1.0,1.0,0.0,0.0
4,1.0,"gate_out=self.randomly_select_exit(model,(neighbourhood_count_exits))",0.18645096895262686,0.24830862506435328,117059.32911372185,1.0,0.0,0.0,0.0,0.0,0.0,1.0,1.0,0.0,0.0,0.0
4,1.0,"gate_out=self.randomly_select_exit(model,(self.combine(compare_width,neighbourhood_count_exits)))",0.5488509680543922,0.5488509680543922,117059.32911372185,1.0,1.0,0.0,1.0,0.0,0.0,1.0,1.0,0.0,0.0,0.0
4,1.0,"gate_out=self.randomly_select_exit(model,(compare_distance))",0.2269006185925318,0.4576373771813584,117059.32911372185,1.0,0.0,1.0,0.0,0.0,0.0,0.0,1.0,0.0,0.0,0.0
4,1.0,"gate_out=self.randomly_select_exit(model,(self.combine(neighbourhood_count_exits,neighbourhood_count_exits)))",0.19064362103578392,0.30943401969765494,117059.32911372185,1.0,1.0,0.0,0.0,0.0,0.0,2.0,1.0,0.0,0.0,0.0
4,1.0,"gate_out=self.randomly_select_exit(model,(self.combine(similarity_by_gender,compare_distance)))",0.5503084503573977,0.5503084503573977,117059.32911372185,1.0,1.0,1.0,0.0,0.0,0.0,0.0,1.0,0.0,1.0,0.0
4,1.0,"gate_out=self.randomly_select_exit(model,(neighbourhood_count_exits))",0.18645096895262686,0.3302774850680822,117059.32911372185,1.0,0.0,0.0,0.0,0.0,0.0,1.0,1.0,0.0,0.0,0.0
4,1.0,"gate_out=self.get_max_select_exit(model,(similarity_by_age))",0.5734930537629999,0.5737113992149884,117059.32911372185,1.0,0.0,0.0,0.0,1.0,0.0,0.0,0.0,1.0,0.0,0.0
4,1.0,"gate_out=self.randomly_select_exit(model,(compare_width))",0.5509280454945509,0.5514661775669452,117059.32911372185,1.0,0.0,0.0,1.0,0.0,0.0,0.0,1.0,0.0,0.0,0.0
4,1.0,"gate_out=self.randomly_select_exit(model,(self.combine(compare_distance,compare_distance)))",0.19031742096021742,0.45717703362754014,117059.32911372185,1.0,1.0,2.0,0.0,0.0,0.0,0.0,1.0,0.0,0.0,0.0
4,1.0,"gate_out=self.randomly_select_exit(model,(self.combine(compare_distance,compare_distance)))",0.19031742096021742,0.32878023995531097,117059.32911372185,1.0,1.0,2.0,0.0,0.0,0.0,0.0,1.0,0.0,0.0,0.0
4,1.0,"gate_out=self.randomly_select_exit(model,(self.subtract(self.subtract(similarity_by_age,compare_distance),self.combine(compare_distance,compare_width))))",0.35264973647461095,0.35264973647461095,117059.32911372185,1.0,1.0,2.0,1.0,0.0,0.0,0.0,1.0,1.0,0.0,2.0
4,1.0,"gate_out=self.randomly_select_exit(model,(self.combine(similarity_by_gender,self.combine(neighbourhood_count_exits,compare_distance))))",0.5297263405798703,0.5297263405798703,117059.32911372185,1.0,2.0,1.0,0.0,0.0,0.0,1.0,1.0,0.0,1.0,0.0
4,1.0,"gate_out=self.randomly_select_exit(model,(self.combine(similarity_by_gender,compare_distance)))",0.5503084503573977,0.5504985190686938,117059.32911372185,1.0,1.0,1.0,0.0,0.0,0.0,0.0,1.0,0.0,1.0,0.0
4,1.0,"gate_out=self.randomly_select_exit(model,(compare_distance))",0.2269006185925318,0.30935117472302137,117059.32911372185,1.0,0.0,1.0,0.0,0.0,0.0,0.0,1.0,0.0,0.0,0.0
4,1.0,"gate_out=self.get_min_select_exit(model,(self.subtract(similarity_by_age,similarity_by_age)))",0.57204333512591,0.57204333512591,117059.32911372185,1.0,0.0,0.0,0.0,0.0,1.0,0.0,0.0,2.0,0.0,1.0
4,2.0,"gate_out=self.randomly_select_exit(model,(neighbourhood_count_exits))",0.18645096895262686,0.36503169934718593,119675.78703069687,1.0,0.0,0.0,0.0,0.0,0.0,1.0,1.0,0.0,0.0,0.0
4,2.0,"gate_out=self.get_min_select_exit(model,(self.combine(neighbourhood_count_exits,neighbourhood_count_exits)))",0.5733767683547589,0.5733767683547589,119675.78703069687,1.0,1.0,0.0,0.0,0.0,1.0,2.0,0.0,0.0,0.0,0.0
4,2.0,"gate_out=self.randomly_select_exit(model,(neighbourhood_count_exits))",0.18645096895262686,0.376401140020854,119675.78703069687,1.0,0.0,0.0,0.0,0.0,0.0,1.0,1.0,0.0,0.0,0.0
4,2.0,"gate_out=self.randomly_select_exit(model,(neighbourhood_count_exits))",0.18645096895262686,0.30699356087352825,119675.78703069687,1.0,0.0,0.0,0.0,0.0,0.0,1.0,1.0,0.0,0.0,0.0
4,2.0,"gate_out=self.randomly_select_exit(model,(self.combine(neighbourhood_count_exits,compare_distance)))",0.18402643758529685,0.22721598400748344,119675.78703069687,1.0,1.0,1.0,0.0,0.0,0.0,1.0,1.0,0.0,0.0,0.0
4,2.0,"gate_out=self.randomly_select_exit(model,(neighbourhood_count_exits))",0.18645096895262686,0.28180051788300153,119675.78703069687,1.0,0.0,0.0,0.0,0.0,0.0,1.0,1.0,0.0,0.0,0.0
4,2.0,"gate_out=self.randomly_select_exit(model,(self.subtract(similarity_by_gender,similarity_by_gender)))",0.25357052311312717,0.25357052311312717,119675.78703069687,1.0,0.0,0.0,0.0,0.0,0.0,0.0,1.0,0.0,2.0,1.0
4,2.0,"gate_out=self.randomly_select_exit(model,(similarity_by_age))",0.2975115523237419,0.5496056861397534,119675.78703069687,1.0,0.0,0.0,0.0,0.0,0.0,0.0,1.0,1.0,0.0,0.0
4,2.0,"gate_out=self.randomly_select_exit(model,(compare_width))",0.5509280454945509,0.552545816724506,119675.78703069687,1.0,0.0,0.0,1.0,0.0,0.0,0.0,1.0,0.0,0.0,0.0
4,2.0,"gate_out=self.randomly_select_exit(model,(self.combine(neighbourhood_count_exits,neighbourhood_count_exits)))",0.19064362103578392,0.35568153098838573,119675.78703069687,1.0,1.0,0.0,0.0,0.0,0.0,2.0,1.0,0.0,0.0,0.0
4,2.0,"gate_out=self.randomly_select_exit(model,(self.combine(neighbourhood_count_exits,neighbourhood_count_exits)))",0.19064362103578392,0.3122185187769376,119675.78703069687,1.0,1.0,0.0,0.0,0.0,0.0,2.0,1.0,0.0,0.0,0.0
4,2.0,"gate_out=self.randomly_select_exit(model,(compare_distance))",0.2269006185925318,0.43500124276945284,119675.78703069687,1.0,0.0,1.0,0.0,0.0,0.0,0.0,1.0,0.0,0.0,0.0
4,2.0,"gate_out=self.randomly_select_exit(model,(neighbourhood_count_exits))",0.18645096895262686,0.22707680980164285,119675.78703069687,1.0,0.0,0.0,0.0,0.0,0.0,1.0,1.0,0.0,0.0,0.0
4,2.0,"gate_out=self.randomly_select_exit(model,(self.combine(self.combine(self.subtract(neighbourhood_count_exits,similarity_by_gender),self.subtract(similarity_by_gender,similarity_by_gender)),self.subtract(self.combine(compare_width,similarity_by_gender),self.subtract(compare_width,compare_distance)))))",0.2655748008868943,0.2655748008868943,119675.78703069687,1.0,3.0,1.0,2.0,0.0,0.0,1.0,1.0,0.0,4.0,4.0
4,2.0,"gate_out=self.randomly_select_exit(model,(neighbourhood_count_exits))",0.18645096895262686,0.24272139935017062,119675.78703069687,1.0,0.0,0.0,0.0,0.0,0.0,1.0,1.0,0.0,0.0,0.0
4,2.0,"gate_out=self.get_max_select_exit(model,(self.subtract(similarity_by_gender,neighbourhood_count_exits)))",0.5727943141616069,0.5727943141616069,119675.78703069687,1.0,0.0,0.0,0.0,1.0,0.0,1.0,0.0,0.0,1.0,1.0
4,2.0,"gate_out=self.randomly_select_exit(model,(self.combine(neighbourhood_count_exits,self.combine(neighbourhood_count_exits,compare_distance))))",0.18670994296312712,0.30675478859395905,119675.78703069687,1.0,2.0,1.0,0.0,0.0,0.0,2.0,1.0,0.0,0.0,0.0
4,2.0,"gate_out=self.get_min_select_exit(model,(self.subtract(similarity_by_age,similarity_by_age)))",0.57204333512591,0.5731677076392558,119675.78703069687,1.0,0.0,0.0,0.0,0.0,1.0,0.0,0.0,2.0,0.0,1.0
4,2.0,"gate_out=self.randomly_select_exit(model,(self.combine(compare_distance,compare_distance)))",0.19031742096021742,0.4615133276301403,119675.78703069687,1.0,1.0,2.0,0.0,0.0,0.0,0.0,1.0,0.0,0.0,0.0
4,2.0,"gate_out=self.randomly_select_exit(model,(compare_distance))",0.2269006185925318,0.41600037120184996,119675.78703069687,1.0,0.0,1.0,0.0,0.0,0.0,0.0,1.0,0.0,0.0,0.0
4,2.0,"gate_out=self.get_max_select_exit(model,(self.combine(compare_distance,similarity_by_gender)))",0.5760296250348975,0.5760296250348975,119675.78703069687,1.0,1.0,1.0,0.0,1.0,0.0,0.0,0.0,0.0,1.0,0.0
4,2.0,"gate_out=self.randomly_select_exit(model,(self.combine(self.subtract(similarity_by_age,compare_distance),similarity_by_age)))",0.5483740271031268,0.5497162926980346,119675.78703069687,1.0,1.0,1.0,0.0,0.0,0.0,0.0,1.0,2.0,0.0,1.0
4,2.0,"gate_out=self.randomly_select_exit(model,(similarity_by_age))",0.2975115523237419,0.5497718880476722,119675.78703069687,1.0,0.0,0.0,0.0,0.0,0.0,0.0,1.0,1.0,0.0,0.0
4,2.0,"gate_out=self.randomly_select_exit(model,(self.combine(compare_distance,compare_distance)))",0.19031742096021742,0.372569494788239,119675.78703069687,1.0,1.0,2.0,0.0,0.0,0.0,0.0,1.0,0.0,0.0,0.0
4,2.0,"gate_out=self.get_min_select_exit(model,(self.subtract(similarity_by_age,similarity_by_age)))",0.57204333512591,0.5729559961943083,119675.78703069687,1.0,0.0,0.0,0.0,0.0,1.0,0.0,0.0,2.0,0.0,1.0
4,2.0,"gate_out=self.randomly_select_exit(model,(compare_distance))",0.2269006185925318,0.48521454412589454,119675.78703069687,1.0,0.0,1.0,0.0,0.0,0.0,0.0,1.0,0.0,0.0,0.0
4,2.0,"gate_out=self.randomly_select_exit(model,(neighbourhood_count_exits))",0.18645096895262686,0.2638232161210455,119675.78703069687,1.0,0.0,0.0,0.0,0.0,0.0,1.0,1.0,0.0,0.0,0.0
4,2.0,"gate_out=self.randomly_select_exit(model,(self.combine(similarity_by_gender,self.combine(neighbourhood_count_exits,compare_distance))))",0.35465242660244,0.35465242660244,119675.78703069687,1.0,2.0,1.0,0.0,0.0,0.0,1.0,1.0,0.0,1.0,0.0
4,2.0,"gate_out=self.randomly_select_exit(model,(self.combine(neighbourhood_count_exits,self.combine(neighbourhood_count_exits,self.subtract(self.subtract(neighbourhood_count_exits,similarity_by_age),self.subtract(similarity_by_gender,compare_distance))))))",0.36848719093591553,0.36848719093591553,119675.78703069687,1.0,2.0,1.0,0.0,0.0,0.0,3.0,1.0,1.0,1.0,3.0
4,2.0,"gate_out=self.randomly_select_exit(model,(self.combine(neighbourhood_count_exits,compare_distance)))",0.18402643758529685,0.2349231515433886,119675.78703069687,1.0,1.0,1.0,0.0,0.0,0.0,1.0,1.0,0.0,0.0,0.0
4,2.0,"gate_out=self.randomly_select_exit(model,(self.combine(compare_distance,compare_distance)))",0.19031742096021742,0.39456384817975937,119675.78703069687,1.0,1.0,2.0,0.0,0.0,0.0,0.0,1.0,0.0,0.0,0.0
4,2.0,"gate_out=self.randomly_select_exit(model,(self.subtract(self.subtract(similarity_by_age,self.combine(compare_distance,compare_distance)),self.combine(self.combine(similarity_by_age,similarity_by_gender),compare_distance))))",0.5485791206744429,0.5485791206744429,119675.78703069687,1.0,3.0,3.0,0.0,0.0,0.0,0.0,1.0,2.0,1.0,2.0
4,2.0,"gate_out=self.randomly_select_exit(model,(neighbourhood_count_exits))",0.18645096895262686,0.36286978220575583,119675.78703069687,1.0,0.0,0.0,0.0,0.0,0.0,1.0,1.0,0.0,0.0,0.0
4,2.0,"gate_out=self.randomly_select_exit(model,(self.subtract(self.subtract(similarity_by_gender,compare_width),self.combine(similarity_by_gender,compare_distance))))",0.5491989790660814,0.5491989790660814,119675.78703069687,1.0,1.0,1.0,1.0,0.0,0.0,0.0,1.0,0.0,2.0,2.0
4,2.0,"gate_out=self.randomly_select_exit(model,(neighbourhood_count_exits))",0.18645096895262686,0.302107614672562,119675.78703069687,1.0,0.0,0.0,0.0,0.0,0.0,1.0,1.0,0.0,0.0,0.0
4,3.0,"gate_out=self.randomly_select_exit(model,(neighbourhood_count_exits))",0.18645096895262686,0.31978570554763935,122294.18201565742,1.0,0.0,0.0,0.0,0.0,0.0,1.0,1.0,0.0,0.0,0.0
4,3.0,"gate_out=self.randomly_select_exit(model,(self.combine(neighbourhood_count_exits,self.combine(neighbourhood_count_exits,compare_distance))))",0.18670994296312712,0.3228902056997504,122294.18201565742,1.0,2.0,1.0,0.0,0.0,0.0,2.0,1.0,0.0,0.0,0.0
4,3.0,"gate_out=self.randomly_select_exit(model,(neighbourhood_count_exits))",0.18645096895262686,0.2686556005924797,122294.18201565742,1.0,0.0,0.0,0.0,0.0,0.0,1.0,1.0,0.0,0.0,0.0
4,3.0,"gate_out=self.randomly_select_exit(model,(self.combine(neighbourhood_count_exits,compare_distance)))",0.18402643758529685,0.38663709856637035,122294.18201565742,1.0,1.0,1.0,0.0,0.0,0.0,1.0,1.0,0.0,0.0,0.0
4,3.0,"gate_out=self.randomly_select_exit(model,(self.combine(similarity_by_age,similarity_by_gender)))",0.5492705609102296,0.5492705609102296,122294.18201565742,1.0,1.0,0.0,0.0,0.0,0.0,0.0,1.0,1.0,1.0,0.0
4,3.0,"gate_out=self.randomly_select_exit(model,(neighbourhood_count_exits))",0.18645096895262686,0.23976944255811591,122294.18201565742,1.0,0.0,0.0,0.0,0.0,0.0,1.0,1.0,0.0,0.0,0.0
4,3.0,"gate_out=self.randomly_select_exit(model,(neighbourhood_count_exits))",0.18645096895262686,0.34226215447657193,122294.18201565742,1.0,0.0,0.0,0.0,0.0,0.0,1.0,1.0,0.0,0.0,0.0
4,3.0,"gate_out=self.randomly_select_exit(model,(neighbourhood_count_exits))",0.18645096895262686,0.3373257459949228,122294.18201565742,1.0,0.0,0.0,0.0,0.0,0.0,1.0,1.0,0.0,0.0,0.0
4,3.0,"gate_out=self.randomly_select_exit(model,(neighbourhood_count_exits))",0.18645096895262686,0.27646958408523614,122294.18201565742,1.0,0.0,0.0,0.0,0.0,0.0,1.0,1.0,0.0,0.0,0.0
4,3.0,"gate_out=self.randomly_select_exit(model,(self.subtract(similarity_by_gender,similarity_by_gender)))",0.25357052311312717,0.32434727916708683,122294.18201565742,1.0,0.0,0.0,0.0,0.0,0.0,0.0,1.0,0.0,2.0,1.0
4,3.0,"gate_out=self.randomly_select_exit(model,(self.combine(neighbourhood_count_exits,compare_distance)))",0.18402643758529685,0.40113316705029534,122294.18201565742,1.0,1.0,1.0,0.0,0.0,0.0,1.0,1.0,0.0,0.0,0.0
4,3.0,"gate_out=self.randomly_select_exit(model,(neighbourhood_count_exits))",0.18645096895262686,0.2370841514158068,122294.18201565742,1.0,0.0,0.0,0.0,0.0,0.0,1.0,1.0,0.0,0.0,0.0
4,3.0,"gate_out=self.randomly_select_exit(model,(neighbourhood_count_exits))",0.18645096895262686,0.3192442393837574,122294.18201565742,1.0,0.0,0.0,0.0,0.0,0.0,1.0,1.0,0.0,0.0,0.0
4,3.0,"gate_out=self.randomly_select_exit(model,(self.combine(compare_distance,compare_distance)))",0.19031742096021742,0.33438983317049187,122294.18201565742,1.0,1.0,2.0,0.0,0.0,0.0,0.0,1.0,0.0,0.0,0.0
4,3.0,"gate_out=self.get_min_select_exit(model,(self.combine(similarity_by_age,self.combine(neighbourhood_count_exits,compare_width))))",0.5718843355255191,0.5718843355255191,122294.18201565742,1.0,2.0,0.0,1.0,0.0,1.0,1.0,0.0,1.0,0.0,0.0
4,3.0,"gate_out=self.randomly_select_exit(model,(neighbourhood_count_exits))",0.18645096895262686,0.33407401395735536,122294.18201565742,1.0,0.0,0.0,0.0,0.0,0.0,1.0,1.0,0.0,0.0,0.0
4,3.0,"gate_out=self.randomly_select_exit(model,(neighbourhood_count_exits))",0.18645096895262686,0.3004819553010533,122294.18201565742,1.0,0.0,0.0,0.0,0.0,0.0,1.0,1.0,0.0,0.0,0.0
4,3.0,"gate_out=self.randomly_select_exit(model,(compare_distance))",0.2269006185925318,0.3411986181959572,122294.18201565742,1.0,0.0,1.0,0.0,0.0,0.0,0.0,1.0,0.0,0.0,0.0
4,3.0,"gate_out=self.randomly_select_exit(model,(self.combine(compare_distance,compare_distance)))",0.19031742096021742,0.3006689933198107,122294.18201565742,1.0,1.0,2.0,0.0,0.0,0.0,0.0,1.0,0.0,0.0,0.0
4,3.0,"gate_out=self.randomly_select_exit(model,(neighbourhood_count_exits))",0.18645096895262686,0.22643590449839673,122294.18201565742,1.0,0.0,0.0,0.0,0.0,0.0,1.0,1.0,0.0,0.0,0.0
4,3.0,"gate_out=self.randomly_select_exit(model,(neighbourhood_count_exits))",0.18645096895262686,0.26786332303986693,122294.18201565742,1.0,0.0,0.0,0.0,0.0,0.0,1.0,1.0,0.0,0.0,0.0
4,3.0,"gate_out=self.randomly_select_exit(model,(neighbourhood_count_exits))",0.18645096895262686,0.29806284683579337,122294.18201565742,1.0,0.0,0.0,0.0,0.0,0.0,1.0,1.0,0.0,0.0,0.0
4,3.0,"gate_out=self.randomly_select_exit(model,(self.combine(self.combine(self.subtract(neighbourhood_count_exits,similarity_by_gender),self.subtract(similarity_by_gender,similarity_by_gender)),self.subtract(self.combine(compare_width,similarity_by_gender),self.subtract(compare_width,compare_distance)))))",0.2655748008868943,0.3133713295288218,122294.18201565742,1.0,3.0,1.0,2.0,0.0,0.0,1.0,1.0,0.0,4.0,4.0
4,3.0,"gate_out=self.get_min_select_exit(model,(self.subtract(self.subtract(similarity_by_gender,neighbourhood_count_exits),self.subtract(compare_distance,neighbourhood_count_exits))))",0.5781894338138585,0.5781894338138585,122294.18201565742,1.0,0.0,1.0,0.0,0.0,1.0,2.0,0.0,0.0,1.0,3.0
4,3.0,"gate_out=self.randomly_select_exit(model,(neighbourhood_count_exits))",0.18645096895262686,0.26657978077224453,122294.18201565742,1.0,0.0,0.0,0.0,0.0,0.0,1.0,1.0,0.0,0.0,0.0
4,3.0,"gate_out=self.randomly_select_exit(model,(neighbourhood_count_exits))",0.18645096895262686,0.23910808741834516,122294.18201565742,1.0,0.0,0.0,0.0,0.0,0.0,1.0,1.0,0.0,0.0,0.0
4,3.0,"gate_out=self.randomly_select_exit(model,(neighbourhood_count_exits))",0.18645096895262686,0.27457014401053487,122294.18201565742,1.0,0.0,0.0,0.0,0.0,0.0,1.0,1.0,0.0,0.0,0.0
4,3.0,"gate_out=self.randomly_select_exit(model,(self.subtract(self.subtract(similarity_by_age,self.combine(compare_distance,compare_distance)),self.combine(self.combine(similarity_by_age,similarity_by_gender),compare_distance))))",0.3848968298726829,0.3848968298726829,122294.18201565742,1.0,3.0,3.0,0.0,0.0,0.0,0.0,1.0,2.0,1.0,2.0
4,3.0,"gate_out=self.randomly_select_exit(model,(neighbourhood_count_exits))",0.18645096895262686,0.33434940165384436,122294.18201565742,1.0,0.0,0.0,0.0,0.0,0.0,1.0,1.0,0.0,0.0,0.0
4,3.0,"gate_out=self.get_max_select_exit(model,(compare_width))",0.5717347242836932,0.5734232730038343,122294.18201565742,1.0,0.0,0.0,1.0,1.0,0.0,0.0,0.0,0.0,0.0,0.0
4,3.0,"gate_out=self.randomly_select_exit(model,(self.combine(neighbourhood_count_exits,compare_distance)))",0.18402643758529685,0.28381152479989685,122294.18201565742,1.0,1.0,1.0,0.0,0.0,0.0,1.0,1.0,0.0,0.0,0.0
4,3.0,"gate_out=self.get_max_select_exit(model,(compare_distance))",0.5759584208109285,0.5761157057587035,122294.18201565742,1.0,0.0,1.0,0.0,1.0,0.0,0.0,0.0,0.0,0.0,0.0
4,3.0,"gate_out=self.randomly_select_exit(model,(neighbourhood_count_exits))",0.18645096895262686,0.26941581851338614,122294.18201565742,1.0,0.0,0.0,0.0,0.0,0.0,1.0,1.0,0.0,0.0,0.0
4,3.0,"gate_out=self.get_min_select_exit(model,(self.combine(self.subtract(compare_width,neighbourhood_count_exits),compare_width)))",0.5788518030411101,0.5788518030411101,122294.18201565742,1.0,1.0,0.0,2.0,0.0,1.0,1.0,0.0,0.0,0.0,1.0
4,3.0,"gate_out=self.randomly_select_exit(model,(self.combine(neighbourhood_count_exits,compare_distance)))",0.18402643758529685,0.31990517756764253,122294.18201565742,1.0,1.0,1.0,0.0,0.0,0.0,1.0,1.0,0.0,0.0,0.0
4,4.0,"gate_out=self.randomly_select_exit(model,(self.combine(neighbourhood_count_exits,compare_distance)))",0.18402643758529685,0.2630436103692304,125196.81294202805,1.0,1.0,1.0,0.0,0.0,0.0,1.0,1.0,0.0,0.0,0.0
4,4.0,"gate_out=self.randomly_select_exit(model,(neighbourhood_count_exits))",0.18645096895262686,0.31031269768383735,125196.81294202805,1.0,0.0,0.0,0.0,0.0,0.0,1.0,1.0,0.0,0.0,0.0
4,4.0,"gate_out=self.randomly_select_exit(model,(neighbourhood_count_exits))",0.18645096895262686,0.29549885818966826,125196.81294202805,1.0,0.0,0.0,0.0,0.0,0.0,1.0,1.0,0.0,0.0,0.0
4,4.0,"gate_out=self.randomly_select_exit(model,(self.subtract(similarity_by_gender,similarity_by_gender)))",0.25357052311312717,0.4183436838394699,125196.81294202805,1.0,0.0,0.0,0.0,0.0,0.0,0.0,1.0,0.0,2.0,1.0
4,4.0,"gate_out=self.randomly_select_exit(model,(neighbourhood_count_exits))",0.18645096895262686,0.2592494661940509,125196.81294202805,1.0,0.0,0.0,0.0,0.0,0.0,1.0,1.0,0.0,0.0,0.0
4,4.0,"gate_out=self.randomly_select_exit(model,(self.combine(self.combine(compare_distance,neighbourhood_count_exits),self.combine(self.combine(similarity_by_gender,similarity_by_gender),similarity_by_age))))",0.4150425406819652,0.4150425406819652,125196.81294202805,1.0,4.0,1.0,0.0,0.0,0.0,1.0,1.0,1.0,2.0,0.0
4,4.0,"gate_out=self.randomly_select_exit(model,(self.combine(neighbourhood_count_exits,compare_distance)))",0.18402643758529685,0.2858561640022969,125196.81294202805,1.0,1.0,1.0,0.0,0.0,0.0,1.0,1.0,0.0,0.0,0.0
4,4.0,"gate_out=self.randomly_select_exit(model,(neighbourhood_count_exits))",0.18645096895262686,0.33209964220614624,125196.81294202805,1.0,0.0,0.0,0.0,0.0,0.0,1.0,1.0,0.0,0.0,0.0
4,4.0,"gate_out=self.randomly_select_exit(model,(self.subtract(self.subtract(self.subtract(neighbourhood_count_exits,compare_distance),similarity_by_age),self.combine(similarity_by_age,similarity_by_age))))",0.324379684533682,0.324379684533682,125196.81294202805,1.0,1.0,1.0,0.0,0.0,0.0,1.0,1.0,3.0,0.0,3.0
4,4.0,"gate_out=self.randomly_select_exit(model,(self.subtract(self.combine(compare_distance,self.combine(similarity_by_gender,compare_distance)),self.combine(compare_distance,self.subtract(compare_width,compare_width)))))",0.5491506961685011,0.5491506961685011,125196.81294202805,1.0,3.0,3.0,2.0,0.0,0.0,0.0,1.0,0.0,1.0,2.0
4,4.0,"gate_out=self.randomly_select_exit(model,(neighbourhood_count_exits))",0.18645096895262686,0.5302941459243269,125196.81294202805,1.0,0.0,0.0,0.0,0.0,0.0,1.0,1.0,0.0,0.0,0.0
4,4.0,"gate_out=self.randomly_select_exit(model,(neighbourhood_count_exits))",0.18645096895262686,0.312867670055379,125196.81294202805,1.0,0.0,0.0,0.0,0.0,0.0,1.0,1.0,0.0,0.0,0.0
4,4.0,"gate_out=self.randomly_select_exit(model,(neighbourhood_count_exits))",0.18645096895262686,0.2321719433300966,125196.81294202805,1.0,0.0,0.0,0.0,0.0,0.0,1.0,1.0,0.0,0.0,0.0
4,4.0,"gate_out=self.randomly_select_exit(model,(neighbourhood_count_exits))",0.18645096895262686,0.25813697816616177,125196.81294202805,1.0,0.0,0.0,0.0,0.0,0.0,1.0,1.0,0.0,0.0,0.0
4,4.0,"gate_out=self.randomly_select_exit(model,(self.combine(self.subtract(self.subtract(compare_distance,neighbourhood_count_exits),self.combine(compare_width,neighbourhood_count_exits)),compare_distance)))",0.5504659209164028,0.5504659209164028,125196.81294202805,1.0,2.0,2.0,1.0,0.0,0.0,2.0,1.0,0.0,0.0,2.0
4,4.0,"gate_out=self.randomly_select_exit(model,(neighbourhood_count_exits))",0.18645096895262686,0.2825646447618171,125196.81294202805,1.0,0.0,0.0,0.0,0.0,0.0,1.0,1.0,0.0,0.0,0.0
4,4.0,"gate_out=self.randomly_select_exit(model,(neighbourhood_count_exits))",0.18645096895262686,0.33486178981795667,125196.81294202805,1.0,0.0,0.0,0.0,0.0,0.0,1.0,1.0,0.0,0.0,0.0
4,4.0,"gate_out=self.randomly_select_exit(model,(self.combine(neighbourhood_count_exits,compare_distance)))",0.18402643758529685,0.31548766567546843,125196.81294202805,1.0,1.0,1.0,0.0,0.0,0.0,1.0,1.0,0.0,0.0,0.0
4,4.0,"gate_out=self.randomly_select_exit(model,(neighbourhood_count_exits))",0.18645096895262686,0.30217097588243413,125196.81294202805,1.0,0.0,0.0,0.0,0.0,0.0,1.0,1.0,0.0,0.0,0.0
4,4.0,"gate_out=self.randomly_select_exit(model,(neighbourhood_count_exits))",0.18645096895262686,0.362918906448215,125196.81294202805,1.0,0.0,0.0,0.0,0.0,0.0,1.0,1.0,0.0,0.0,0.0
4,4.0,"gate_out=self.randomly_select_exit(model,(neighbourhood_count_exits))",0.18645096895262686,0.3909452769014749,125196.81294202805,1.0,0.0,0.0,0.0,0.0,0.0,1.0,1.0,0.0,0.0,0.0
4,4.0,"gate_out=self.randomly_select_exit(model,(self.combine(neighbourhood_count_exits,compare_distance)))",0.18402643758529685,0.34252097877424453,125196.81294202805,1.0,1.0,1.0,0.0,0.0,0.0,1.0,1.0,0.0,0.0,0.0
4,4.0,"gate_out=self.randomly_select_exit(model,(self.combine(neighbourhood_count_exits,compare_distance)))",0.18402643758529685,0.22329246598804475,125196.81294202805,1.0,1.0,1.0,0.0,0.0,0.0,1.0,1.0,0.0,0.0,0.0
4,4.0,"gate_out=self.randomly_select_exit(model,(self.combine(neighbourhood_count_exits,compare_distance)))",0.18402643758529685,0.3905058473351625,125196.81294202805,1.0,1.0,1.0,0.0,0.0,0.0,1.0,1.0,0.0,0.0,0.0
4,4.0,"gate_out=self.randomly_select_exit(model,(neighbourhood_count_exits))",0.18645096895262686,0.2620607764199131,125196.81294202805,1.0,0.0,0.0,0.0,0.0,0.0,1.0,1.0,0.0,0.0,0.0
4,4.0,"gate_out=self.randomly_select_exit(model,(neighbourhood_count_exits))",0.18645096895262686,0.2945333557913318,125196.81294202805,1.0,0.0,0.0,0.0,0.0,0.0,1.0,1.0,0.0,0.0,0.0
4,4.0,"gate_out=self.randomly_select_exit(model,(neighbourhood_count_exits))",0.18645096895262686,0.3236625703576069,125196.81294202805,1.0,0.0,0.0,0.0,0.0,0.0,1.0,1.0,0.0,0.0,0.0
4,4.0,"gate_out=self.randomly_select_exit(model,(neighbourhood_count_exits))",0.18645096895262686,0.25455711880287346,125196.81294202805,1.0,0.0,0.0,0.0,0.0,0.0,1.0,1.0,0.0,0.0,0.0
4,4.0,"gate_out=self.randomly_select_exit(model,(self.combine(self.combine(self.subtract(similarity_by_age,self.subtract(compare_distance,neighbourhood_count_exits)),self.combine(self.subtract(similarity_by_age,similarity_by_gender),neighbourhood_count_exits)),compare_distance)))",0.30770119651691663,0.30770119651691663,125196.81294202805,1.0,3.0,2.0,0.0,0.0,0.0,2.0,1.0,2.0,1.0,3.0
4,4.0,"gate_out=self.randomly_select_exit(model,(neighbourhood_count_exits))",0.18645096895262686,0.29485693760120657,125196.81294202805,1.0,0.0,0.0,0.0,0.0,0.0,1.0,1.0,0.0,0.0,0.0
4,4.0,"gate_out=self.get_min_select_exit(model,(self.subtract(similarity_by_gender,compare_width)))",0.5751876040996965,0.5751876040996965,125196.81294202805,1.0,0.0,0.0,1.0,0.0,1.0,0.0,0.0,0.0,1.0,1.0
4,4.0,"gate_out=self.randomly_select_exit(model,(self.combine(neighbourhood_count_exits,self.subtract(self.subtract(similarity_by_gender,self.combine(neighbourhood_count_exits,compare_distance)),self.combine(self.combine(similarity_by_age,neighbourhood_count_exits),self.combine(compare_distance,similarity_by_age))))))",0.3854161293563631,0.3854161293563631,125196.81294202805,1.0,5.0,2.0,0.0,0.0,0.0,3.0,1.0,2.0,1.0,2.0
4,4.0,"gate_out=self.randomly_select_exit(model,(neighbourhood_count_exits))",0.18645096895262686,0.3280976737378145,125196.81294202805,1.0,0.0,0.0,0.0,0.0,0.0,1.0,1.0,0.0,0.0,0.0
4,4.0,"gate_out=self.randomly_select_exit(model,(neighbourhood_count_exits))",0.18645096895262686,0.2901748710712889,125196.81294202805,1.0,0.0,0.0,0.0,0.0,0.0,1.0,1.0,0.0,0.0,0.0
4,4.0,"gate_out=self.randomly_select_exit(model,(neighbourhood_count_exits))",0.18645096895262686,0.27331058647546835,125196.81294202805,1.0,0.0,0.0,0.0,0.0,0.0,1.0,1.0,0.0,0.0,0.0
4,5.0,"gate_out=self.randomly_select_exit(model,(self.combine(neighbourhood_count_exits,compare_distance)))",0.18402643758529685,0.2708073529905536,128104.15817284584,1.0,1.0,1.0,0.0,0.0,0.0,1.0,1.0,0.0,0.0,0.0
4,5.0,"gate_out=self.randomly_select_exit(model,(neighbourhood_count_exits))",0.18645096895262686,0.2908144869878809,128104.15817284584,1.0,0.0,0.0,0.0,0.0,0.0,1.0,1.0,0.0,0.0,0.0
4,5.0,"gate_out=self.randomly_select_exit(model,(self.combine(neighbourhood_count_exits,compare_distance)))",0.18402643758529685,0.3047034802292202,128104.15817284584,1.0,1.0,1.0,0.0,0.0,0.0,1.0,1.0,0.0,0.0,0.0
4,5.0,"gate_out=self.randomly_select_exit(model,(self.combine(self.subtract(similarity_by_age,compare_width),self.combine(neighbourhood_count_exits,neighbourhood_count_exits))))",0.5495704036782642,0.5495704036782642,128104.15817284584,1.0,2.0,0.0,1.0,0.0,0.0,2.0,1.0,1.0,0.0,1.0
4,5.0,"gate_out=self.randomly_select_exit(model,(neighbourhood_count_exits))",0.18645096895262686,0.2500032281082485,128104.15817284584,1.0,0.0,0.0,0.0,0.0,0.0,1.0,1.0,0.0,0.0,0.0
4,5.0,"gate_out=self.randomly_select_exit(model,(self.combine(neighbourhood_count_exits,compare_distance)))",0.18402643758529685,0.23165670620842055,128104.15817284584,1.0,1.0,1.0,0.0,0.0,0.0,1.0,1.0,0.0,0.0,0.0
4,5.0,"gate_out=self.randomly_select_exit(model,(neighbourhood_count_exits))",0.18645096895262686,0.343461718147026,128104.15817284584,1.0,0.0,0.0,0.0,0.0,0.0,1.0,1.0,0.0,0.0,0.0
4,5.0,"gate_out=self.randomly_select_exit(model,(neighbourhood_count_exits))",0.18645096895262686,0.2931643486787322,128104.15817284584,1.0,0.0,0.0,0.0,0.0,0.0,1.0,1.0,0.0,0.0,0.0
4,5.0,"gate_out=self.randomly_select_exit(model,(self.combine(neighbourhood_count_exits,compare_distance)))",0.18402643758529685,0.3004855163822324,128104.15817284584,1.0,1.0,1.0,0.0,0.0,0.0,1.0,1.0,0.0,0.0,0.0
4,5.0,"gate_out=self.randomly_select_exit(model,(self.combine(neighbourhood_count_exits,compare_distance)))",0.18402643758529685,0.23643208740100788,128104.15817284584,1.0,1.0,1.0,0.0,0.0,0.0,1.0,1.0,0.0,0.0,0.0
4,5.0,"gate_out=self.randomly_select_exit(model,(neighbourhood_count_exits))",0.18645096895262686,0.3629307785768383,128104.15817284584,1.0,0.0,0.0,0.0,0.0,0.0,1.0,1.0,0.0,0.0,0.0
4,5.0,"gate_out=self.randomly_select_exit(model,(self.combine(compare_distance,compare_distance)))",0.19031742096021742,0.2749352280419497,128104.15817284584,1.0,1.0,2.0,0.0,0.0,0.0,0.0,1.0,0.0,0.0,0.0
4,5.0,"gate_out=self.randomly_select_exit(model,(self.combine(neighbourhood_count_exits,self.combine(self.subtract(similarity_by_gender,compare_distance),self.combine(compare_distance,neighbourhood_count_exits)))))",0.3680643681872282,0.3680643681872282,128104.15817284584,1.0,3.0,2.0,0.0,0.0,0.0,2.0,1.0,0.0,1.0,1.0
4,5.0,"gate_out=self.randomly_select_exit(model,(neighbourhood_count_exits))",0.18645096895262686,0.23772452975921624,128104.15817284584,1.0,0.0,0.0,0.0,0.0,0.0,1.0,1.0,0.0,0.0,0.0
4,5.0,"gate_out=self.randomly_select_exit(model,(neighbourhood_count_exits))",0.18645096895262686,0.3101649349422025,128104.15817284584,1.0,0.0,0.0,0.0,0.0,0.0,1.0,1.0,0.0,0.0,0.0
4,5.0,"gate_out=self.randomly_select_exit(model,(neighbourhood_count_exits))",0.18645096895262686,0.3902799847124388,128104.15817284584,1.0,0.0,0.0,0.0,0.0,0.0,1.0,1.0,0.0,0.0,0.0
4,5.0,"gate_out=self.randomly_select_exit(model,(self.combine(neighbourhood_count_exits,compare_distance)))",0.18402643758529685,0.3008824958303934,128104.15817284584,1.0,1.0,1.0,0.0,0.0,0.0,1.0,1.0,0.0,0.0,0.0
4,5.0,"gate_out=self.randomly_select_exit(model,(self.combine(neighbourhood_count_exits,compare_distance)))",0.18402643758529685,0.33185707062563136,128104.15817284584,1.0,1.0,1.0,0.0,0.0,0.0,1.0,1.0,0.0,0.0,0.0
4,5.0,"gate_out=self.randomly_select_exit(model,(self.combine(neighbourhood_count_exits,compare_distance)))",0.18402643758529685,0.3357463610586836,128104.15817284584,1.0,1.0,1.0,0.0,0.0,0.0,1.0,1.0,0.0,0.0,0.0
4,5.0,"gate_out=self.get_min_select_exit(model,(self.combine(neighbourhood_count_exits,similarity_by_gender)))",0.5770118969888267,0.5770118969888267,128104.15817284584,1.0,1.0,0.0,0.0,0.0,1.0,1.0,0.0,0.0,1.0,0.0
4,5.0,"gate_out=self.randomly_select_exit(model,(neighbourhood_count_exits))",0.18645096895262686,0.33880075165499934,128104.15817284584,1.0,0.0,0.0,0.0,0.0,0.0,1.0,1.0,0.0,0.0,0.0
4,5.0,"gate_out=self.randomly_select_exit(model,(neighbourhood_count_exits))",0.18645096895262686,0.2331501218734658,128104.15817284584,1.0,0.0,0.0,0.0,0.0,0.0,1.0,1.0,0.0,0.0,0.0
4,5.0,"gate_out=self.randomly_select_exit(model,(neighbourhood_count_exits))",0.18645096895262686,0.3134330547187776,128104.15817284584,1.0,0.0,0.0,0.0,0.0,0.0,1.0,1.0,0.0,0.0,0.0
4,5.0,"gate_out=self.randomly_select_exit(model,(neighbourhood_count_exits))",0.18645096895262686,0.26718316365448525,128104.15817284584,1.0,0.0,0.0,0.0,0.0,0.0,1.0,1.0,0.0,0.0,0.0
4,5.0,"gate_out=self.randomly_select_exit(model,(self.combine(neighbourhood_count_exits,compare_distance)))",0.18402643758529685,0.1900297414782827,128104.15817284584,1.0,1.0,1.0,0.0,0.0,0.0,1.0,1.0,0.0,0.0,0.0
4,5.0,"gate_out=self.randomly_select_exit(model,(neighbourhood_count_exits))",0.18645096895262686,0.3004986862132314,128104.15817284584,1.0,0.0,0.0,0.0,0.0,0.0,1.0,1.0,0.0,0.0,0.0
4,5.0,"gate_out=self.randomly_select_exit(model,(neighbourhood_count_exits))",0.18645096895262686,0.35980191092444946,128104.15817284584,1.0,0.0,0.0,0.0,0.0,0.0,1.0,1.0,0.0,0.0,0.0
4,5.0,"gate_out=self.randomly_select_exit(model,(self.combine(compare_width,similarity_by_age)))",0.5502718882654045,0.5502718882654045,128104.15817284584,1.0,1.0,0.0,1.0,0.0,0.0,0.0,1.0,1.0,0.0,0.0
4,5.0,"gate_out=self.randomly_select_exit(model,(neighbourhood_count_exits))",0.18645096895262686,0.24005809518145987,128104.15817284584,1.0,0.0,0.0,0.0,0.0,0.0,1.0,1.0,0.0,0.0,0.0
4,5.0,"gate_out=self.randomly_select_exit(model,(self.combine(neighbourhood_count_exits,compare_distance)))",0.18402643758529685,0.22991787065949537,128104.15817284584,1.0,1.0,1.0,0.0,0.0,0.0,1.0,1.0,0.0,0.0,0.0
4,5.0,"gate_out=self.randomly_select_exit(model,(neighbourhood_count_exits))",0.18645096895262686,0.3059546652950274,128104.15817284584,1.0,0.0,0.0,0.0,0.0,0.0,1.0,1.0,0.0,0.0,0.0
4,5.0,"gate_out=self.randomly_select_exit(model,(self.combine(neighbourhood_count_exits,compare_distance)))",0.18402643758529685,0.3302760821232655,128104.15817284584,1.0,1.0,1.0,0.0,0.0,0.0,1.0,1.0,0.0,0.0,0.0
4,5.0,"gate_out=self.randomly_select_exit(model,(self.combine(self.combine(self.subtract(similarity_by_age,self.subtract(compare_distance,neighbourhood_count_exits)),self.combine(self.subtract(similarity_by_age,neighbourhood_count_exits),neighbourhood_count_exits)),compare_distance)))",0.31411078720647545,0.31411078720647545,128104.15817284584,1.0,3.0,2.0,0.0,0.0,0.0,3.0,1.0,2.0,0.0,3.0
4,5.0,"gate_out=self.randomly_select_exit(model,(self.combine(similarity_by_gender,compare_distance)))",0.5498419096770232,0.5498419096770232,128104.15817284584,1.0,1.0,1.0,0.0,0.0,0.0,0.0,1.0,0.0,1.0,0.0
4,5.0,"gate_out=self.randomly_select_exit(model,(neighbourhood_count_exits))",0.18645096895262686,0.3109225657460395,128104.15817284584,1.0,0.0,0.0,0.0,0.0,0.0,1.0,1.0,0.0,0.0,0.0
4,6.0,"gate_out=self.randomly_select_exit(model,(self.combine(neighbourhood_count_exits,compare_distance)))",0.18402643758529685,0.336104687131623,130869.92927742004,1.0,1.0,1.0,0.0,0.0,0.0,1.0,1.0,0.0,0.0,0.0
4,6.0,"gate_out=self.get_max_select_exit(model,(self.combine(neighbourhood_count_exits,neighbourhood_count_exits)))",0.5750535449655115,0.5764400083008299,130869.92927742004,1.0,1.0,0.0,0.0,1.0,0.0,2.0,0.0,0.0,0.0,0.0
4,6.0,"gate_out=self.randomly_select_exit(model,(self.combine(neighbourhood_count_exits,compare_distance)))",0.18402643758529685,0.20203519890353688,130869.92927742004,1.0,1.0,1.0,0.0,0.0,0.0,1.0,1.0,0.0,0.0,0.0
4,6.0,"gate_out=self.randomly_select_exit(model,(neighbourhood_count_exits))",0.18645096895262686,0.24416813347330504,130869.92927742004,1.0,0.0,0.0,0.0,0.0,0.0,1.0,1.0,0.0,0.0,0.0
4,6.0,"gate_out=self.randomly_select_exit(model,(self.combine(neighbourhood_count_exits,compare_distance)))",0.18402643758529685,0.28391071480924773,130869.92927742004,1.0,1.0,1.0,0.0,0.0,0.0,1.0,1.0,0.0,0.0,0.0
4,6.0,"gate_out=self.randomly_select_exit(model,(neighbourhood_count_exits))",0.18645096895262686,0.2502665669594445,130869.92927742004,1.0,0.0,0.0,0.0,0.0,0.0,1.0,1.0,0.0,0.0,0.0
4,6.0,"gate_out=self.randomly_select_exit(model,(self.combine(neighbourhood_count_exits,compare_distance)))",0.18402643758529685,0.28112225025576965,130869.92927742004,1.0,1.0,1.0,0.0,0.0,0.0,1.0,1.0,0.0,0.0,0.0
4,6.0,"gate_out=self.randomly_select_exit(model,(self.combine(neighbourhood_count_exits,compare_distance)))",0.18402643758529685,0.29756392944049653,130869.92927742004,1.0,1.0,1.0,0.0,0.0,0.0,1.0,1.0,0.0,0.0,0.0
4,6.0,"gate_out=self.randomly_select_exit(model,(self.combine(neighbourhood_count_exits,compare_distance)))",0.18402643758529685,0.3013216812314811,130869.92927742004,1.0,1.0,1.0,0.0,0.0,0.0,1.0,1.0,0.0,0.0,0.0
4,6.0,"gate_out=self.randomly_select_exit(model,(neighbourhood_count_exits))",0.18645096895262686,0.30861700009835813,130869.92927742004,1.0,0.0,0.0,0.0,0.0,0.0,1.0,1.0,0.0,0.0,0.0
4,6.0,"gate_out=self.randomly_select_exit(model,(self.combine(neighbourhood_count_exits,compare_distance)))",0.18402643758529685,0.3124974618868437,130869.92927742004,1.0,1.0,1.0,0.0,0.0,0.0,1.0,1.0,0.0,0.0,0.0
4,6.0,"gate_out=self.randomly_select_exit(model,(self.combine(neighbourhood_count_exits,compare_distance)))",0.18402643758529685,0.2848843880413929,130869.92927742004,1.0,1.0,1.0,0.0,0.0,0.0,1.0,1.0,0.0,0.0,0.0
4,6.0,"gate_out=self.randomly_select_exit(model,(compare_distance))",0.2269006185925318,0.416947449401069,130869.92927742004,1.0,0.0,1.0,0.0,0.0,0.0,0.0,1.0,0.0,0.0,0.0
4,6.0,"gate_out=self.randomly_select_exit(model,(self.combine(neighbourhood_count_exits,self.subtract(self.subtract(neighbourhood_count_exits,compare_distance),self.combine(similarity_by_age,similarity_by_age)))))",0.24711670186811008,0.24711670186811008,130869.92927742004,1.0,2.0,1.0,0.0,0.0,0.0,2.0,1.0,2.0,0.0,2.0
4,6.0,"gate_out=self.randomly_select_exit(model,(neighbourhood_count_exits))",0.18645096895262686,0.3551049767375833,130869.92927742004,1.0,0.0,0.0,0.0,0.0,0.0,1.0,1.0,0.0,0.0,0.0
4,6.0,"gate_out=self.randomly_select_exit(model,(self.combine(neighbourhood_count_exits,compare_distance)))",0.18402643758529685,0.34025651101108967,130869.92927742004,1.0,1.0,1.0,0.0,0.0,0.0,1.0,1.0,0.0,0.0,0.0
4,6.0,"gate_out=self.randomly_select_exit(model,(neighbourhood_count_exits))",0.18645096895262686,0.2891274793352435,130869.92927742004,1.0,0.0,0.0,0.0,0.0,0.0,1.0,1.0,0.0,0.0,0.0
4,6.0,"gate_out=self.randomly_select_exit(model,(neighbourhood_count_exits))",0.18645096895262686,0.23400891636108695,130869.92927742004,1.0,0.0,0.0,0.0,0.0,0.0,1.0,1.0,0.0,0.0,0.0
4,6.0,"gate_out=self.randomly_select_exit(model,(neighbourhood_count_exits))",0.18645096895262686,0.2901302139465183,130869.92927742004,1.0,0.0,0.0,0.0,0.0,0.0,1.0,1.0,0.0,0.0,0.0
4,6.0,"gate_out=self.randomly_select_exit(model,(self.combine(self.combine(neighbourhood_count_exits,self.combine(self.subtract(compare_distance,neighbourhood_count_exits),self.combine(self.subtract(similarity_by_gender,compare_width),self.combine(compare_width,compare_distance)))),compare_distance)))",0.5505278547034689,0.5505278547034689,130869.92927742004,1.0,5.0,3.0,2.0,0.0,0.0,2.0,1.0,0.0,1.0,2.0
4,6.0,"gate_out=self.randomly_select_exit(model,(self.subtract(self.subtract(compare_distance,similarity_by_gender),compare_distance)))",0.5502171460939899,0.5502171460939899,130869.92927742004,1.0,0.0,2.0,0.0,0.0,0.0,0.0,1.0,0.0,1.0,2.0
4,6.0,"gate_out=self.randomly_select_exit(model,(self.combine(neighbourhood_count_exits,compare_distance)))",0.18402643758529685,0.4376520596722718,130869.92927742004,1.0,1.0,1.0,0.0,0.0,0.0,1.0,1.0,0.0,0.0,0.0
4,6.0,"gate_out=self.get_max_select_exit(model,(compare_width))",0.5717347242836932,0.5730301589285223,130869.92927742004,1.0,0.0,0.0,1.0,1.0,0.0,0.0,0.0,0.0,0.0,0.0
4,6.0,"gate_out=self.randomly_select_exit(model,(neighbourhood_count_exits))",0.18645096895262686,0.2902231515312298,130869.92927742004,1.0,0.0,0.0,0.0,0.0,0.0,1.0,1.0,0.0,0.0,0.0
4,6.0,"gate_out=self.randomly_select_exit(model,(neighbourhood_count_exits))",0.18645096895262686,0.3132724278368593,130869.92927742004,1.0,0.0,0.0,0.0,0.0,0.0,1.0,1.0,0.0,0.0,0.0
4,6.0,"gate_out=self.randomly_select_exit(model,(self.combine(neighbourhood_count_exits,compare_distance)))",0.18402643758529685,0.39111125649003886,130869.92927742004,1.0,1.0,1.0,0.0,0.0,0.0,1.0,1.0,0.0,0.0,0.0
4,6.0,"gate_out=self.randomly_select_exit(model,(self.combine(compare_distance,compare_distance)))",0.19031742096021742,0.5011619287915225,130869.92927742004,1.0,1.0,2.0,0.0,0.0,0.0,0.0,1.0,0.0,0.0,0.0
4,6.0,"gate_out=self.randomly_select_exit(model,(self.combine(neighbourhood_count_exits,neighbourhood_count_exits)))",0.19064362103578392,0.246765631224612,130869.92927742004,1.0,1.0,0.0,0.0,0.0,0.0,2.0,1.0,0.0,0.0,0.0
4,6.0,"gate_out=self.randomly_select_exit(model,(neighbourhood_count_exits))",0.18645096895262686,0.21614319220348502,130869.92927742004,1.0,0.0,0.0,0.0,0.0,0.0,1.0,1.0,0.0,0.0,0.0
4,6.0,"gate_out=self.randomly_select_exit(model,(self.combine(neighbourhood_count_exits,compare_distance)))",0.18402643758529685,0.2656875271482758,130869.92927742004,1.0,1.0,1.0,0.0,0.0,0.0,1.0,1.0,0.0,0.0,0.0
4,6.0,"gate_out=self.randomly_select_exit(model,(self.combine(neighbourhood_count_exits,compare_distance)))",0.18402643758529685,0.36063797539691156,130869.92927742004,1.0,1.0,1.0,0.0,0.0,0.0,1.0,1.0,0.0,0.0,0.0
4,6.0,"gate_out=self.get_min_select_exit(model,(self.subtract(self.subtract(similarity_by_gender,neighbourhood_count_exits),compare_distance)))",0.5775416776290463,0.5775416776290463,130869.92927742004,1.0,0.0,1.0,0.0,0.0,1.0,1.0,0.0,0.0,1.0,2.0
4,6.0,"gate_out=self.randomly_select_exit(model,(self.combine(compare_distance,compare_distance)))",0.19031742096021742,0.41485726985571103,130869.92927742004,1.0,1.0,2.0,0.0,0.0,0.0,0.0,1.0,0.0,0.0,0.0
4,6.0,"gate_out=self.randomly_select_exit(model,(self.combine(neighbourhood_count_exits,neighbourhood_count_exits)))",0.19064362103578392,0.3088900302711079,130869.92927742004,1.0,1.0,0.0,0.0,0.0,0.0,2.0,1.0,0.0,0.0,0.0
4,6.0,"gate_out=self.randomly_select_exit(model,(self.subtract(self.subtract(neighbourhood_count_exits,similarity_by_gender),self.subtract(neighbourhood_count_exits,neighbourhood_count_exits))))",0.27258419761163394,0.27258419761163394,130869.92927742004,1.0,0.0,0.0,0.0,0.0,0.0,3.0,1.0,0.0,1.0,3.0
4,7.0,"gate_out=self.randomly_select_exit(model,(self.combine(neighbourhood_count_exits,compare_distance)))",0.18402643758529685,0.20340964958685054,133658.37092518806,1.0,1.0,1.0,0.0,0.0,0.0,1.0,1.0,0.0,0.0,0.0
4,7.0,"gate_out=self.randomly_select_exit(model,(self.combine(self.subtract(self.combine(neighbourhood_count_exits,similarity_by_gender),self.subtract(compare_width,compare_width)),compare_distance)))",0.34319689470157494,0.34319689470157494,133658.37092518806,1.0,2.0,1.0,2.0,0.0,0.0,1.0,1.0,0.0,1.0,2.0
4,7.0,"gate_out=self.randomly_select_exit(model,(self.combine(neighbourhood_count_exits,compare_distance)))",0.18402643758529685,0.35686164187573377,133658.37092518806,1.0,1.0,1.0,0.0,0.0,0.0,1.0,1.0,0.0,0.0,0.0
4,7.0,"gate_out=self.randomly_select_exit(model,(self.combine(neighbourhood_count_exits,neighbourhood_count_exits)))",0.19064362103578392,0.5244639477245862,133658.37092518806,1.0,1.0,0.0,0.0,0.0,0.0,2.0,1.0,0.0,0.0,0.0
4,7.0,"gate_out=self.randomly_select_exit(model,(self.combine(neighbourhood_count_exits,compare_distance)))",0.18402643758529685,0.31252446921313926,133658.37092518806,1.0,1.0,1.0,0.0,0.0,0.0,1.0,1.0,0.0,0.0,0.0
4,7.0,"gate_out=self.randomly_select_exit(model,(self.subtract(self.subtract(similarity_by_gender,similarity_by_gender),self.subtract(similarity_by_age,compare_distance))))",0.3856079212563267,0.3856079212563267,133658.37092518806,1.0,0.0,1.0,0.0,0.0,0.0,0.0,1.0,1.0,2.0,3.0
4,7.0,"gate_out=self.get_max_select_exit(model,(neighbourhood_count_exits))",0.575425290371328,0.5756677417173937,133658.37092518806,1.0,0.0,0.0,0.0,1.0,0.0,1.0,0.0,0.0,0.0,0.0
4,7.0,"gate_out=self.randomly_select_exit(model,(compare_distance))",0.2269006185925318,0.2600679941362862,133658.37092518806,1.0,0.0,1.0,0.0,0.0,0.0,0.0,1.0,0.0,0.0,0.0
4,7.0,"gate_out=self.randomly_select_exit(model,(self.combine(neighbourhood_count_exits,compare_distance)))",0.18402643758529685,0.2838014674499856,133658.37092518806,1.0,1.0,1.0,0.0,0.0,0.0,1.0,1.0,0.0,0.0,0.0
4,7.0,"gate_out=self.randomly_select_exit(model,(self.combine(compare_distance,compare_distance)))",0.19031742096021742,0.41514472340341635,133658.37092518806,1.0,1.0,2.0,0.0,0.0,0.0,0.0,1.0,0.0,0.0,0.0
4,7.0,"gate_out=self.randomly_select_exit(model,(self.combine(neighbourhood_count_exits,compare_distance)))",0.18402643758529685,0.23948187254251102,133658.37092518806,1.0,1.0,1.0,0.0,0.0,0.0,1.0,1.0,0.0,0.0,0.0
4,7.0,"gate_out=self.randomly_select_exit(model,(self.combine(compare_distance,compare_distance)))",0.19031742096021742,0.49257415128622434,133658.37092518806,1.0,1.0,2.0,0.0,0.0,0.0,0.0,1.0,0.0,0.0,0.0
4,7.0,"gate_out=self.randomly_select_exit(model,(self.combine(neighbourhood_count_exits,compare_distance)))",0.18402643758529685,0.2336278397001814,133658.37092518806,1.0,1.0,1.0,0.0,0.0,0.0,1.0,1.0,0.0,0.0,0.0
4,7.0,"gate_out=self.randomly_select_exit(model,(self.combine(neighbourhood_count_exits,compare_distance)))",0.18402643758529685,0.21965764149450828,133658.37092518806,1.0,1.0,1.0,0.0,0.0,0.0,1.0,1.0,0.0,0.0,0.0
4,7.0,"gate_out=self.randomly_select_exit(model,(neighbourhood_count_exits))",0.18645096895262686,0.25688179486266416,133658.37092518806,1.0,0.0,0.0,0.0,0.0,0.0,1.0,1.0,0.0,0.0,0.0
4,7.0,"gate_out=self.randomly_select_exit(model,(neighbourhood_count_exits))",0.18645096895262686,0.30554186039924264,133658.37092518806,1.0,0.0,0.0,0.0,0.0,0.0,1.0,1.0,0.0,0.0,0.0
4,7.0,"gate_out=self.randomly_select_exit(model,(self.combine(neighbourhood_count_exits,compare_distance)))",0.18402643758529685,0.2946997953352928,133658.37092518806,1.0,1.0,1.0,0.0,0.0,0.0,1.0,1.0,0.0,0.0,0.0
4,7.0,"gate_out=self.randomly_select_exit(model,(self.combine(compare_distance,compare_distance)))",0.19031742096021742,0.5495586397981256,133658.37092518806,1.0,1.0,2.0,0.0,0.0,0.0,0.0,1.0,0.0,0.0,0.0
4,7.0,"gate_out=self.randomly_select_exit(model,(self.combine(neighbourhood_count_exits,compare_distance)))",0.18402643758529685,0.2984289510635145,133658.37092518806,1.0,1.0,1.0,0.0,0.0,0.0,1.0,1.0,0.0,0.0,0.0
4,7.0,"gate_out=self.randomly_select_exit(model,(self.combine(neighbourhood_count_exits,compare_distance)))",0.18402643758529685,0.3207264656731211,133658.37092518806,1.0,1.0,1.0,0.0,0.0,0.0,1.0,1.0,0.0,0.0,0.0
4,7.0,"gate_out=self.randomly_select_exit(model,(self.combine(neighbourhood_count_exits,compare_distance)))",0.18402643758529685,0.31468843729551416,133658.37092518806,1.0,1.0,1.0,0.0,0.0,0.0,1.0,1.0,0.0,0.0,0.0
4,7.0,"gate_out=self.get_max_select_exit(model,(similarity_by_gender))",0.5719756068146744,0.5732591930079639,133658.37092518806,1.0,0.0,0.0,0.0,1.0,0.0,0.0,0.0,0.0,1.0,0.0
4,7.0,"gate_out=self.randomly_select_exit(model,(self.combine(neighbourhood_count_exits,compare_distance)))",0.18402643758529685,0.34512934263871553,133658.37092518806,1.0,1.0,1.0,0.0,0.0,0.0,1.0,1.0,0.0,0.0,0.0
4,7.0,"gate_out=self.randomly_select_exit(model,(self.combine(neighbourhood_count_exits,compare_distance)))",0.18402643758529685,0.3224173182802525,133658.37092518806,1.0,1.0,1.0,0.0,0.0,0.0,1.0,1.0,0.0,0.0,0.0
4,7.0,"gate_out=self.randomly_select_exit(model,(self.combine(neighbourhood_count_exits,compare_distance)))",0.18402643758529685,0.2507304378627162,133658.37092518806,1.0,1.0,1.0,0.0,0.0,0.0,1.0,1.0,0.0,0.0,0.0
4,7.0,"gate_out=self.randomly_select_exit(model,(self.combine(neighbourhood_count_exits,compare_distance)))",0.18402643758529685,0.36207272574047944,133658.37092518806,1.0,1.0,1.0,0.0,0.0,0.0,1.0,1.0,0.0,0.0,0.0
4,7.0,"gate_out=self.randomly_select_exit(model,(self.combine(neighbourhood_count_exits,compare_distance)))",0.18402643758529685,0.2662242609561949,133658.37092518806,1.0,1.0,1.0,0.0,0.0,0.0,1.0,1.0,0.0,0.0,0.0
4,7.0,"gate_out=self.randomly_select_exit(model,(self.combine(neighbourhood_count_exits,compare_distance)))",0.18402643758529685,0.2293061562352051,133658.37092518806,1.0,1.0,1.0,0.0,0.0,0.0,1.0,1.0,0.0,0.0,0.0
4,7.0,"gate_out=self.randomly_select_exit(model,(neighbourhood_count_exits))",0.18645096895262686,0.3827451793520258,133658.37092518806,1.0,0.0,0.0,0.0,0.0,0.0,1.0,1.0,0.0,0.0,0.0
4,7.0,"gate_out=self.randomly_select_exit(model,(self.combine(neighbourhood_count_exits,compare_distance)))",0.18402643758529685,0.2818122161141651,133658.37092518806,1.0,1.0,1.0,0.0,0.0,0.0,1.0,1.0,0.0,0.0,0.0
4,7.0,"gate_out=self.randomly_select_exit(model,(self.combine(neighbourhood_count_exits,compare_distance)))",0.18402643758529685,0.23076189067244923,133658.37092518806,1.0,1.0,1.0,0.0,0.0,0.0,1.0,1.0,0.0,0.0,0.0
4,7.0,"gate_out=self.randomly_select_exit(model,(self.combine(neighbourhood_count_exits,self.subtract(self.subtract(neighbourhood_count_exits,compare_distance),self.combine(similarity_by_age,similarity_by_age)))))",0.24711670186811008,0.39594633964958226,133658.37092518806,1.0,2.0,1.0,0.0,0.0,0.0,2.0,1.0,2.0,0.0,2.0
4,7.0,"gate_out=self.randomly_select_exit(model,(neighbourhood_count_exits))",0.18645096895262686,0.27397341962536936,133658.37092518806,1.0,0.0,0.0,0.0,0.0,0.0,1.0,1.0,0.0,0.0,0.0
4,7.0,"gate_out=self.randomly_select_exit(model,(self.combine(neighbourhood_count_exits,compare_distance)))",0.18402643758529685,0.23747598255538693,133658.37092518806,1.0,1.0,1.0,0.0,0.0,0.0,1.0,1.0,0.0,0.0,0.0
4,7.0,"gate_out=self.randomly_select_exit(model,(self.combine(neighbourhood_count_exits,compare_distance)))",0.18402643758529685,0.23388859738950124,133658.37092518806,1.0,1.0,1.0,0.0,0.0,0.0,1.0,1.0,0.0,0.0,0.0
4,8.0,"gate_out=self.randomly_select_exit(model,(self.combine(neighbourhood_count_exits,compare_distance)))",0.18402643758529685,0.3723355114972651,136479.0918829441,1.0,1.0,1.0,0.0,0.0,0.0,1.0,1.0,0.0,0.0,0.0
4,8.0,"gate_out=self.randomly_select_exit(model,(self.combine(neighbourhood_count_exits,compare_distance)))",0.18402643758529685,0.36467529917108593,136479.0918829441,1.0,1.0,1.0,0.0,0.0,0.0,1.0,1.0,0.0,0.0,0.0
4,8.0,"gate_out=self.randomly_select_exit(model,(neighbourhood_count_exits))",0.18645096895262686,0.37554029487973895,136479.0918829441,1.0,0.0,0.0,0.0,0.0,0.0,1.0,1.0,0.0,0.0,0.0
4,8.0,"gate_out=self.randomly_select_exit(model,(self.combine(self.subtract(self.subtract(similarity_by_gender,self.subtract(compare_distance,similarity_by_gender)),self.subtract(self.combine(similarity_by_age,compare_distance),self.subtract(compare_width,compare_distance))),compare_distance)))",0.5514377332682019,0.5514377332682019,136479.0918829441,1.0,2.0,4.0,1.0,0.0,0.0,0.0,1.0,1.0,2.0,5.0
4,8.0,"gate_out=self.randomly_select_exit(model,(self.combine(neighbourhood_count_exits,compare_distance)))",0.18402643758529685,0.3567984292155152,136479.0918829441,1.0,1.0,1.0,0.0,0.0,0.0,1.0,1.0,0.0,0.0,0.0
4,8.0,"gate_out=self.randomly_select_exit(model,(self.combine(neighbourhood_count_exits,compare_distance)))",0.18402643758529685,0.3619629259424322,136479.0918829441,1.0,1.0,1.0,0.0,0.0,0.0,1.0,1.0,0.0,0.0,0.0
4,8.0,"gate_out=self.get_min_select_exit(model,(compare_width))",0.5725040746282833,0.5740305116891254,136479.0918829441,1.0,0.0,0.0,1.0,0.0,1.0,0.0,0.0,0.0,0.0,0.0
4,8.0,"gate_out=self.randomly_select_exit(model,(self.combine(neighbourhood_count_exits,neighbourhood_count_exits)))",0.19064362103578392,0.3941376816336186,136479.0918829441,1.0,1.0,0.0,0.0,0.0,0.0,2.0,1.0,0.0,0.0,0.0
4,8.0,"gate_out=self.randomly_select_exit(model,(self.combine(neighbourhood_count_exits,compare_distance)))",0.18402643758529685,0.4368033286608211,136479.0918829441,1.0,1.0,1.0,0.0,0.0,0.0,1.0,1.0,0.0,0.0,0.0
4,8.0,"gate_out=self.randomly_select_exit(model,(self.combine(neighbourhood_count_exits,self.combine(self.combine(self.subtract(compare_width,compare_distance),similarity_by_age),self.subtract(self.subtract(similarity_by_age,similarity_by_age),neighbourhood_count_exits)))))",0.5519766455440203,0.5519766455440203,136479.0918829441,1.0,3.0,1.0,1.0,0.0,0.0,2.0,1.0,3.0,0.0,3.0
4,8.0,"gate_out=self.randomly_select_exit(model,(self.combine(neighbourhood_count_exits,compare_distance)))",0.18402643758529685,0.35012120210839615,136479.0918829441,1.0,1.0,1.0,0.0,0.0,0.0,1.0,1.0,0.0,0.0,0.0
4,8.0,"gate_out=self.randomly_select_exit(model,(self.combine(neighbourhood_count_exits,compare_distance)))",0.18402643758529685,0.29307599276053287,136479.0918829441,1.0,1.0,1.0,0.0,0.0,0.0,1.0,1.0,0.0,0.0,0.0
4,8.0,"gate_out=self.randomly_select_exit(model,(self.combine(compare_distance,compare_distance)))",0.19031742096021742,0.35723423303084423,136479.0918829441,1.0,1.0,2.0,0.0,0.0,0.0,0.0,1.0,0.0,0.0,0.0
4,8.0,"gate_out=self.randomly_select_exit(model,(self.combine(neighbourhood_count_exits,compare_distance)))",0.18402643758529685,0.3086800766806038,136479.0918829441,1.0,1.0,1.0,0.0,0.0,0.0,1.0,1.0,0.0,0.0,0.0
4,8.0,"gate_out=self.randomly_select_exit(model,(self.combine(neighbourhood_count_exits,compare_distance)))",0.18402643758529685,0.27116717227059073,136479.0918829441,1.0,1.0,1.0,0.0,0.0,0.0,1.0,1.0,0.0,0.0,0.0
4,8.0,"gate_out=self.randomly_select_exit(model,(self.combine(neighbourhood_count_exits,compare_distance)))",0.18402643758529685,0.38440224120965455,136479.0918829441,1.0,1.0,1.0,0.0,0.0,0.0,1.0,1.0,0.0,0.0,0.0
4,8.0,"gate_out=self.randomly_select_exit(model,(compare_distance))",0.2269006185925318,0.5493307825445929,136479.0918829441,1.0,0.0,1.0,0.0,0.0,0.0,0.0,1.0,0.0,0.0,0.0
4,8.0,"gate_out=self.randomly_select_exit(model,(self.combine(neighbourhood_count_exits,self.combine(self.subtract(self.subtract(compare_distance,self.combine(compare_distance,similarity_by_gender)),self.subtract(self.subtract(compare_width,compare_distance),compare_distance)),compare_distance))))",0.5493048435799448,0.5493048435799448,136479.0918829441,1.0,3.0,5.0,1.0,0.0,0.0,1.0,1.0,0.0,1.0,4.0
4,8.0,"gate_out=self.randomly_select_exit(model,(self.combine(neighbourhood_count_exits,compare_distance)))",0.18402643758529685,0.3106217135443724,136479.0918829441,1.0,1.0,1.0,0.0,0.0,0.0,1.0,1.0,0.0,0.0,0.0
4,8.0,"gate_out=self.randomly_select_exit(model,(self.combine(neighbourhood_count_exits,compare_distance)))",0.18402643758529685,0.290926735820387,136479.0918829441,1.0,1.0,1.0,0.0,0.0,0.0,1.0,1.0,0.0,0.0,0.0
4,8.0,"gate_out=self.randomly_select_exit(model,(self.combine(neighbourhood_count_exits,self.combine(neighbourhood_count_exits,compare_distance))))",0.18670994296312712,0.43996490231338453,136479.0918829441,1.0,2.0,1.0,0.0,0.0,0.0,2.0,1.0,0.0,0.0,0.0
4,8.0,"gate_out=self.randomly_select_exit(model,(compare_distance))",0.2269006185925318,0.31714971153909216,136479.0918829441,1.0,0.0,1.0,0.0,0.0,0.0,0.0,1.0,0.0,0.0,0.0
4,8.0,"gate_out=self.randomly_select_exit(model,(self.combine(neighbourhood_count_exits,compare_distance)))",0.18402643758529685,0.25166775260934926,136479.0918829441,1.0,1.0,1.0,0.0,0.0,0.0,1.0,1.0,0.0,0.0,0.0
4,8.0,"gate_out=self.randomly_select_exit(model,(self.combine(neighbourhood_count_exits,compare_distance)))",0.18402643758529685,0.23367444841772167,136479.0918829441,1.0,1.0,1.0,0.0,0.0,0.0,1.0,1.0,0.0,0.0,0.0
4,8.0,"gate_out=self.randomly_select_exit(model,(compare_distance))",0.2269006185925318,0.36687411033602807,136479.0918829441,1.0,0.0,1.0,0.0,0.0,0.0,0.0,1.0,0.0,0.0,0.0
4,8.0,"gate_out=self.randomly_select_exit(model,(self.combine(neighbourhood_count_exits,self.combine(neighbourhood_count_exits,compare_distance))))",0.18670994296312712,0.29412189143955414,136479.0918829441,1.0,2.0,1.0,0.0,0.0,0.0,2.0,1.0,0.0,0.0,0.0
4,8.0,"gate_out=self.randomly_select_exit(model,(self.combine(neighbourhood_count_exits,compare_distance)))",0.18402643758529685,0.28360650046192737,136479.0918829441,1.0,1.0,1.0,0.0,0.0,0.0,1.0,1.0,0.0,0.0,0.0
4,8.0,"gate_out=self.randomly_select_exit(model,(self.combine(neighbourhood_count_exits,compare_distance)))",0.18402643758529685,0.3113843320507283,136479.0918829441,1.0,1.0,1.0,0.0,0.0,0.0,1.0,1.0,0.0,0.0,0.0
4,8.0,"gate_out=self.randomly_select_exit(model,(self.combine(neighbourhood_count_exits,compare_distance)))",0.18402643758529685,0.33531197075622543,136479.0918829441,1.0,1.0,1.0,0.0,0.0,0.0,1.0,1.0,0.0,0.0,0.0
4,8.0,"gate_out=self.randomly_select_exit(model,(self.combine(neighbourhood_count_exits,compare_distance)))",0.18402643758529685,0.3243244799573632,136479.0918829441,1.0,1.0,1.0,0.0,0.0,0.0,1.0,1.0,0.0,0.0,0.0
4,8.0,"gate_out=self.get_min_select_exit(model,(compare_width))",0.5725040746282833,0.5731886683672796,136479.0918829441,1.0,0.0,0.0,1.0,0.0,1.0,0.0,0.0,0.0,0.0,0.0
4,8.0,"gate_out=self.randomly_select_exit(model,(self.combine(neighbourhood_count_exits,compare_distance)))",0.18402643758529685,0.3100381775445057,136479.0918829441,1.0,1.0,1.0,0.0,0.0,0.0,1.0,1.0,0.0,0.0,0.0
4,8.0,"gate_out=self.randomly_select_exit(model,(self.combine(neighbourhood_count_exits,compare_distance)))",0.18402643758529685,0.2668718488502358,136479.0918829441,1.0,1.0,1.0,0.0,0.0,0.0,1.0,1.0,0.0,0.0,0.0
4,8.0,"gate_out=self.randomly_select_exit(model,(self.combine(neighbourhood_count_exits,compare_distance)))",0.18402643758529685,0.2603636882956867,136479.0918829441,1.0,1.0,1.0,0.0,0.0,0.0,1.0,1.0,0.0,0.0,0.0
4,8.0,"gate_out=self.randomly_select_exit(model,(self.combine(neighbourhood_count_exits,compare_distance)))",0.18402643758529685,0.23810925975811545,136479.0918829441,1.0,1.0,1.0,0.0,0.0,0.0,1.0,1.0,0.0,0.0,0.0
4,9.0,"gate_out=self.randomly_select_exit(model,(self.combine(neighbourhood_count_exits,compare_distance)))",0.18402643758529685,0.38052117611591124,139079.06219553947,1.0,1.0,1.0,0.0,0.0,0.0,1.0,1.0,0.0,0.0,0.0
4,9.0,"gate_out=self.randomly_select_exit(model,(self.combine(neighbourhood_count_exits,compare_distance)))",0.18402643758529685,0.3006428994968654,139079.06219553947,1.0,1.0,1.0,0.0,0.0,0.0,1.0,1.0,0.0,0.0,0.0
4,9.0,"gate_out=self.randomly_select_exit(model,(self.combine(neighbourhood_count_exits,self.subtract(self.combine(similarity_by_gender,compare_distance),self.subtract(neighbourhood_count_exits,similarity_by_age)))))",0.5491440693395019,0.5491440693395019,139079.06219553947,1.0,2.0,1.0,0.0,0.0,0.0,2.0,1.0,1.0,1.0,2.0
4,9.0,"gate_out=self.randomly_select_exit(model,(self.combine(neighbourhood_count_exits,compare_distance)))",0.18402643758529685,0.287153716228608,139079.06219553947,1.0,1.0,1.0,0.0,0.0,0.0,1.0,1.0,0.0,0.0,0.0
4,9.0,"gate_out=self.randomly_select_exit(model,(compare_width))",0.5509280454945509,0.5521714320054829,139079.06219553947,1.0,0.0,0.0,1.0,0.0,0.0,0.0,1.0,0.0,0.0,0.0
4,9.0,"gate_out=self.randomly_select_exit(model,(self.combine(neighbourhood_count_exits,compare_distance)))",0.18402643758529685,0.30673527568893183,139079.06219553947,1.0,1.0,1.0,0.0,0.0,0.0,1.0,1.0,0.0,0.0,0.0
4,9.0,"gate_out=self.randomly_select_exit(model,(self.combine(neighbourhood_count_exits,compare_distance)))",0.18402643758529685,0.3658015157265756,139079.06219553947,1.0,1.0,1.0,0.0,0.0,0.0,1.0,1.0,0.0,0.0,0.0
4,9.0,"gate_out=self.randomly_select_exit(model,(self.combine(neighbourhood_count_exits,compare_distance)))",0.18402643758529685,0.36327022699238687,139079.06219553947,1.0,1.0,1.0,0.0,0.0,0.0,1.0,1.0,0.0,0.0,0.0
4,9.0,"gate_out=self.randomly_select_exit(model,(self.combine(neighbourhood_count_exits,compare_distance)))",0.18402643758529685,0.3035355193510496,139079.06219553947,1.0,1.0,1.0,0.0,0.0,0.0,1.0,1.0,0.0,0.0,0.0
4,9.0,"gate_out=self.randomly_select_exit(model,(self.combine(neighbourhood_count_exits,compare_distance)))",0.18402643758529685,0.2876503142300753,139079.06219553947,1.0,1.0,1.0,0.0,0.0,0.0,1.0,1.0,0.0,0.0,0.0
4,9.0,"gate_out=self.randomly_select_exit(model,(self.combine(neighbourhood_count_exits,compare_distance)))",0.18402643758529685,0.38961315944284924,139079.06219553947,1.0,1.0,1.0,0.0,0.0,0.0,1.0,1.0,0.0,0.0,0.0
4,9.0,"gate_out=self.randomly_select_exit(model,(self.combine(neighbourhood_count_exits,compare_distance)))",0.18402643758529685,0.304013090457417,139079.06219553947,1.0,1.0,1.0,0.0,0.0,0.0,1.0,1.0,0.0,0.0,0.0
4,9.0,"gate_out=self.randomly_select_exit(model,(self.combine(self.subtract(self.subtract(neighbourhood_count_exits,neighbourhood_count_exits),self.subtract(compare_width,compare_width)),compare_distance)))",0.29782019467190185,0.29782019467190185,139079.06219553947,1.0,1.0,1.0,2.0,0.0,0.0,2.0,1.0,0.0,0.0,3.0
4,9.0,"gate_out=self.randomly_select_exit(model,(self.combine(neighbourhood_count_exits,compare_distance)))",0.18402643758529685,0.36819822172120376,139079.06219553947,1.0,1.0,1.0,0.0,0.0,0.0,1.0,1.0,0.0,0.0,0.0
4,9.0,"gate_out=self.randomly_select_exit(model,(self.combine(neighbourhood_count_exits,self.combine(self.combine(similarity_by_gender,neighbourhood_count_exits),self.combine(neighbourhood_count_exits,self.combine(similarity_by_age,compare_distance))))))",0.3969930948617989,0.3969930948617989,139079.06219553947,1.0,5.0,1.0,0.0,0.0,0.0,3.0,1.0,1.0,1.0,0.0
4,9.0,"gate_out=self.randomly_select_exit(model,(self.combine(self.subtract(self.combine(compare_width,neighbourhood_count_exits),self.combine(compare_distance,compare_width)),compare_distance)))",0.33469587390725697,0.33469587390725697,139079.06219553947,1.0,3.0,2.0,2.0,0.0,0.0,1.0,1.0,0.0,0.0,1.0
4,9.0,"gate_out=self.randomly_select_exit(model,(self.combine(self.subtract(self.subtract(self.subtract(similarity_by_gender,neighbourhood_count_exits),compare_width),self.combine(similarity_by_age,similarity_by_gender)),compare_distance)))",0.5037297037524114,0.5037297037524114,139079.06219553947,1.0,2.0,1.0,1.0,0.0,0.0,1.0,1.0,1.0,2.0,3.0
4,9.0,"gate_out=self.get_max_select_exit(model,(self.combine(similarity_by_gender,similarity_by_age)))",0.5714102773967652,0.5742033003261481,139079.06219553947,1.0,1.0,0.0,0.0,1.0,0.0,0.0,0.0,1.0,1.0,0.0
4,9.0,"gate_out=self.get_min_select_exit(model,(similarity_by_gender))",0.5752921912763618,0.5763787912406392,139079.06219553947,1.0,0.0,0.0,0.0,0.0,1.0,0.0,0.0,0.0,1.0,0.0
4,9.0,"gate_out=self.get_min_select_exit(model,(self.combine(neighbourhood_count_exits,compare_distance)))",0.5754720340662515,0.5768117809114767,139079.06219553947,1.0,1.0,1.0,0.0,0.0,1.0,1.0,0.0,0.0,0.0,0.0
4,9.0,"gate_out=self.randomly_select_exit(model,(self.combine(neighbourhood_count_exits,compare_distance)))",0.18402643758529685,0.4869315839391452,139079.06219553947,1.0,1.0,1.0,0.0,0.0,0.0,1.0,1.0,0.0,0.0,0.0
4,9.0,"gate_out=self.randomly_select_exit(model,(self.combine(neighbourhood_count_exits,compare_distance)))",0.18402643758529685,0.3495659625361823,139079.06219553947,1.0,1.0,1.0,0.0,0.0,0.0,1.0,1.0,0.0,0.0,0.0
4,9.0,"gate_out=self.randomly_select_exit(model,(self.combine(neighbourhood_count_exits,compare_distance)))",0.18402643758529685,0.3381461647839178,139079.06219553947,1.0,1.0,1.0,0.0,0.0,0.0,1.0,1.0,0.0,0.0,0.0
4,9.0,"gate_out=self.randomly_select_exit(model,(self.combine(neighbourhood_count_exits,compare_distance)))",0.18402643758529685,0.39787229635272653,139079.06219553947,1.0,1.0,1.0,0.0,0.0,0.0,1.0,1.0,0.0,0.0,0.0
4,9.0,"gate_out=self.randomly_select_exit(model,(neighbourhood_count_exits))",0.18645096895262686,0.2658475376692983,139079.06219553947,1.0,0.0,0.0,0.0,0.0,0.0,1.0,1.0,0.0,0.0,0.0
4,9.0,"gate_out=self.randomly_select_exit(model,(self.combine(self.combine(neighbourhood_count_exits,compare_distance),compare_distance)))",0.2254685841018032,0.3993004279228446,139079.06219553947,1.0,2.0,2.0,0.0,0.0,0.0,1.0,1.0,0.0,0.0,0.0
4,9.0,"gate_out=self.randomly_select_exit(model,(self.combine(neighbourhood_count_exits,compare_distance)))",0.18402643758529685,0.23841948763509416,139079.06219553947,1.0,1.0,1.0,0.0,0.0,0.0,1.0,1.0,0.0,0.0,0.0
4,9.0,"gate_out=self.get_min_select_exit(model,(self.combine(neighbourhood_count_exits,compare_distance)))",0.5754720340662515,0.5754720340662515,139079.06219553947,1.0,1.0,1.0,0.0,0.0,1.0,1.0,0.0,0.0,0.0,0.0
4,9.0,"gate_out=self.randomly_select_exit(model,(self.combine(neighbourhood_count_exits,self.subtract(self.subtract(compare_distance,neighbourhood_count_exits),self.combine(similarity_by_gender,compare_width)))))",0.5495360761071386,0.5495360761071386,139079.06219553947,1.0,2.0,1.0,1.0,0.0,0.0,2.0,1.0,0.0,1.0,2.0
4,9.0,"gate_out=self.randomly_select_exit(model,(self.combine(neighbourhood_count_exits,compare_distance)))",0.18402643758529685,0.27660757183555784,139079.06219553947,1.0,1.0,1.0,0.0,0.0,0.0,1.0,1.0,0.0,0.0,0.0
4,9.0,"gate_out=self.randomly_select_exit(model,(self.combine(neighbourhood_count_exits,compare_distance)))",0.18402643758529685,0.34365474627529663,139079.06219553947,1.0,1.0,1.0,0.0,0.0,0.0,1.0,1.0,0.0,0.0,0.0
4,9.0,"gate_out=self.randomly_select_exit(model,(self.combine(neighbourhood_count_exits,compare_distance)))",0.18402643758529685,0.3962522115204396,139079.06219553947,1.0,1.0,1.0,0.0,0.0,0.0,1.0,1.0,0.0,0.0,0.0
4,9.0,"gate_out=self.get_max_select_exit(model,(neighbourhood_count_exits))",0.575425290371328,0.5770563714037231,139079.06219553947,1.0,0.0,0.0,0.0,1.0,0.0,1.0,0.0,0.0,0.0,0.0
4,9.0,"gate_out=self.randomly_select_exit(model,(self.combine(neighbourhood_count_exits,compare_distance)))",0.18402643758529685,0.29436037892634775,139079.06219553947,1.0,1.0,1.0,0.0,0.0,0.0,1.0,1.0,0.0,0.0,0.0
4,9.0,"gate_out=self.randomly_select_exit(model,(self.combine(neighbourhood_count_exits,compare_distance)))",0.18402643758529685,0.36293078683184077,139079.06219553947,1.0,1.0,1.0,0.0,0.0,0.0,1.0,1.0,0.0,0.0,0.0
4,10.0,"gate_out=self.randomly_select_exit(model,(self.combine(neighbourhood_count_exits,self.subtract(self.combine(similarity_by_gender,compare_distance),self.subtract(neighbourhood_count_exits,similarity_by_age)))))",0.5491440693395019,0.5501374432238869,142045.44817376137,1.0,2.0,1.0,0.0,0.0,0.0,2.0,1.0,1.0,1.0,2.0
4,10.0,"gate_out=self.randomly_select_exit(model,(self.combine(neighbourhood_count_exits,compare_distance)))",0.18402643758529685,0.26933710450866083,142045.44817376137,1.0,1.0,1.0,0.0,0.0,0.0,1.0,1.0,0.0,0.0,0.0
4,10.0,"gate_out=self.randomly_select_exit(model,(compare_distance))",0.2269006185925318,0.3399047204460435,142045.44817376137,1.0,0.0,1.0,0.0,0.0,0.0,0.0,1.0,0.0,0.0,0.0
4,10.0,"gate_out=self.randomly_select_exit(model,(self.combine(neighbourhood_count_exits,self.combine(neighbourhood_count_exits,compare_distance))))",0.18670994296312712,0.2835564099123262,142045.44817376137,1.0,2.0,1.0,0.0,0.0,0.0,2.0,1.0,0.0,0.0,0.0
4,10.0,"gate_out=self.randomly_select_exit(model,(self.combine(neighbourhood_count_exits,compare_distance)))",0.18402643758529685,0.32730450186455023,142045.44817376137,1.0,1.0,1.0,0.0,0.0,0.0,1.0,1.0,0.0,0.0,0.0
4,10.0,"gate_out=self.randomly_select_exit(model,(self.combine(self.subtract(self.combine(compare_width,neighbourhood_count_exits),self.combine(compare_width,compare_distance)),compare_distance)))",0.2622796988422906,0.2622796988422906,142045.44817376137,1.0,3.0,2.0,2.0,0.0,0.0,1.0,1.0,0.0,0.0,1.0
4,10.0,"gate_out=self.randomly_select_exit(model,(self.combine(neighbourhood_count_exits,compare_distance)))",0.18402643758529685,0.2821211823581388,142045.44817376137,1.0,1.0,1.0,0.0,0.0,0.0,1.0,1.0,0.0,0.0,0.0
4,10.0,"gate_out=self.randomly_select_exit(model,(self.combine(neighbourhood_count_exits,compare_distance)))",0.18402643758529685,0.2800889576417242,142045.44817376137,1.0,1.0,1.0,0.0,0.0,0.0,1.0,1.0,0.0,0.0,0.0
4,10.0,"gate_out=self.randomly_select_exit(model,(self.combine(self.subtract(self.combine(compare_width,neighbourhood_count_exits),self.combine(compare_distance,self.subtract(self.subtract(self.combine(similarity_by_gender,similarity_by_age),similarity_by_gender),self.combine(neighbourhood_count_exits,compare_distance)))),compare_distance)))",0.4352898280224313,0.4352898280224313,142045.44817376137,1.0,5.0,3.0,1.0,0.0,0.0,2.0,1.0,1.0,2.0,3.0
4,10.0,"gate_out=self.randomly_select_exit(model,(self.combine(self.combine(compare_distance,similarity_by_age),self.combine(compare_distance,compare_distance))))",0.5501589555604567,0.5501589555604567,142045.44817376137,1.0,3.0,3.0,0.0,0.0,0.0,0.0,1.0,1.0,0.0,0.0
4,10.0,"gate_out=self.randomly_select_exit(model,(self.combine(neighbourhood_count_exits,compare_distance)))",0.18402643758529685,0.22948773952729584,142045.44817376137,1.0,1.0,1.0,0.0,0.0,0.0,1.0,1.0,0.0,0.0,0.0
4,10.0,"gate_out=self.randomly_select_exit(model,(self.combine(neighbourhood_count_exits,compare_distance)))",0.18402643758529685,0.3903431523736046,142045.44817376137,1.0,1.0,1.0,0.0,0.0,0.0,1.0,1.0,0.0,0.0,0.0
4,10.0,"gate_out=self.randomly_select_exit(model,(self.combine(neighbourhood_count_exits,compare_distance)))",0.18402643758529685,0.28095016926617844,142045.44817376137,1.0,1.0,1.0,0.0,0.0,0.0,1.0,1.0,0.0,0.0,0.0
4,10.0,"gate_out=self.randomly_select_exit(model,(self.combine(neighbourhood_count_exits,compare_distance)))",0.18402643758529685,0.45908522917516625,142045.44817376137,1.0,1.0,1.0,0.0,0.0,0.0,1.0,1.0,0.0,0.0,0.0
4,10.0,"gate_out=self.randomly_select_exit(model,(self.combine(neighbourhood_count_exits,compare_distance)))",0.18402643758529685,0.2991517826573556,142045.44817376137,1.0,1.0,1.0,0.0,0.0,0.0,1.0,1.0,0.0,0.0,0.0
4,10.0,"gate_out=self.randomly_select_exit(model,(self.combine(neighbourhood_count_exits,compare_distance)))",0.18402643758529685,0.3534827193030494,142045.44817376137,1.0,1.0,1.0,0.0,0.0,0.0,1.0,1.0,0.0,0.0,0.0
4,10.0,"gate_out=self.randomly_select_exit(model,(self.combine(neighbourhood_count_exits,compare_distance)))",0.18402643758529685,0.29852323757547844,142045.44817376137,1.0,1.0,1.0,0.0,0.0,0.0,1.0,1.0,0.0,0.0,0.0
4,10.0,"gate_out=self.randomly_select_exit(model,(self.combine(neighbourhood_count_exits,compare_distance)))",0.18402643758529685,0.29248925435928536,142045.44817376137,1.0,1.0,1.0,0.0,0.0,0.0,1.0,1.0,0.0,0.0,0.0
4,10.0,"gate_out=self.randomly_select_exit(model,(self.combine(neighbourhood_count_exits,compare_distance)))",0.18402643758529685,0.3020587342013278,142045.44817376137,1.0,1.0,1.0,0.0,0.0,0.0,1.0,1.0,0.0,0.0,0.0
4,10.0,"gate_out=self.randomly_select_exit(model,(self.combine(neighbourhood_count_exits,compare_distance)))",0.18402643758529685,0.24001671867438187,142045.44817376137,1.0,1.0,1.0,0.0,0.0,0.0,1.0,1.0,0.0,0.0,0.0
4,10.0,"gate_out=self.randomly_select_exit(model,(self.combine(neighbourhood_count_exits,self.combine(neighbourhood_count_exits,compare_distance))))",0.18670994296312712,0.3024454498245716,142045.44817376137,1.0,2.0,1.0,0.0,0.0,0.0,2.0,1.0,0.0,0.0,0.0
4,10.0,"gate_out=self.randomly_select_exit(model,(compare_distance))",0.2269006185925318,0.3590788437550468,142045.44817376137,1.0,0.0,1.0,0.0,0.0,0.0,0.0,1.0,0.0,0.0,0.0
4,10.0,"gate_out=self.randomly_select_exit(model,(self.combine(self.combine(self.combine(neighbourhood_count_exits,compare_distance),compare_distance),compare_distance)))",0.2168432758203554,0.2168432758203554,142045.44817376137,1.0,3.0,3.0,0.0,0.0,0.0,1.0,1.0,0.0,0.0,0.0
4,10.0,"gate_out=self.randomly_select_exit(model,(neighbourhood_count_exits))",0.18645096895262686,0.23177028719959847,142045.44817376137,1.0,0.0,0.0,0.0,0.0,0.0,1.0,1.0,0.0,0.0,0.0
4,10.0,"gate_out=self.randomly_select_exit(model,(self.combine(neighbourhood_count_exits,compare_distance)))",0.18402643758529685,0.2962470437459013,142045.44817376137,1.0,1.0,1.0,0.0,0.0,0.0,1.0,1.0,0.0,0.0,0.0
4,10.0,"gate_out=self.randomly_select_exit(model,(self.combine(neighbourhood_count_exits,compare_distance)))",0.18402643758529685,0.35348351193581384,142045.44817376137,1.0,1.0,1.0,0.0,0.0,0.0,1.0,1.0,0.0,0.0,0.0
4,10.0,"gate_out=self.randomly_select_exit(model,(self.combine(neighbourhood_count_exits,compare_distance)))",0.18402643758529685,0.28205409766912587,142045.44817376137,1.0,1.0,1.0,0.0,0.0,0.0,1.0,1.0,0.0,0.0,0.0
4,10.0,"gate_out=self.randomly_select_exit(model,(self.combine(neighbourhood_count_exits,compare_distance)))",0.18402643758529685,0.25098991284112027,142045.44817376137,1.0,1.0,1.0,0.0,0.0,0.0,1.0,1.0,0.0,0.0,0.0
4,10.0,"gate_out=self.randomly_select_exit(model,(self.combine(neighbourhood_count_exits,compare_distance)))",0.18402643758529685,0.274108664354261,142045.44817376137,1.0,1.0,1.0,0.0,0.0,0.0,1.0,1.0,0.0,0.0,0.0
4,10.0,"gate_out=self.randomly_select_exit(model,(self.combine(neighbourhood_count_exits,compare_distance)))",0.18402643758529685,0.32132599014504926,142045.44817376137,1.0,1.0,1.0,0.0,0.0,0.0,1.0,1.0,0.0,0.0,0.0
4,10.0,"gate_out=self.randomly_select_exit(model,(self.combine(neighbourhood_count_exits,compare_distance)))",0.18402643758529685,0.3420162065470784,142045.44817376137,1.0,1.0,1.0,0.0,0.0,0.0,1.0,1.0,0.0,0.0,0.0
4,10.0,"gate_out=self.randomly_select_exit(model,(self.subtract(self.combine(compare_distance,compare_width),self.subtract(compare_width,compare_width))))",0.5506005017499147,0.5506005017499147,142045.44817376137,1.0,1.0,1.0,3.0,0.0,0.0,0.0,1.0,0.0,0.0,2.0
4,10.0,"gate_out=self.randomly_select_exit(model,(self.combine(neighbourhood_count_exits,compare_distance)))",0.18402643758529685,0.28321055494501024,142045.44817376137,1.0,1.0,1.0,0.0,0.0,0.0,1.0,1.0,0.0,0.0,0.0
4,10.0,"gate_out=self.randomly_select_exit(model,(self.combine(neighbourhood_count_exits,compare_distance)))",0.18402643758529685,0.42598324527219183,142045.44817376137,1.0,1.0,1.0,0.0,0.0,0.0,1.0,1.0,0.0,0.0,0.0
4,10.0,"gate_out=self.randomly_select_exit(model,(self.combine(neighbourhood_count_exits,compare_distance)))",0.18402643758529685,0.4411348068428953,142045.44817376137,1.0,1.0,1.0,0.0,0.0,0.0,1.0,1.0,0.0,0.0,0.0
